RouteStart,RouteEnd,llm_generated
ITAPECERICA DA SERRA (PARQUE PARAISO),SAO PAULO (METRO CAPAO REDONDO),como eu vou do itapecerica da serra para o metro capa redondo?
ITAPECERICA DA SERRA (PARQUE PARAISO),SAO PAULO (METRO CAPAO REDONDO),como eu vou do itapecerica da serra (parque paraiso) para o metro capaco rondonia?
ITAPECERICA DA SERRA (PARQUE PARAISO),SAO PAULO (METRO CAPAO REDONDO),como eu vou do itapecerica da serra (parque paraiso) para o metro capao redondo?
EMBU DAS ARTES (ENGENHO VELHO),SAO PAULO (METRO CAPAO REDONDO),como eu chego do engenho velho em embu das artes ate o metro capao redondo?
EMBU DAS ARTES (ENGENHO VELHO),SAO PAULO (METRO CAPAO REDONDO),como eu vou do engenho velho para o metro capaco rondonia?
EMBU DAS ARTES (ENGENHO VELHO),SAO PAULO (METRO CAPAO REDONDO),to em engocao e quero saber como ir do metro de sao paulo ate o metro capao redondo.
GUARULHOS (COCAIA),SAO PAULO (METRO TUCURUVI),to em guarulhos e quero saber como chegar em sao paulo.
GUARULHOS (COCAIA),SAO PAULO (METRO TUCURUVI),to em guarulhos e to procurando um jeito de ir para sao paulo.
GUARULHOS (COCAIA),SAO PAULO (METRO TUCURUVI),to em guarulhos e quero saber como ir do meu lugar pra sao paulo.
SAO BERNARDO DO CAMPO (PARQUE ALVARENGA),SAO PAULO (TERMINAL SACOMA),como eu faco pra ir do sao bernardo do campo para o sao paulo?
SAO BERNARDO DO CAMPO (PARQUE ALVARENGA),SAO PAULO (TERMINAL SACOMA),como eu faco pra ir do parque alvarena em sao bernardo do campo para o terminal sacramento?
SAO BERNARDO DO CAMPO (PARQUE ALVARENGA),SAO PAULO (TERMINAL SACOMA),to no sao bernardo do campo e quero saber como ir do parque alvarena pro terminal sacramento.
SAO BERNARDO DO CAMPO (JARDIM NAZARETH),SAO PAULO (TERMINAL SACOMA),como eu faco para ir do jardim nacional da saudade em sao bernardo do campo ate o terminal sacramento em sao paulo?
SAO BERNARDO DO CAMPO (JARDIM NAZARETH),SAO PAULO (TERMINAL SACOMA),to em sao bernardo do campo (jardim nazareth) e quero saber como ir para o terminal sacoma.
SAO BERNARDO DO CAMPO (JARDIM NAZARETH),SAO PAULO (TERMINAL SACOMA),to em sao bernardo do campo (jardim nazareth) e quero saber como ir do jardim nazare para o terminal sacramento.
SAO CAETANO DO SUL (NOVA GERTI),SAO PAULO (TERMINAL SACOMA),como eu chego do sao caetano do sul (nova gerti) ate o sao paulo (terminal sacoma)?
SAO CAETANO DO SUL (NOVA GERTI),SAO PAULO (TERMINAL SACOMA),como eu vou de sao caetano do sul (nova gerti) para sao paulo (terminal sacoma)?
SAO CAETANO DO SUL (NOVA GERTI),SAO PAULO (TERMINAL SACOMA),como eu vou do sao caetano do sul (nova gerti) para o sao paulo (terminal sacoma)?
GUARULHOS (PARQUE CONTINENTAL II),SAO PAULO (METRO ARMENIA),como eu chego do guarulhos (parque continental ii) em sao paulo?
GUARULHOS (PARQUE CONTINENTAL II),SAO PAULO (METRO ARMENIA),como eu faco para ir do guarulhos (parque continental ii) ate o sao paulo (metro armenia)?
GUARULHOS (PARQUE CONTINENTAL II),SAO PAULO (METRO ARMENIA),como eu chego do guarulhos (parque continental ii) ate o sao paulo (metro armenia)?
GUARULHOS (PARQUE CONTINENTAL III),SAO PAULO (METRO ARMENIA),como eu vou do guarulhos ao metro armenia?
GUARULHOS (PARQUE CONTINENTAL III),SAO PAULO (METRO ARMENIA),como eu faco para ir do guarulhos (parque continental iii) ate o sao paulo (metro armenia)?
GUARULHOS (PARQUE CONTINENTAL III),SAO PAULO (METRO ARMENIA),como eu faco para ir do guarulhos (parque continental iii) ate o sao paulo (metro armenia)?
EMBU-GUACU (VILA DIRCE),SAO PAULO (TERMINAL GRAJAU),to em embu-guacu (vila dirce) e queria saber como ir do terminal grajau ate sao paulo.
EMBU-GUACU (VILA DIRCE),SAO PAULO (TERMINAL GRAJAU),to em embu-guacu (vila dirce) e quero saber como ir do terminal grajau.
EMBU-GUACU (VILA DIRCE),SAO PAULO (TERMINAL GRAJAU),to em embu-guacu (vila direce) e quero saber como ir para o terminal grajau.
FRANCO DA ROCHA (PARQUE VITORIA),CAIEIRAS (TERMINAL RODOVIARIO ALIPIO MARTINHO),to no parque vitoria e quero saber como ir para caieiras.
FRANCO DA ROCHA (PARQUE VITORIA),CAIEIRAS (TERMINAL RODOVIARIO ALIPIO MARTINHO),to no parque vitoria e quero saber como ir para cairias.
FRANCO DA ROCHA (PARQUE VITORIA),CAIEIRAS (TERMINAL RODOVIARIO ALIPIO MARTINHO),to no parque vitoria e quero ir para caieiras.
GUARULHOS (TERMINAL METROPOLITANO TABOAO),SAO PAULO (METRO ARMENIA),como eu vou do terminal metropolitano taboa para o metro armenia?
GUARULHOS (TERMINAL METROPOLITANO TABOAO),SAO PAULO (METRO ARMENIA),to no guarulhos e quero saber como ir para sao paulo.
GUARULHOS (TERMINAL METROPOLITANO TABOAO),SAO PAULO (METRO ARMENIA),to no guarulhos e quero saber como pegar um taxi pra sao paulo.
CARAPICUIBA (VILA DIRCE),OSASCO (VILA YARA),como eu chego da carapicuiba (vila dirce) em osasco?
CARAPICUIBA (VILA DIRCE),OSASCO (VILA YARA),como eu faco pra ir da carapicuiba (vila dirce) para a osasco (vila yara)?
CARAPICUIBA (VILA DIRCE),OSASCO (VILA YARA),como eu vou da carapicuiba (vila dirce) para a osasco (vila yara)?
CARAPICUIBA (VILA DIRCE),OSASCO (VILA YARA),como eu vou da carapicuiba (vila dirce) para a osasco (vila yara)?
CARAPICUIBA (VILA DIRCE),OSASCO (VILA YARA),como eu vou da carapicuiba (vila dirce) para a osasco (vila yara)?
CARAPICUIBA (VILA DIRCE),OSASCO (VILA YARA),como eu faco pra ir da carapicuiba (vila dirce) para a osasco (vila yara)?
CARAPICUIBA (COHAB V),OSASCO (VILA YARA),como eu chego de carapicuiba (cohab v) em osasco?
CARAPICUIBA (COHAB V),OSASCO (VILA YARA),to em carapicuiba (cohab v) e quero saber como ir para osasco (vila yara).
CARAPICUIBA (COHAB V),OSASCO (VILA YARA),to em carapicuiba (cohab v) e quero ir para osasco (vila yara).
ITAPEVI (JARDIM AMADOR BUENO),COTIA (TERMINAL METROPOLITANO DE COTIA),como eu chego do itapevi (jardim amador bueno) em cotia?
ITAPEVI (JARDIM AMADOR BUENO),COTIA (TERMINAL METROPOLITANO DE COTIA),como eu saio do itapevi (jardim amador bueno) e chego no terminal metropolitano de cotia?
ITAPEVI (JARDIM AMADOR BUENO),COTIA (TERMINAL METROPOLITANO DE COTIA),como eu faco pra ir do itapevi ate o terminal metropolitano de cotia?
SUZANO (CIDADE EDSON),MOGI DAS CRUZES (ESTACAO CPTM ESTUDANTES),como eu vou de suzano para mogi das cruzes?
SUZANO (CIDADE EDSON),MOGI DAS CRUZES (ESTACAO CPTM ESTUDANTES),como eu chego de suzano para mogi das cruzes?
SUZANO (CIDADE EDSON),MOGI DAS CRUZES (ESTACAO CPTM ESTUDANTES),como eu vou de suzano para mogi das cruzes?
SANTO ANDRE (TERMINAL METROPOLITANO SANTO ANDRE-LESTE),SAO PAULO (JARDIM TIETE),como eu faco pra ir do terminal metropolitano santo andre-leste para o jardim tiete?
SANTO ANDRE (TERMINAL METROPOLITANO SANTO ANDRE-LESTE),SAO PAULO (JARDIM TIETE),como eu vou do terminal metropolitano santa andre-leste para o jardim tie?
SANTO ANDRE (TERMINAL METROPOLITANO SANTO ANDRE-LESTE),SAO PAULO (JARDIM TIETE),como eu vou do terminal metropolitano santa andre-leste ate o jardim tiete?
SANTO ANDRE (HOSPITAL MARIO COVAS),SAO PAULO (JARDIM TIETE),como eu chego do hospital mario covas em santo andre para sao paulo?
SANTO ANDRE (HOSPITAL MARIO COVAS),SAO PAULO (JARDIM TIETE),to no hospital mario covas em santo andre e quero saber como ir para sao paulo.
SANTO ANDRE (HOSPITAL MARIO COVAS),SAO PAULO (JARDIM TIETE),to no hospital mario covas em santo andre e preciso ir para sao paulo.
JUQUITIBA (BARNABES),ITAPECERICA DA SERRA (VALO VELHO),como eu vou do juquitiba para o itapecerica da serra velho?
JUQUITIBA (BARNABES),ITAPECERICA DA SERRA (VALO VELHO),como eu vou de juquitiba para o itapecerica da serra?
JUQUITIBA (BARNABES),ITAPECERICA DA SERRA (VALO VELHO),como eu vou de juquitiba para o itapecerica da serra velho?
JUQUITIBA (BAIRRO DOS JUSTINOS),ITAPECERICA DA SERRA (VALO VELHO),to na juquiticaba (bairro dos justinos) e quero saber como ir pra itapecerica da serra.
JUQUITIBA (BAIRRO DOS JUSTINOS),ITAPECERICA DA SERRA (VALO VELHO),"como eu vou do juquiliba, bairro dos justinios, ate o itapecerica da serra velho?"
JUQUITIBA (BAIRRO DOS JUSTINOS),ITAPECERICA DA SERRA (VALO VELHO),"como eu faco pra chegar no itapecerica da serra, velho?"
EMBU-GUACU (CHACARA FLORIDA),ITAPECERICA DA SERRA (VALO VELHO),to em embu-guacu e quero saber como chegar em itapecerica da serra.
EMBU-GUACU (CHACARA FLORIDA),ITAPECERICA DA SERRA (VALO VELHO),como eu chego de embu-guacu a itapecerca da serra valencia?
EMBU-GUACU (CHACARA FLORIDA),ITAPECERICA DA SERRA (VALO VELHO),como eu vou de embu-guacu para itapecerica da serra?
ITAPECERICA DA SERRA (PARQUE PARAISO),SAO PAULO (METRO VILA SONIA),"to aqui no parque paraiso, e queria saber como ir de aqui para sao paulo."
ITAPECERICA DA SERRA (PARQUE PARAISO),SAO PAULO (METRO VILA SONIA),to aqui perto do parque paraiso e quero saber como pegar o metro vila sonia.
ITAPECERICA DA SERRA (PARQUE PARAISO),SAO PAULO (METRO VILA SONIA),como eu vou do itapecerica da serra (parque paraiso) ate o metro vila sonia?
ITAPECERICA DA SERRA (PARQUE PARAISO),SAO PAULO (METRO VILA SONIA),to na itapecerica da serra (parque paraiso) e quero saber como ir de la para sao paulo.
ITAPECERICA DA SERRA (PARQUE PARAISO),SAO PAULO (METRO VILA SONIA),como eu faco pra ir do itapecerica da serra (parque paraiso) ate o metro vila sonia?
ITAPECERICA DA SERRA (PARQUE PARAISO),SAO PAULO (METRO VILA SONIA),como eu chego do itapecerica da serra (parque paraiso) ate o metro vila sonia?
EMBU DAS ARTES (ENGENHO VELHO),SAO PAULO (METRO VILA SONIA),to em embu das artes e quero saber como ir do engoado pra sao paulo.
EMBU DAS ARTES (ENGENHO VELHO),SAO PAULO (METRO VILA SONIA),to em engenho velho e quero saber como ir do saulo do estado de embu das artes ate o metro vila sonia.
EMBU DAS ARTES (ENGENHO VELHO),SAO PAULO (METRO VILA SONIA),como eu faco pra ir do engenho velho em embu das artes ate o metro vila sonia?
ITAPECERICA DA SERRA (JARDIM SAO MARCOS),ITAPECERICA DA SERRA (JARDIM DAS OLIVEIRAS),como eu vou do jardim sao marcos pra jardim das oliveiras?
ITAPECERICA DA SERRA (JARDIM SAO MARCOS),ITAPECERICA DA SERRA (JARDIM DAS OLIVEIRAS),como eu vou do jardim sao marcos pra jardim das oliveiras?
ITAPECERICA DA SERRA (JARDIM SAO MARCOS),ITAPECERICA DA SERRA (JARDIM DAS OLIVEIRAS),como eu vou do jardim sao marcos para o jardim das oliveiras?
COTIA (MIRANTE DA MATA),SAO PAULO (METRO BUTANTA),como eu vou do cotia (mirante da mata) para o metro butana?
COTIA (MIRANTE DA MATA),SAO PAULO (METRO BUTANTA),como eu vou do cotia (mirante da mata) para o metro butana?
COTIA (MIRANTE DA MATA),SAO PAULO (METRO BUTANTA),como eu vou do cotia (mirante da mata) para o metro butana?
VARGEM GRANDE PAULISTA (JARDIM SAO MARCOS),SAO PAULO (METRO MORUMBI),como eu chego do vargem grande paulista (jardim sa marcos) no metro morumbi?
VARGEM GRANDE PAULISTA (JARDIM SAO MARCOS),SAO PAULO (METRO MORUMBI),como eu vou do vargem grande paulista (jardim sa marcos) para o metro morumbi?
VARGEM GRANDE PAULISTA (JARDIM SAO MARCOS),SAO PAULO (METRO MORUMBI),como eu vou do vargem grande paulista (jardim sa marcos) para o metro morumbi?
EMBU DAS ARTES (JARDIM TOME),SAO PAULO (METRO MORUMBI),como eu faco para ir do embu das artes (jardim tome) para o metro morumbi?
EMBU DAS ARTES (JARDIM TOME),SAO PAULO (METRO MORUMBI),como eu faco pra ir do embu das artes (jardim tome) ate o metro morumbi?
EMBU DAS ARTES (JARDIM TOME),SAO PAULO (METRO MORUMBI),to em embuas artes e quero saber como ir do jardim tome pra sao paulo.
MOGI DAS CRUZES (ESTACAO CPTM ESTUDANTES),SAO PAULO (METRO ARMENIA),como eu faco pra ir do mogi das cruzes para o metro armenia em sao paulo?
MOGI DAS CRUZES (ESTACAO CPTM ESTUDANTES),SAO PAULO (METRO ARMENIA),como eu vou de mogi das cruzes para o metro armenia em sao paulo?
MOGI DAS CRUZES (ESTACAO CPTM ESTUDANTES),SAO PAULO (METRO ARMENIA),to em mogi das cruzes e quero saber como ir de la para sao paulo.
SAO PAULO (SAO MIGUEL PAULISTA),SAO PAULO (METRO ARMENIA),como eu chego do sao paulo (sao miguel paulista) ao sao paulo (metro armenia)?
SAO PAULO (SAO MIGUEL PAULISTA),SAO PAULO (METRO ARMENIA),como eu vou do saogonapelo pra sao paulo?
SAO PAULO (SAO MIGUEL PAULISTA),SAO PAULO (METRO ARMENIA),como eu faco pra ir do saao paulo pra sao paulo?
SUZANO (CIDADE EDSON),MOGI DAS CRUZES (ESTACAO CPTM ESTUDANTES),como eu vou de suzano para mogi das cruzes?
SUZANO (CIDADE EDSON),MOGI DAS CRUZES (ESTACAO CPTM ESTUDANTES),como eu chego de suzano para mogi das cruzes?
SUZANO (CIDADE EDSON),MOGI DAS CRUZES (ESTACAO CPTM ESTUDANTES),como eu vou de suzano para mogi das cruzes?
SANTO ANDRE (PARANAPIACABA),SANTO ANDRE (ESTACAO CPTM PREFEITO SALADINO),como eu vou de santo andre para estacao cptm saladino?
SANTO ANDRE (PARANAPIACABA),SANTO ANDRE (ESTACAO CPTM PREFEITO SALADINO),como eu vou de santo andre para estacao cptm saladino?
SANTO ANDRE (PARANAPIACABA),SANTO ANDRE (ESTACAO CPTM PREFEITO SALADINO),como eu faco pra ir de santo andre para estacao cptm predeco?
SANTO ANDRE (PARQUE ANDREENSE),SANTO ANDRE (ESTACAO CPTM PREFEITO SALADINO),como eu chego do parque andreense ate santo andre?
SANTO ANDRE (PARQUE ANDREENSE),SANTO ANDRE (ESTACAO CPTM PREFEITO SALADINO),como eu chego do parque andreense ate santo andre?
SANTO ANDRE (PARQUE ANDREENSE),SANTO ANDRE (ESTACAO CPTM PREFEITO SALADINO),como eu vou do parque andreense ate santo andre?
RIO GRANDE DA SERRA (CENTRO),RIBEIRAO PIRES (TERMINAL RODOVIARIO DE RIBEIRAO PIRES),como eu chego de rio grande da serra (centro) para riberiao pires?
RIO GRANDE DA SERRA (CENTRO),RIBEIRAO PIRES (TERMINAL RODOVIARIO DE RIBEIRAO PIRES),to em rio grande da serra e quero saber como ir para riberiao pires.
RIO GRANDE DA SERRA (CENTRO),RIBEIRAO PIRES (TERMINAL RODOVIARIO DE RIBEIRAO PIRES),to no rio grande da serra e quero saber como ir para riberiao pires.
MAIRIPORA (DIVISA),SAO PAULO (TERMINAL RODOVIARIO TIETE),como eu vou de mairipora (divisa) para o terminal rodoviario tiete?
MAIRIPORA (DIVISA),SAO PAULO (TERMINAL RODOVIARIO TIETE),"como eu faco pra ir do mairipora (divisa) pra sao paulo, pelo terminal rodoviario tiete?"
MAIRIPORA (DIVISA),SAO PAULO (TERMINAL RODOVIARIO TIETE),como eu vou de mairipora (divisa) para o terminal rodoviario tiete?
MAIRIPORA (TERMINAL RODOVIARIO SIGUEMI AIACYDA),SAO PAULO (TERMINAL RODOVIARIO TIETE),como eu vou do terminal rodoviario tiete para mairipora?
MAIRIPORA (TERMINAL RODOVIARIO SIGUEMI AIACYDA),SAO PAULO (TERMINAL RODOVIARIO TIETE),como eu vou do terminal rodoviario siguiame aiacyda para o terminal rodoviario tiete?
MAIRIPORA (TERMINAL RODOVIARIO SIGUEMI AIACYDA),SAO PAULO (TERMINAL RODOVIARIO TIETE),como eu vou do terminal rodoviario siguiu aiacyda para sao paulo?
SAO CAETANO DO SUL (TERMINAL RODOVIARIO NICOLAU DELIC),SANTO ANDRE (CATA PRETA),como eu faco pra ir do terminal rodoviario nicolau delnico em sao caetano do sul para santo andre?
SAO CAETANO DO SUL (TERMINAL RODOVIARIO NICOLAU DELIC),SANTO ANDRE (CATA PRETA),como eu faco pra ir do terminal rodoviario nicolau delinio ate santo andre?
SAO CAETANO DO SUL (TERMINAL RODOVIARIO NICOLAU DELIC),SANTO ANDRE (CATA PRETA),como eu faco pra ir do terminal rodoviario nicolau delnico ate santo andre?
SAO CAETANO DO SUL (TERMINAL RODOVIARIO NICOLAU DELIC),SANTO ANDRE (REPRESA),como eu chego do terminal rodoviario nicolau delnico em santo andre?
SAO CAETANO DO SUL (TERMINAL RODOVIARIO NICOLAU DELIC),SANTO ANDRE (REPRESA),como eu faco pra ir do terminal rodoviario nicolau delinio em sao caiato pra santo andre?
SAO CAETANO DO SUL (TERMINAL RODOVIARIO NICOLAU DELIC),SANTO ANDRE (REPRESA),como eu faco pra ir do terminal rodoaviario nicolau delnico em sao caetano do sul?
SANTO ANDRE (VILA PALMARES),SAO PAULO (TAMANDUATEI),to em santo andre e quero saber como ir de sao andre para sao paulo.
SANTO ANDRE (VILA PALMARES),SAO PAULO (TAMANDUATEI),to em santo andre e quero saber como chegar em sao paulo.
SANTO ANDRE (VILA PALMARES),SAO PAULO (TAMANDUATEI),to em santo andre e quero saber como ir de sao andre para sao paulo.
MAIRIPORA (TERMINAL RODOVIARIO SIGUEMI AIACYDA),FRANCO DA ROCHA (CENTRO),como eu vou da mairipora para o franco da rocha no seguimento do aiacyda?
MAIRIPORA (TERMINAL RODOVIARIO SIGUEMI AIACYDA),FRANCO DA ROCHA (CENTRO),como eu chego do terminal rodoviario siguemi aiacyda ate o franco da rocha central?
MAIRIPORA (TERMINAL RODOVIARIO SIGUEMI AIACYDA),FRANCO DA ROCHA (CENTRO),como eu faco pra ir do terminal rodoviario aiacyda ate o franco da rocha no centro?
SAO BERNARDO DO CAMPO (TERMINAL METROPOLITANO FERRAZOPOLIS),SAO PAULO (SAUDE),como eu faco pra ir do terminal metro fernao de mendonca ate o sao paulo?
SAO BERNARDO DO CAMPO (TERMINAL METROPOLITANO FERRAZOPOLIS),SAO PAULO (SAUDE),como eu faco pra chegar do terminal ferrohaus do sao bernardo do campo ate o saude?
SAO BERNARDO DO CAMPO (TERMINAL METROPOLITANO FERRAZOPOLIS),SAO PAULO (SAUDE),como eu faco pra chegar de sao bernardo do campo no sao paulo?
SAO BERNARDO DO CAMPO (TERMINAL METROPOLITANO FERRAZOPOLIS),SAO PAULO (CAMPO BELO),como eu chego do terminal metro fernao porta em sao paulo?
SAO BERNARDO DO CAMPO (TERMINAL METROPOLITANO FERRAZOPOLIS),SAO PAULO (CAMPO BELO),como eu faco para ir do terminal ferrobrasao ate o campo belo?
SAO BERNARDO DO CAMPO (TERMINAL METROPOLITANO FERRAZOPOLIS),SAO PAULO (CAMPO BELO),como eu vou do terminal metro fernao dias para o campo belo?
DIADEMA (VILA SAO JOSE),SAO PAULO (SAUDE),como eu vou de diadema (vila sao jose) para sao paulo (saude)?
DIADEMA (VILA SAO JOSE),SAO PAULO (SAUDE),como eu vou de diadema (vila sao jose) para sao paulo (saude)?
DIADEMA (VILA SAO JOSE),SAO PAULO (SAUDE),como eu vou de diadema (vila sao jose) para sao paulo (saude)?
OSASCO (JARDIM ELVIRA),SAO PAULO (LAPA),como eu chego do jardim elvira em osasco para sao paulo?
OSASCO (JARDIM ELVIRA),SAO PAULO (LAPA),to em osasco e quero saber como ir do jardim elvira para sao paulo.
OSASCO (JARDIM ELVIRA),SAO PAULO (LAPA),como eu faco pra ir do jardim elvira para sao paulo?
BARUERI (PARQUE IMPERIAL),SAO PAULO (LAPA),como eu vou do barueri (parque imperial) para sao paulo?
BARUERI (PARQUE IMPERIAL),SAO PAULO (LAPA),como eu vou do barueri (parque imperial) para sao paulo?
BARUERI (PARQUE IMPERIAL),SAO PAULO (LAPA),como eu vou do barueri (parque imperial) para sao paulo?
OSASCO (JARDIM COLINAS D OESTE),SAO PAULO (LAPA),como eu vou do jardim colinas oeste para sao paulo?
OSASCO (JARDIM COLINAS D OESTE),SAO PAULO (LAPA),como eu faco pra ir do jardim colinas oeste para sao paulo?
OSASCO (JARDIM COLINAS D OESTE),SAO PAULO (LAPA),como eu faco pra ir do jardim colinas oeste para sao paulo?
CAJAMAR (JORDANESIA),SAO PAULO (LAPA),to em cajemar e quero saber como chegar em sao paulo.
CAJAMAR (JORDANESIA),SAO PAULO (LAPA),como eu vou de cajemar para sao paulo?
CAJAMAR (JORDANESIA),SAO PAULO (LAPA),como eu vou de cajemar para sao paulo?
CAJAMAR (CTE - VILA NOVA),SAO PAULO (LAPA),como eu vou de cajemar pra sao paulo?
CAJAMAR (CTE - VILA NOVA),SAO PAULO (LAPA),como eu vou de cajamar para sao paulo?
CAJAMAR (CTE - VILA NOVA),SAO PAULO (LAPA),como eu vou do cajamar (cte - vila nova) para o sao paulo?
EMBU DAS ARTES (CENTRO),SAO PAULO (METRO CAMPO LIMPO),como eu chego do embu das artes (centro) ate o metro campo limpo?
EMBU DAS ARTES (CENTRO),SAO PAULO (METRO CAMPO LIMPO),to em embuas artes (centro) e quero saber como pegar no metro campo limpo.
EMBU DAS ARTES (CENTRO),SAO PAULO (METRO CAMPO LIMPO),to em embuas artes (centro) e preciso saber como ir para o metro campo limpo.
OSASCO (TERMINAL RODOVIARIO HELENA MARIA),SAO PAULO (PINHEIROS),como eu vou do terminal rodoviario helena maria em sao paulo para o pinheiros?
OSASCO (TERMINAL RODOVIARIO HELENA MARIA),SAO PAULO (PINHEIROS),como eu vou do terminal rodoviario helena maria em sao paulo para o pinheiros?
OSASCO (TERMINAL RODOVIARIO HELENA MARIA),SAO PAULO (PINHEIROS),como eu faco pra ir do terminal rodoviario helena maria em osasco para sao paulo?
OSASCO (CONJUNTO DOS METALURGICOS),SAO PAULO (METRO BUTANTA),como eu vou do osasco (conjunto dos metalurgicos) para o metro butana?
OSASCO (CONJUNTO DOS METALURGICOS),SAO PAULO (METRO BUTANTA),como eu faco pra ir do osasco (conjunto dos metalurgicos) para o metro butana?
OSASCO (CONJUNTO DOS METALURGICOS),SAO PAULO (METRO BUTANTA),como eu faco para ir do osasco (conjunto dos metalurgicos) para sao paulo usando o metro butana?
CARAPICUIBA (JARDIM NOVO HORIZONTE),SAO PAULO (METRO BUTANTA),to em carapicuiba e quero saber como ir para sao paulo.
CARAPICUIBA (JARDIM NOVO HORIZONTE),SAO PAULO (METRO BUTANTA),to em carapicuiba e quero ir pra sao paulo.
CARAPICUIBA (JARDIM NOVO HORIZONTE),SAO PAULO (METRO BUTANTA),to em carapicuiba e quero saber como ir de la para sao paulo.
OSASCO (OLARIA DO NINO),SAO PAULO (METRO BUTANTA),como eu vou do osasco para o metro sao paulo?
OSASCO (OLARIA DO NINO),SAO PAULO (METRO BUTANTA),como eu chego do osasco (olaria do nino) para o metro butana?
OSASCO (OLARIA DO NINO),SAO PAULO (METRO BUTANTA),como eu vou do osasco para o metro butana?
OSASCO (JARDIM SANTA MARIA),SAO PAULO (METRO BUTANTA),como eu faco pra ir do jardim santa maria para o metro sao paulo?
OSASCO (JARDIM SANTA MARIA),SAO PAULO (METRO BUTANTA),como eu faco para ir do jardim santa maria para o metro butanta?
OSASCO (JARDIM SANTA MARIA),SAO PAULO (METRO BUTANTA),como eu faco pra ir do jardim santa maria para o metro butana?
CARAPICUIBA (JARDIM GUAPIUVA),SAO PAULO (METRO BUTANTA),como eu faco pra ir do carapicuiba ate o sa paulo de trem?
CARAPICUIBA (JARDIM GUAPIUVA),SAO PAULO (METRO BUTANTA),como eu chego do carapicuiba no sampaopa?
CARAPICUIBA (JARDIM GUAPIUVA),SAO PAULO (METRO BUTANTA),como eu vou de carapicuiba ate o metro butana?
RIBEIRAO PIRES (OURO FINO PAULISTA),SAO PAULO (TERMINAL SACOMA),to em ribeirao pires e quero saber como ir para o saopaulo.
RIBEIRAO PIRES (OURO FINO PAULISTA),SAO PAULO (TERMINAL SACOMA),to em ribeirao pires e quero ir para o terminal safora.
RIBEIRAO PIRES (OURO FINO PAULISTA),SAO PAULO (TERMINAL SACOMA),to em ribeirao pires e quero saber como ir para o terminal saoma.
RIO GRANDE DA SERRA (SANTA TEREZA),SAO PAULO (TERMINAL SACOMA),to na santa teresa e quero saber como chegar no terminal sacramento.
RIO GRANDE DA SERRA (SANTA TEREZA),SAO PAULO (TERMINAL SACOMA),to em santa teresa e quero saber como ir do terminal sacramento pra sao paulo.
RIO GRANDE DA SERRA (SANTA TEREZA),SAO PAULO (TERMINAL SACOMA),to na santa teresa e quero saber como ir do terminal safora pra sao paulo.
MAUA (JARDIM GUAPITUBA),SAO CAETANO DO SUL (BAIRRO SANTO ANTONIO),como eu vou do maua (jardim guapituuba) para o sao caetano do sul?
MAUA (JARDIM GUAPITUBA),SAO CAETANO DO SUL (BAIRRO SANTO ANTONIO),"como eu chego do maua (jardim guapituuba) em sao caetano do sul, bairro santo antonio?"
MAUA (JARDIM GUAPITUBA),SAO CAETANO DO SUL (BAIRRO SANTO ANTONIO),como eu vou do maua (jardim guanabara) para o sao caetano do sul?
SANTO ANDRE (JARDIM LAS VEGAS),SAO PAULO (TERMINAL SACOMA),to em santo andre (jardim las vegas) e quero saber como ir para o terminal sao paulo.
SANTO ANDRE (JARDIM LAS VEGAS),SAO PAULO (TERMINAL SACOMA),to em santo andre (jardim las vegas) e quero saber como ir para sao paulo.
SANTO ANDRE (JARDIM LAS VEGAS),SAO PAULO (TERMINAL SACOMA),como eu vou do jardim las vegas para o terminal sacramento?
TABOAO DA SERRA (PARQUE LAGUNA),SAO PAULO (METRO VILA SONIA),como eu chego do taboao da serra ao metro vila sonia?
TABOAO DA SERRA (PARQUE LAGUNA),SAO PAULO (METRO VILA SONIA),to no taboao da serra e quero saber como pegar o trem vila sonia do metro.
TABOAO DA SERRA (PARQUE LAGUNA),SAO PAULO (METRO VILA SONIA),to em taboao da serra e quero saber como ir do parque laguna pra sao paulo.
SANTO ANDRE (TERMINAL METROPOLITANO SANTO ANDRE LESTE),SAO PAULO (FABRICA TROL),como eu chego do terminal metropolitano santa andre ao fabrica trol?
SANTO ANDRE (TERMINAL METROPOLITANO SANTO ANDRE LESTE),SAO PAULO (FABRICA TROL),como eu chego do terminal metropolitano santa andre ao fabricio trol?
SANTO ANDRE (TERMINAL METROPOLITANO SANTO ANDRE LESTE),SAO PAULO (FABRICA TROL),como eu chego do terminal metropolitano santa andre ao fabrica trol?
SANTO ANDRE (TERMINAL METROPOLITANO SANTO ANDRE LESTE),SAO PAULO (FABRICA TROL),como eu chego do terminal metropolitano santa andre ao fabrica trol?
SANTO ANDRE (TERMINAL METROPOLITANO SANTO ANDRE LESTE),SAO PAULO (FABRICA TROL),como eu chego do terminal metropolitano santa andre ao fabricio trol?
SANTO ANDRE (TERMINAL METROPOLITANO SANTO ANDRE LESTE),SAO PAULO (FABRICA TROL),como eu vou do terminal metropolitano santa andre ao fabrica trol?
GUARULHOS (NOVA BONSUCESSO),SAO PAULO (SAO MIGUEL PAULISTA),como eu chego de guarulhos (nova bonsucesso) a sao paulo?
GUARULHOS (NOVA BONSUCESSO),SAO PAULO (SAO MIGUEL PAULISTA),como eu faco pra ir do novo bonsucesso para sao paulo?
GUARULHOS (NOVA BONSUCESSO),SAO PAULO (SAO MIGUEL PAULISTA),como eu faco pra ir do novo bonsucesso para sao paulo?
ARUJA (PARQUE RODRIGO BARRETO),SAO PAULO (SAO MIGUEL PAULISTA),to em aruja e quero saber como ir para sao paulo.
ARUJA (PARQUE RODRIGO BARRETO),SAO PAULO (SAO MIGUEL PAULISTA),como eu vou do aruja pra sao paulo?
ARUJA (PARQUE RODRIGO BARRETO),SAO PAULO (SAO MIGUEL PAULISTA),to em aruja e quero saber como ir para sao paulo.
ITAQUAQUECETUBA (TERMINAL URBANO ENGENHEIRO MANOEL FEIO),SAO PAULO (METRO BRAS),como eu vou do itaquaquecetuba ate o metro brasil?
ITAQUAQUECETUBA (TERMINAL URBANO ENGENHEIRO MANOEL FEIO),SAO PAULO (METRO BRAS),como eu faco pra ir do itaquaquecetuba ate o metro brasil?
ITAQUAQUECETUBA (TERMINAL URBANO ENGENHEIRO MANOEL FEIO),SAO PAULO (METRO BRAS),como eu vou do itaquaquecetuba ate o metro brasil?
GUARULHOS (VILA ANY),SAO PAULO (METRO BRAS),como eu faco pra ir do guarulhos (vila any) para sao paulo?
GUARULHOS (VILA ANY),SAO PAULO (METRO BRAS),to em vila any e quero saber como chegar em sao paulo.
GUARULHOS (VILA ANY),SAO PAULO (METRO BRAS),como eu chego do vila any em guarulhos e em sao paulo?
EMBU DAS ARTES (PARQUE PIRAJUSSARA),SAO PAULO (METRO VILA SONIA),to em embu das artes e quero saber como ir do parque pirajussara para sao paulo.
EMBU DAS ARTES (PARQUE PIRAJUSSARA),SAO PAULO (METRO VILA SONIA),to em embuas artes e quero saber como ir do meu lugar ate o metro vila sonia.
EMBU DAS ARTES (PARQUE PIRAJUSSARA),SAO PAULO (METRO VILA SONIA),como eu faco pra ir do embu das artes ate o metro vila sonia?
TABOAO DA SERRA (JARDIM SAO JUDAS TADEU),SAO PAULO (METRO VILA SONIA),como eu vou do taboao da serra para o metro vila sonia?
TABOAO DA SERRA (JARDIM SAO JUDAS TADEU),SAO PAULO (METRO VILA SONIA),como eu faco pra ir do taboao da serra ate o sao paulo?
TABOAO DA SERRA (JARDIM SAO JUDAS TADEU),SAO PAULO (METRO VILA SONIA),como eu vou do taboao da serra para o metro vila sonia?
OSASCO (JARDIM BONANCA),SAO PAULO (PINHEIROS),como eu vou do osasco para sao paulo?
OSASCO (JARDIM BONANCA),SAO PAULO (PINHEIROS),como eu faco pra ir do osasco pra sao paulo?
OSASCO (JARDIM BONANCA),SAO PAULO (PINHEIROS),como eu faco pra ir de osasco para sao paulo?
PIRAPORA DO BOM JESUS (JARDIM BOM JESUS),OSASCO (VILA YARA),como eu vou do jardim bom jesus para osasco?
PIRAPORA DO BOM JESUS (JARDIM BOM JESUS),OSASCO (VILA YARA),"como eu faco pra ir do jardim bom jesus pra vila yara, em osasco?"
PIRAPORA DO BOM JESUS (JARDIM BOM JESUS),OSASCO (VILA YARA),to em pirapora do bom jesus e quero saber como ir para a vila yara.
PIRAPORA DO BOM JESUS (IGAVETA),OSASCO (VILA YARA),como eu vou da pirapora do bom jesus para vila yara?
PIRAPORA DO BOM JESUS (IGAVETA),OSASCO (VILA YARA),como eu chego da pirapora do bom jesus ate a vila yara?
PIRAPORA DO BOM JESUS (IGAVETA),OSASCO (VILA YARA),como eu chego da pirapora do bom jesus ate a vila yara?
PIRAPORA DO BOM JESUS (JARDIM BOM JESUS),OSASCO (VILA YARA),como eu chego da vila yara em osasco?
PIRAPORA DO BOM JESUS (JARDIM BOM JESUS),OSASCO (VILA YARA),como eu vou do pirapora do bom jesus para a vila yara?
PIRAPORA DO BOM JESUS (JARDIM BOM JESUS),OSASCO (VILA YARA),como eu vou do jardim bom jesus para osasco?
FRANCO DA ROCHA (PARQUE VITORIA),FRANCISCO MORATO (CENTRO),to no parque vitoria e quero saber como ir do francisco morato.
FRANCO DA ROCHA (PARQUE VITORIA),FRANCISCO MORATO (CENTRO),to perto do parque vitoria e quero saber como ir do francisco da rocha.
FRANCO DA ROCHA (PARQUE VITORIA),FRANCISCO MORATO (CENTRO),to no parque vitoria e quero saber como ir do francisco morato.
SANTANA DE PARNAIBA (PARQUE SANTANA),SAO PAULO (LAPA),to em santana de parnaiba e quero saber como ir pra sao paulo.
SANTANA DE PARNAIBA (PARQUE SANTANA),SAO PAULO (LAPA),to em santana de parnaiba e quero saber como ir pra sao paulo.
SANTANA DE PARNAIBA (PARQUE SANTANA),SAO PAULO (LAPA),"to em santana de paranaiba e preciso saber como ir para sao paulo, sao paulo."
SANTANA DE PARNAIBA (PARQUE SANTANA),OSASCO (ESTACAO),to em santana de paranaiba e quero saber como ir para osasco.
SANTANA DE PARNAIBA (PARQUE SANTANA),OSASCO (ESTACAO),como eu vou do parque santana de parana para osso?
SANTANA DE PARNAIBA (PARQUE SANTANA),OSASCO (ESTACAO),como eu vou do parque santana ate a estacao osasco?
OSASCO (JARDIM VELOSO),SAO PAULO (LAPA),como eu vou do osasco (jardim veloso) para sao paulo?
OSASCO (JARDIM VELOSO),SAO PAULO (LAPA),como eu vou do jardim veloso para sao paulo?
OSASCO (JARDIM VELOSO),SAO PAULO (LAPA),como eu saio de osasco (jardim veloso) e chego em sao paulo (lapa)?
CARAPICUIBA (JARDIM GUAPIUVA),SAO PAULO (LAPA),como eu vou de carapicuiba para sao paulo?
CARAPICUIBA (JARDIM GUAPIUVA),SAO PAULO (LAPA),como eu vou de carapicuiba a sao paulo?
CARAPICUIBA (JARDIM GUAPIUVA),SAO PAULO (LAPA),como eu vou de carapicuiba para sao paulo?
SANTO ANDRE (TERMINAL METROPOLITANO SANTO ANDRE-LESTE),SAO PAULO (METRO ITAQUERA),como eu vou do terminal metropolitano santa andre-leste para a estacao metro de sao paulo?
SANTO ANDRE (TERMINAL METROPOLITANO SANTO ANDRE-LESTE),SAO PAULO (METRO ITAQUERA),como eu chego do terminal metropolitano santa andre-leste para a metro itaquera?
SANTO ANDRE (TERMINAL METROPOLITANO SANTO ANDRE-LESTE),SAO PAULO (METRO ITAQUERA),como eu faco para ir do terminal metropolitano santo andre-leste para a metroa itaquera?
POA (TERMINAL RODOVIARIO PEDRO FAVA - CIDADE KEMEL),SAO PAULO (ESTACAO CPTM  ITAIM PAULISTA),como eu chego do terminal rodoviario pedro fava para o estacao capitolio da itaim paulista?
POA (TERMINAL RODOVIARIO PEDRO FAVA - CIDADE KEMEL),SAO PAULO (ESTACAO CPTM  ITAIM PAULISTA),como eu vou do terminal rodoviario pedro fava para o estacao capitana italia?
POA (TERMINAL RODOVIARIO PEDRO FAVA - CIDADE KEMEL),SAO PAULO (ESTACAO CPTM  ITAIM PAULISTA),como eu vou do terminal rodoviario pedro fava para o estacao capitania itaim paulista?
TABOAO DA SERRA (JARDIM SAO JUDAS TADEU),SAO PAULO (METRO VILA SONIA),to em taboao da serra e quero saber como ir do jardim sao judas tadeu para sao paulo.
TABOAO DA SERRA (JARDIM SAO JUDAS TADEU),SAO PAULO (METRO VILA SONIA),como eu vou do taboao da serra para o metro vila sonia?
TABOAO DA SERRA (JARDIM SAO JUDAS TADEU),SAO PAULO (METRO VILA SONIA),como eu vou do taboao da serra para o metro vila sonia?
EMBU DAS ARTES (TERMINAL CASA BRANCA),SAO PAULO (METRO VILA SONIA),to no terminal casa branca e quero saber como pegar o metro vila sonia.
EMBU DAS ARTES (TERMINAL CASA BRANCA),SAO PAULO (METRO VILA SONIA),to aqui no terminal casa branca em embu das artes e quero saber como pegar o metro vila sonia.
EMBU DAS ARTES (TERMINAL CASA BRANCA),SAO PAULO (METRO VILA SONIA),to no terminal casa branca e quero saber como pegar o metro vila sonia.
SAO LOURENCO DA SERRA (VILA RITA SOARES),ITAPECERICA DA SERRA (PARQUE PARAISO),como eu vou do sao lourenco da serra (vila rita soares) para o itapecerica da serra (parque paraiso)?
SAO LOURENCO DA SERRA (VILA RITA SOARES),ITAPECERICA DA SERRA (PARQUE PARAISO),como eu vou do sao lourenco da serra (vila rita soares) para o itapecerica da serra (parque paraiso)?
SAO LOURENCO DA SERRA (VILA RITA SOARES),ITAPECERICA DA SERRA (PARQUE PARAISO),como eu faco pra ir do sao lourenco da serra (vila rita soares) para o itapecerica da serra (parque paraiso)?
GUARULHOS (TERMINAL METROPOLITANO VILA GALVAO),SAO PAULO (METRO CARRAO),como eu faco pra ir do terminal metropolitano vila galvao ate o metro carrao?
GUARULHOS (TERMINAL METROPOLITANO VILA GALVAO),SAO PAULO (METRO CARRAO),como eu faco para ir do terminal metropolitano vila galvao para o metro carrao?
GUARULHOS (TERMINAL METROPOLITANO VILA GALVAO),SAO PAULO (METRO CARRAO),como eu vou do terminal metropolitano vila galvao para o metro carrao?
GUARULHOS (COCAIA),SAO PAULO (PENHA),como eu vou de guarulhos para sao paulo?
GUARULHOS (COCAIA),SAO PAULO (PENHA),to em guarulhos e to procurando como pegar no sao paulo.
GUARULHOS (COCAIA),SAO PAULO (PENHA),to em guarulhos e quero saber como ir de sao paulo para sao paulo.
GUARULHOS (TERMINAL METROPOLITANO TABOAO),SAO PAULO (METRO BRAS),como eu faco pra ir do terminal metropolitano taboa pra sao paulo?
GUARULHOS (TERMINAL METROPOLITANO TABOAO),SAO PAULO (METRO BRAS),como eu chego do terminal metropolitano taboa em sao paulo?
GUARULHOS (TERMINAL METROPOLITANO TABOAO),SAO PAULO (METRO BRAS),como eu faco pra ir do terminal metropolitano taboa pra sao paulo?
GUARULHOS (HAROLDO VELOSO),SAO PAULO (METRO BRAS),como eu vou de guarulhos para sao paulo?
GUARULHOS (HAROLDO VELOSO),SAO PAULO (METRO BRAS),to em guarulhos e quero saber como ir do aeroporto ate a capital.
GUARULHOS (HAROLDO VELOSO),SAO PAULO (METRO BRAS),como eu chego do guarulhos (haroldo veloso) ate o sao paulo (metro bras)?
GUARULHOS (PARQUE PRIMAVERA),SAO PAULO (PENHA),"to no parque primavera, queria saber como ir do guarulhos pra sao paulo."
GUARULHOS (PARQUE PRIMAVERA),SAO PAULO (PENHA),"to no parque primavera, queria saber como pegar um taxi ou onibus pra sao paulo e chegar na penha."
GUARULHOS (PARQUE PRIMAVERA),SAO PAULO (PENHA),"to no parque primavera, e quero saber como chegar de guarulhos."
GUARULHOS (JARDIM DOS EUCALIPTOS),SAO PAULO (PENHA),"como eu vou do guarulhos para sao paulo, em penha, usando transporte publico?"
GUARULHOS (JARDIM DOS EUCALIPTOS),SAO PAULO (PENHA),"como eu vou do jardim dos eucaliptos para sao paulo, penha?"
GUARULHOS (JARDIM DOS EUCALIPTOS),SAO PAULO (PENHA),como eu vou do guarulhos (jardim dos eucaliptos) para sao paulo (penha)?
SAO CAETANO DO SUL (VILA PROSPERIDADE),SAO PAULO (VILA DAS OLARIAS),como eu faco pra ir da vila prospereada de saogona pra vila das olarias?
SAO CAETANO DO SUL (VILA PROSPERIDADE),SAO PAULO (VILA DAS OLARIAS),como eu chego da vila prospereira para a vila das olarias?
SAO CAETANO DO SUL (VILA PROSPERIDADE),SAO PAULO (VILA DAS OLARIAS),to aqui na vila prospereira e quero ir pra vila das olarias.
SAO CAETANO DO SUL (BAIRRO FUNDACAO),SAO PAULO (IV CENTENARIO),como eu faco para ir de sao caet ano do sul (bairro fundacao) para sao paulo (iv centenario)?
SAO CAETANO DO SUL (BAIRRO FUNDACAO),SAO PAULO (IV CENTENARIO),to em sao caetano do sul (bairro fundacao) e quero saber como ir do meu lugar ate o saao paulo (iv centenario).
SAO CAETANO DO SUL (BAIRRO FUNDACAO),SAO PAULO (IV CENTENARIO),to em sao caetano do sul (bairro fundacao) e quero saber como ir do meu lugar ate o sao paulo (iv centenario).
GUARULHOS (PARQUE CONTINENTAL),SAO PAULO (METRO PARADA INGLESA),to no guarulhos e quero ir para o metro da parada inglesa.
GUARULHOS (PARQUE CONTINENTAL),SAO PAULO (METRO PARADA INGLESA),to no guarulhos e quero saber como ir pra sao paulo na estacao inglesa.
GUARULHOS (PARQUE CONTINENTAL),SAO PAULO (METRO PARADA INGLESA),"to no guarulhos e quero saber como ir pra sao paulo, na metro parada inglesa."
GUARULHOS (BOM CLIMA),SAO PAULO (METRO TUCURUVI),como eu vou de guarulhos para sao paulo?
GUARULHOS (BOM CLIMA),SAO PAULO (METRO TUCURUVI),como eu vou do guarulhos para sao paulo?
GUARULHOS (BOM CLIMA),SAO PAULO (METRO TUCURUVI),como eu saio de guarulhos e chego em sao paulo?
GUARULHOS (JARDIM MOREIRA),SAO PAULO (METRO TUCURUVI),to em guarulhos (jardim moreira) e quero saber como ir para sao paulo.
GUARULHOS (JARDIM MOREIRA),SAO PAULO (METRO TUCURUVI),to em guarulhos (jardim moreira) e quero saber como ir para sao paulo.
GUARULHOS (JARDIM MOREIRA),SAO PAULO (METRO TUCURUVI),to em guarulhos (jardim moreira) e quero saber como chegar em sao paulo (metro tucuruvi).
SANTO ANDRE (TERMINAL METROPOLITANO SANTO ANDRE-LESTE),SAO PAULO (JARDIM ESTHER),to no terminal metropolitano santo andere-leste e quero saber como ir pra sao paulo.
SANTO ANDRE (TERMINAL METROPOLITANO SANTO ANDRE-LESTE),SAO PAULO (JARDIM ESTHER),como eu chego do terminal metropolitano santa andre-leste ate o jardim esther?
SANTO ANDRE (TERMINAL METROPOLITANO SANTO ANDRE-LESTE),SAO PAULO (JARDIM ESTHER),to no terminal metropolitano santa andre e quero saber como ir pra sao paulo.
GUARULHOS (COCAIA),SAO PAULO (METRO TUCURUVI),to em guarulhos e quero saber como ir do meu lugar ate sao paulo.
GUARULHOS (COCAIA),SAO PAULO (METRO TUCURUVI),to em guarulhos e quero saber como chegar em sao paulo.
GUARULHOS (COCAIA),SAO PAULO (METRO TUCURUVI),to em guarulhos e quero saber como ir de aqui para sao paulo.
GUARULHOS (JARDIM LEDA),SAO PAULO (METRO PARADA INGLESA),to em guarulhos e quero saber como ir da minha casa pro metro da parada inglesa.
GUARULHOS (JARDIM LEDA),SAO PAULO (METRO PARADA INGLESA),como eu vou do guarulhos ao metro da parada inglesa em sao paulo?
GUARULHOS (JARDIM LEDA),SAO PAULO (METRO PARADA INGLESA),to em guarulhos e quero saber como ir da estacao inglesa para sao paulo.
DIADEMA (TERMINAL METROPOLITANO PIRAPORINHA),SAO PAULO (SANTO AMARO),como eu faco pra ir do terminal metropolitano pirapora pra sao amaro?
DIADEMA (TERMINAL METROPOLITANO PIRAPORINHA),SAO PAULO (SANTO AMARO),como eu chego do terminal metropolitano pirapora para sao amaro?
DIADEMA (TERMINAL METROPOLITANO PIRAPORINHA),SAO PAULO (SANTO AMARO),como eu faco pra ir do terminal metropolitano pirapora pra sao amaro?
OSASCO (JARDIM SANTA FE),SAO PAULO (LAPA),como eu chego do jardim santa fe em osasco para sao paulo?
OSASCO (JARDIM SANTA FE),SAO PAULO (LAPA),"como eu vou do jardim santa fe para sao paulo, lapao?"
OSASCO (JARDIM SANTA FE),SAO PAULO (LAPA),"como eu faco pra ir do jardim santa fe pra sao paulo, sao paulo?"
FERRAZ DE VASCONCELOS (PARQUE SAO FRANCISCO),MOGI DAS CRUZES (ESTACAO CPTM ESTUDANTES),como eu chego do ferraz de vasconcelos para mogi das cruzes?
FERRAZ DE VASCONCELOS (PARQUE SAO FRANCISCO),MOGI DAS CRUZES (ESTACAO CPTM ESTUDANTES),como eu faco pra ir do ferraz de vasconcelos ate mogi das cruzes?
FERRAZ DE VASCONCELOS (PARQUE SAO FRANCISCO),MOGI DAS CRUZES (ESTACAO CPTM ESTUDANTES),como eu vou do ferraz de vasconcelos ao mogi das cruzes?
ARUJA (CENTRO),GUARULHOS (JARDIM SANTA MENA),to em aruja e quero saber como ir para o guarulhos.
ARUJA (CENTRO),GUARULHOS (JARDIM SANTA MENA),to no aruja e quero saber como ir para o guarulhos.
ARUJA (CENTRO),GUARULHOS (JARDIM SANTA MENA),to em aruja e quero saber como ir para guarulhos.
BARUERI (CENTRO),SAO PAULO (METRO ARMENIA),como eu vou do barueri para o metro sao paulo?
BARUERI (CENTRO),SAO PAULO (METRO ARMENIA),como eu vou do barueri para o metro sao paulo?
BARUERI (CENTRO),SAO PAULO (METRO ARMENIA),como eu vou do barueri para o metro sao paulo?
RIBEIRAO PIRES (TERMINAL RODOVIARIO DE RIBEIRAO PIRES),SANTO ANDRE (ELCLOR),como eu faco para ir do terminal rodoviario de ribeirao pires para o santo andre?
RIBEIRAO PIRES (TERMINAL RODOVIARIO DE RIBEIRAO PIRES),SANTO ANDRE (ELCLOR),como eu chego do terminal rodoviario de ribeirao pires ate o santo andre?
RIBEIRAO PIRES (TERMINAL RODOVIARIO DE RIBEIRAO PIRES),SANTO ANDRE (ELCLOR),como eu faco para ir do terminal rodoviario de ribeirao pires para o elclor?
CAJAMAR (VAU NOVO),SAO PAULO  (PERUS),como eu faco pra ir de cajamare (vau novo) para sao paulo?
CAJAMAR (VAU NOVO),SAO PAULO  (PERUS),como eu chego de cajam (vau novo) a sao paulo?
CAJAMAR (VAU NOVO),SAO PAULO  (PERUS),como eu faco pra chegar em sao paulo a partir de cajamare (vau novo)?
CAJAMAR (LAGO AZUL),SAO PAULO (PERUS),como eu faco pra ir de cajem (lago azul) para sao paulo?
CAJAMAR (LAGO AZUL),SAO PAULO (PERUS),como eu chego de cajemar (lago azul) para sao paulo?
CAJAMAR (LAGO AZUL),SAO PAULO (PERUS),como eu faco pra ir de cajam (lago azul) para sao paulo?
GUARULHOS (TERMINAL METROPOLITANO TABOAO),SAO PAULO (PENHA),"to no guarulhos e quero saber como ir para sao paulo, na penha."
GUARULHOS (TERMINAL METROPOLITANO TABOAO),SAO PAULO (PENHA),to no terminal metropolitano taboa em guarulhos e quero saber como ir pra penha.
GUARULHOS (TERMINAL METROPOLITANO TABOAO),SAO PAULO (PENHA),como eu vou do terminal metropolitano taboa para penha?
BARUERI (PETROBRAS),OSASCO (VILA YARA),como eu vou do barueri (petrobras) para vila yara?
BARUERI (PETROBRAS),OSASCO (VILA YARA),como eu faco pra ir do barueri (petrobras) para vila yara?
BARUERI (PETROBRAS),OSASCO (VILA YARA),como eu chego da barueri (petrobras) em vila yara?
SAO CAETANO DO SUL (TERMINAL RODOVIARIO NICOLAU DELIC),SAO PAULO (TERMINAL SACOMA),como eu faco pra ir do terminal rodoviario nicolau delc para o terminal sacramento?
SAO CAETANO DO SUL (TERMINAL RODOVIARIO NICOLAU DELIC),SAO PAULO (TERMINAL SACOMA),como eu vou do terminal rodoviario nicolau delnico para o terminal sao paulo?
SAO CAETANO DO SUL (TERMINAL RODOVIARIO NICOLAU DELIC),SAO PAULO (TERMINAL SACOMA),como eu faco pra ir do terminal rodoviario nicolau delnico em sao paulo para sao paulo?
EMBU DAS ARTES (JARDIM SANTO EDUARDO),SAO PAULO (METRO VILA SONIA),to em embuas artes e quero saber como ir do jardim santo eduardo para o metro vila sonia.
EMBU DAS ARTES (JARDIM SANTO EDUARDO),SAO PAULO (METRO VILA SONIA),to em embu das artes e quero saber como chegar no metro vila sonia.
EMBU DAS ARTES (JARDIM SANTO EDUARDO),SAO PAULO (METRO VILA SONIA),to em embuas artes e quero saber como ir do jardim santo angelo para o metro vila sonia.
EMBU DAS ARTES (JARDIM SAO MARCOS),SAO PAULO (METRO VILA SONIA),to em embu das artes e quero saber como chegar no metro vila sonia.
EMBU DAS ARTES (JARDIM SAO MARCOS),SAO PAULO (METRO VILA SONIA),to em embu das artes e quero saber como ir do jardim sao marcos para o metro vila sonia.
EMBU DAS ARTES (JARDIM SAO MARCOS),SAO PAULO (METRO VILA SONIA),to em embu das artes e quero saber como chegar no metro vila sonia.
EMBU DAS ARTES (JARDIM NOSSA SENHORA DE FATIMA),SAO PAULO (METRO VILA SONIA),como eu vou do embu das artes para o metro vila sonia?
EMBU DAS ARTES (JARDIM NOSSA SENHORA DE FATIMA),SAO PAULO (METRO VILA SONIA),como eu vou do embu das artes para o metro vila sonia?
EMBU DAS ARTES (JARDIM NOSSA SENHORA DE FATIMA),SAO PAULO (METRO VILA SONIA),como eu vou do embu das artes para o metro vila sonia?
EMBU DAS ARTES (JARDIM DO COLEGIO),SAO PAULO (METRO VILA SONIA),to em embu das artes e quero ir pra sao paulo.
EMBU DAS ARTES (JARDIM DO COLEGIO),SAO PAULO (METRO VILA SONIA),to em embuas artes e quero saber como ir do jardim do colegio ate o metro vila sonia.
EMBU DAS ARTES (JARDIM DO COLEGIO),SAO PAULO (METRO VILA SONIA),to em embuas artes e quero saber como ir do jardim do colegio pra sao paulo.
JANDIRA (JARDIM NOSSA SENHORA DE FATIMA),OSASCO (VILA YARA),como eu vou de jandira para osasco?
JANDIRA (JARDIM NOSSA SENHORA DE FATIMA),OSASCO (VILA YARA),como eu vou de jandira para osasco?
JANDIRA (JARDIM NOSSA SENHORA DE FATIMA),OSASCO (VILA YARA),como eu faco pra ir do jandira (jardim nossa senhora de fatima) em vila yara?
ITAPEVI (COHAB/JARDIM PAULISTA),OSASCO (VILA YARA),como eu vou do itapevi para a vila yara?
ITAPEVI (COHAB/JARDIM PAULISTA),OSASCO (VILA YARA),como eu vou do itapevi (cohab/jardimpaulista) para vila yara?
ITAPEVI (COHAB/JARDIM PAULISTA),OSASCO (VILA YARA),como eu faco para ir da itapevi (cohab) para a vila yara?
ITAPEVI (VILA GIOIA),OSASCO (VILA YARA),como eu faco para ir do itapevi para a osasco?
ITAPEVI (VILA GIOIA),OSASCO (VILA YARA),como eu faco pra ir do itapevi para a osasco?
ITAPEVI (VILA GIOIA),OSASCO (VILA YARA),como eu faco pra ir do itapevi ate a osasco?
BARUERI (PARQUE VIANA),OSASCO (CENTRO),como eu vou do barueri (parque viana) para o centro de osasco?
BARUERI (PARQUE VIANA),OSASCO (CENTRO),como eu vou do barueri (parque viana) para o centro?
BARUERI (PARQUE VIANA),OSASCO (CENTRO),como eu vou do barueri para o centro?
GUARULHOS (JARDIM FORTALEZA),SAO PAULO (METRO ARMENIA),to em guarulhos e quero saber como ir do jardim fortaleza para sao paulo.
GUARULHOS (JARDIM FORTALEZA),SAO PAULO (METRO ARMENIA),como eu vou do jardim fortaleza em guarulhos para o metro armenia em sao paulo?
GUARULHOS (JARDIM FORTALEZA),SAO PAULO (METRO ARMENIA),to em guarulhos e quero saber como ir do jardim fortaleza para sao paulo.
OSASCO (MUNHOZ JUNIOR),SAO PAULO (METRO VILA MADALENA),como eu vou do osasco (munhoz junior) para o metro vila madalena?
OSASCO (MUNHOZ JUNIOR),SAO PAULO (METRO VILA MADALENA),como eu vou do osasco (munhoz junior) para o metro vila madalena?
OSASCO (MUNHOZ JUNIOR),SAO PAULO (METRO VILA MADALENA),to em osasco e quero saber como ir para sao paulo.
SAO PAULO (SAO MIGUEL PAULISTA),GUARULHOS (TERMINAL METROPOLITANO CECAP),"como eu faco pra pegar um onibus do saulo paulista pra guarulhos, no terminal metropolitano cecap?"
SAO PAULO (SAO MIGUEL PAULISTA),GUARULHOS (TERMINAL METROPOLITANO CECAP),como eu faco pra ir do sao paulo (sao miguel paulista) para o guarulhos (terminal metropolitano cecap)?
SAO PAULO (SAO MIGUEL PAULISTA),GUARULHOS (TERMINAL METROPOLITANO CECAP),como eu faco pra ir do sao paulo (sao miguel paulista) para o guarulhos (terminal metropolitano cecap)?
SAO CAETANO DO SUL (TERMINAL RODOVIARIO NICOLAU DELIC),SANTO ANDRE (TERMINAL METROPOLITANO SANTO ANDRE-LESTE),como eu vou do terminal rodoviario nicolau delnico para o terminal metropolitano santo andre?
SAO CAETANO DO SUL (TERMINAL RODOVIARIO NICOLAU DELIC),SANTO ANDRE (TERMINAL METROPOLITANO SANTO ANDRE-LESTE),como eu faco pra ir do terminal rodoviario nicolau delnico pra santo andre?
SAO CAETANO DO SUL (TERMINAL RODOVIARIO NICOLAU DELIC),SANTO ANDRE (TERMINAL METROPOLITANO SANTO ANDRE-LESTE),como eu faco pra ir do terminal rodoviario nicolau delinio pra santo andre?
SANTA ISABEL (MONTE SERRAT),MOGI DAS CRUZES (ESTACAO CPTM ESTUDANTES),como eu chego da santa isabel (monte serrat) para mogi das cruzes?
SANTA ISABEL (MONTE SERRAT),MOGI DAS CRUZES (ESTACAO CPTM ESTUDANTES),como eu vou da santa isabel ao mogi das cruzes?
SANTA ISABEL (MONTE SERRAT),MOGI DAS CRUZES (ESTACAO CPTM ESTUDANTES),como eu vou da santa isabel (monte serrat) para mogi das cruzes?
SUZANO (CIDADE EDSON),SAO PAULO (ESTACAO CPTM ITAIM PAULISTA),to em suzano (cidade edson) e quero saber como ir de la para sao paulo.
SUZANO (CIDADE EDSON),SAO PAULO (ESTACAO CPTM ITAIM PAULISTA),como eu vou de suzano para sao paulo?
SUZANO (CIDADE EDSON),SAO PAULO (ESTACAO CPTM ITAIM PAULISTA),to em suzano (cidade edson) e quero saber como ir de la para sao paulo.
SAO CAETANO DO SUL (TERMINAL RODOVIARIO NICOLAU DELIC),SAO BERNARDO DO CAMPO (JARDIM JOAO DE BARRO),como eu vou do terminal rodoviario nicolau delinio para sao bernardo do campo?
SAO CAETANO DO SUL (TERMINAL RODOVIARIO NICOLAU DELIC),SAO BERNARDO DO CAMPO (JARDIM JOAO DE BARRO),como eu vou do terminal rodoviario nicolau delnico para sao bernardo do campo?
SAO CAETANO DO SUL (TERMINAL RODOVIARIO NICOLAU DELIC),SAO BERNARDO DO CAMPO (JARDIM JOAO DE BARRO),como eu vou do terminal rodoviario nicolau delnico para sao bernardo do campo?
SAO CAETANO DO SUL (TERMINAL RODOVIARIO NICOLAU DELIC),SAO BERNARDO DO CAMPO (JARDIM LEBLON),como eu faco para ir do terminal rodoviario nicolau delinio em sao caetano do sul ate sao bernardo do campo?
SAO CAETANO DO SUL (TERMINAL RODOVIARIO NICOLAU DELIC),SAO BERNARDO DO CAMPO (JARDIM LEBLON),como eu faco pra ir do terminal rodoviario nicolau delnico em sao caetano do sul para sao bernardo do campo?
SAO CAETANO DO SUL (TERMINAL RODOVIARIO NICOLAU DELIC),SAO BERNARDO DO CAMPO (JARDIM LEBLON),como eu chego do terminal rodoviario nicolau delnico em sao caetano do sul para sao bernardo do campo?
SAO BERNARDO DO CAMPO (UFABC),SAO BERNARDO DO CAMPO (AVENIDA KENNEDY),como eu vou da sao bernardo do campo (ufabc) para a avenida kennedy?
SAO BERNARDO DO CAMPO (UFABC),SAO BERNARDO DO CAMPO (AVENIDA KENNEDY),como eu faco para ir da sao bernardo do campo (ufabc) para a avenida kennedy?
SAO BERNARDO DO CAMPO (UFABC),SAO BERNARDO DO CAMPO (AVENIDA KENNEDY),como eu vou da sao bernardo do campo (ufabc) para a avenida kennedy?
SAO CAETANO DO SUL (TERMINAL RODOVIARIO DOUTOR NICOLAU DELIC),SAO BERNARDO DO CAMPO (VILA SAO JOSE),como eu faco pra ir do terminal rodoviario do dr. nicolau delic em sao caetano do sul pra sao bernardo do campo?
SAO CAETANO DO SUL (TERMINAL RODOVIARIO DOUTOR NICOLAU DELIC),SAO BERNARDO DO CAMPO (VILA SAO JOSE),como eu faco pra ir do terminal rodoviario do dr. nicolau delic em sao caetano do sul pra sao bernardo do campo?
SAO CAETANO DO SUL (TERMINAL RODOVIARIO DOUTOR NICOLAU DELIC),SAO BERNARDO DO CAMPO (VILA SAO JOSE),como eu chego do terminal rodoviario do dr. nicolau delic em sao bernardo do campo?
SANTO ANDRE (JARDIM CAMBUI),SAO PAULO (FABRICA TROL),to em santo andre (jardim cambui) e quero saber como ir pra sao paulo.
SANTO ANDRE (JARDIM CAMBUI),SAO PAULO (FABRICA TROL),como eu vou do jardim cambui para a fabrica trol?
SANTO ANDRE (JARDIM CAMBUI),SAO PAULO (FABRICA TROL),to em santo andre (jardim cambui) e quero saber como ir pra sao paulo.
SAO BERNARDO DO CAMPO (AREA VERDE),SAO PAULO (TERMINAL SACOMA),como eu vou do sao bernardo do campo (area verde) para o sao paulo (terminal sacoma)?
SAO BERNARDO DO CAMPO (AREA VERDE),SAO PAULO (TERMINAL SACOMA),como eu vou do sao bernardo do campo area verde pro saopaulo?
SAO BERNARDO DO CAMPO (AREA VERDE),SAO PAULO (TERMINAL SACOMA),como eu vou do sao bernardo do campo area verde pro saopaulo?
SAO BERNARDO DO CAMPO (CONJUNTO TERRA NOVA II),SAO PAULO (TERMINAL SACOMA),como eu vou do conjunto terra nova ii ate o terminal sacoma?
SAO BERNARDO DO CAMPO (CONJUNTO TERRA NOVA II),SAO PAULO (TERMINAL SACOMA),como eu faco pra chegar no terminal safora a partir do conjunto terra nova ii?
SAO BERNARDO DO CAMPO (CONJUNTO TERRA NOVA II),SAO PAULO (TERMINAL SACOMA),como eu vou do conjunto terra nova ii pra sao paulo?
SAO BERNARDO DO CAMPO (JARDIM NAZARETH),SAO PAULO (TERMINAL SACOMA),como eu vou do jardim nazare para o terminal sacoma?
SAO BERNARDO DO CAMPO (JARDIM NAZARETH),SAO PAULO (TERMINAL SACOMA),como eu vou do sao bernardo do campo (jardim nazareth) para o sao paulo (terminal sacoma)?
SAO BERNARDO DO CAMPO (JARDIM NAZARETH),SAO PAULO (TERMINAL SACOMA),como eu chego do jardim nazare em sao bernardo do campo para o terminal safora?
DIADEMA (ELDORADO),SAO BERNARDO DO CAMPO (BAETA NEVES),como eu vou do eldorado para sao bernardo do campo?
DIADEMA (ELDORADO),SAO BERNARDO DO CAMPO (BAETA NEVES),como eu vou do diadema (eldorado) para o sao bernardo do campo?
DIADEMA (ELDORADO),SAO BERNARDO DO CAMPO (BAETA NEVES),como eu vou do diadema ao sao bernardo do campo?
DIADEMA (ELDORADO),SAO BERNARDO DO CAMPO (BAETA NEVES),como eu faco pra ir do eldorado pra sao bernardo do campo?
DIADEMA (ELDORADO),SAO BERNARDO DO CAMPO (BAETA NEVES),como eu vou do diadema (eldorado) para o sao bernardo do campo?
DIADEMA (ELDORADO),SAO BERNARDO DO CAMPO (BAETA NEVES),como eu vou do diadema (eldorado) para o sao bernardo do campo?
DIADEMA (ELDORADO),SAO BERNARDO DO CAMPO (PACO MUNICIPAL),como eu vou do diadema (eldorado) para o sao bernardo do campo?
DIADEMA (ELDORADO),SAO BERNARDO DO CAMPO (PACO MUNICIPAL),como eu vou do diadema (eldorado) para o sao bernardo do campo?
DIADEMA (ELDORADO),SAO BERNARDO DO CAMPO (PACO MUNICIPAL),como eu chego do diadema (eldorado) em sao bernardo do campo?
MAUA (SILVIA MARIA),SANTO ANDRE (TERMINAL URBANO DE PREFEITO SALADINO),como eu vou do maua para o santo andre?
MAUA (SILVIA MARIA),SANTO ANDRE (TERMINAL URBANO DE PREFEITO SALADINO),como eu vou do maua para o santo andre?
MAUA (SILVIA MARIA),SANTO ANDRE (TERMINAL URBANO DE PREFEITO SALADINO),to em maua e quero saber como ir do terminal urbano de prefeito saladino para santo andre.
MAUA (JARDIM ZAIRA),SAO PAULO (TERMINAL SACOMA),como eu vou do maua (jardim zaira) para o terminal sao paulo?
MAUA (JARDIM ZAIRA),SAO PAULO (TERMINAL SACOMA),como eu vou do maua (jardim zaira) para o terminal sao paulo?
MAUA (JARDIM ZAIRA),SAO PAULO (TERMINAL SACOMA),to aqui em maua (jardim zaira) e preciso saber como ir para o terminal sao paulo.
MAUA (JARDIM ZAIRA),SAO CAETANO DO SUL (BAIRRO SANTO ANTONIO),como eu chego do maua (jardim ardua) ao sao caetano do sul?
MAUA (JARDIM ZAIRA),SAO CAETANO DO SUL (BAIRRO SANTO ANTONIO),como eu vou do maua (jardim zaira) para o sao caetano do sul?
MAUA (JARDIM ZAIRA),SAO CAETANO DO SUL (BAIRRO SANTO ANTONIO),como eu faco pra ir do maua (jardim zaira) para o sao caetano do sul?
MAUA (JARDIM ADELINA),SAO PAULO (TERMINAL SACOMA),como eu vou do maua para o terminal sao?
MAUA (JARDIM ADELINA),SAO PAULO (TERMINAL SACOMA),como eu vou do maua para o terminal sao?
MAUA (JARDIM ADELINA),SAO PAULO (TERMINAL SACOMA),como eu chego do maua (jardim adelina) ao terminal sao paulo?
MAUA  (JARDIM ITAPEVA),SAO CAETANO DO SUL (BAIRRO SANTO ANTONIO),"como eu vou do jardim itapeva para o sao caetano do sul, santo antonio?"
MAUA  (JARDIM ITAPEVA),SAO CAETANO DO SUL (BAIRRO SANTO ANTONIO),"como eu vou do jardim itapeva para o sao caetano do sul, santo antonio do sul?"
MAUA  (JARDIM ITAPEVA),SAO CAETANO DO SUL (BAIRRO SANTO ANTONIO),como eu vou do jardim itapeva para o sao caetano do sul?
GUARULHOS (JD. PALMIRA - PARQUE CONTINENTAL),SAO PAULO (METRO TUCURUVI),como eu faco para ir de guarulhos pra sao paulo pelo metro tucuruvi?
GUARULHOS (JD. PALMIRA - PARQUE CONTINENTAL),SAO PAULO (METRO TUCURUVI),como eu vou do guarulhos para o sao paulo pelo metro tucuruvi?
GUARULHOS (JD. PALMIRA - PARQUE CONTINENTAL),SAO PAULO (METRO TUCURUVI),como eu vou de guarulhos pra sao paulo?
RIBEIRAO PIRES (TERMINAL RODOVIARIO DE RIBEIRAO PIRES),SAO BERNARDO DO CAMPO (TERMINAL PACO - SAO BERNARDO),como eu vou do terminal rodoviario de ribeirao pires para o terminal paco em sao bernardo?
RIBEIRAO PIRES (TERMINAL RODOVIARIO DE RIBEIRAO PIRES),SAO BERNARDO DO CAMPO (TERMINAL PACO - SAO BERNARDO),como eu chego do terminal rodoviario de ribeirao pires ao terminal sao bernardo do campo?
RIBEIRAO PIRES (TERMINAL RODOVIARIO DE RIBEIRAO PIRES),SAO BERNARDO DO CAMPO (TERMINAL PACO - SAO BERNARDO),como eu chego do terminal rodoviario de ribeirao pires ate o terminal sao bernardo?
SANTO ANDRE (PARQUE REPRESA BILLINGS),SAO BERNARDO DO CAMPO (TERMINAL PACO - SAO BERNARDO),como eu posso ir do parque represa billings para o terminal paco em sao bernardo?
SANTO ANDRE (PARQUE REPRESA BILLINGS),SAO BERNARDO DO CAMPO (TERMINAL PACO - SAO BERNARDO),to no parque represa billings e quero saber como ir do santo andre ate o terminal paco em sao bernardo.
SANTO ANDRE (PARQUE REPRESA BILLINGS),SAO BERNARDO DO CAMPO (TERMINAL PACO - SAO BERNARDO),como eu chego do parque resposta billings em santo andre ate o terminal paco em sao bernardo?
RIO GRANDE DA SERRA (CENTRO),SAO BERNARDO DO CAMPO (TERMINAL PACO - SAO BERNARDO),"to aqui no rio grande da serra, e quero saber como chegar no saogonado."
RIO GRANDE DA SERRA (CENTRO),SAO BERNARDO DO CAMPO (TERMINAL PACO - SAO BERNARDO),como eu faco para ir do rio grande da serra (centro) para o sao bernardo do campo?
RIO GRANDE DA SERRA (CENTRO),SAO BERNARDO DO CAMPO (TERMINAL PACO - SAO BERNARDO),to no rio grande da serra e quero saber como ir do terminal paco em sao bernardo.
ARUJA (CENTRO),SAO PAULO (METRO ARMENIA),como eu vou da aruja para o metro armenia?
ARUJA (CENTRO),SAO PAULO (METRO ARMENIA),to na aruja (centro) e quero saber como ir para sao paulo.
ARUJA (CENTRO),SAO PAULO (METRO ARMENIA),como eu vou do aruja para o metro sao paulo?
GUARULHOS (JARDIM ALAMO),SAO PAULO (METRO ARMENIA),to em guarulhos e quero saber como ir do jardim alamo para sao paulo.
GUARULHOS (JARDIM ALAMO),SAO PAULO (METRO ARMENIA),como eu vou do guarulhos (jardim alamo) para o sao paulo?
GUARULHOS (JARDIM ALAMO),SAO PAULO (METRO ARMENIA),to em guarulhos e quero saber como ir do jardim alamo para sao paulo.
GUARULHOS (VILA CARMELA),SAO PAULO (METRO ARMENIA),to em guarulhos (vila carmela) e quero saber como ir para sao paulo.
GUARULHOS (VILA CARMELA),SAO PAULO (METRO ARMENIA),to em vila carmela e quero saber como ir de la para sao paulo.
GUARULHOS (VILA CARMELA),SAO PAULO (METRO ARMENIA),como eu vou da vila carmela para o metro armenia?
GUARULHOS (PARQUE RESIDENCIAL BAMBI),SAO PAULO (METRO ARMENIA),como eu chego do parque residencial bambi em guarulhos ate sao paulo?
GUARULHOS (PARQUE RESIDENCIAL BAMBI),SAO PAULO (METRO ARMENIA),como eu vou do parque residencial bambi para o metro armenia?
GUARULHOS (PARQUE RESIDENCIAL BAMBI),SAO PAULO (METRO ARMENIA),como eu vou do parque residencial bambi para o metro armenia?
SAO CAETANO DO SUL (ESTACAO),SAO PAULO (JARDIM TIETE),to em estacao sao caetano e quero saber como chegar em sao paulo.
SAO CAETANO DO SUL (ESTACAO),SAO PAULO (JARDIM TIETE),como eu vou de estacao sao caetano do sul para o jardim tiete?
SAO CAETANO DO SUL (ESTACAO),SAO PAULO (JARDIM TIETE),como eu chego de estacao sao caetano do sul ate o jardim tiete?
SAO CAETANO DO SUL (ESTACAO),SAO PAULO (VILA INDUSTRIAL),"to em estacao sao caetano do sul e quero saber como ir pra sao paulo, na vila industrial."
SAO CAETANO DO SUL (ESTACAO),SAO PAULO (VILA INDUSTRIAL),como eu vou do estacao para sao paulo vila industrial?
SAO CAETANO DO SUL (ESTACAO),SAO PAULO (VILA INDUSTRIAL),como eu vou do estacao sao caetano do sul para a vila industrial de sao paulo?
SANTO ANDRE (JARDIM SANTA CRISTINA),SAO PAULO (JARDIM PLANALTO),to em santo andre (jardim santa cristiana) e quero saber como ir de la para sao paulo (jardim planalto).
SANTO ANDRE (JARDIM SANTA CRISTINA),SAO PAULO (JARDIM PLANALTO),to em santo andre e quero saber como ir do jardim santa cristina para o jardim planalto.
SANTO ANDRE (JARDIM SANTA CRISTINA),SAO PAULO (JARDIM PLANALTO),to em santo andre e quero saber como ir do jardim santa cristina para o jardim planalto.
GUARULHOS (COCAIA),SAO PAULO (METRO ARMENIA),to em guarulhos e to procurando saber como ir de aqui para sao paulo.
GUARULHOS (COCAIA),SAO PAULO (METRO ARMENIA),to em guarulhos e quero saber como ir de aqui para sao paulo.
GUARULHOS (COCAIA),SAO PAULO (METRO ARMENIA),to em guarulhos e quero saber como ir do meu lugar ate sao paulo.
RIBEIRAO PIRES (TERMINAL RODOVIARIO DE RIBEIRAO PIRES),SANTO ANDRE (TERMINAL METROPOLITANO SANTO ANDRE-LESTE),como eu chego do terminal rodoviario de ribeiraos pires ate o terminal metropolitano santo andre?
RIBEIRAO PIRES (TERMINAL RODOVIARIO DE RIBEIRAO PIRES),SANTO ANDRE (TERMINAL METROPOLITANO SANTO ANDRE-LESTE),como eu faco pra ir do terminal rodoviario de ribeiraos pires ate o terminal metropolitano santo andre?
RIBEIRAO PIRES (TERMINAL RODOVIARIO DE RIBEIRAO PIRES),SANTO ANDRE (TERMINAL METROPOLITANO SANTO ANDRE-LESTE),como eu vou do terminal rodoviario de ribeiraos pires ate o terminal metropolitano santo andre?
EMBU DAS ARTES (JARDIM VAZAME),SAO PAULO (METRO CAMPO LIMPO),como eu vou de embu das artes para o metro campo limpo?
EMBU DAS ARTES (JARDIM VAZAME),SAO PAULO (METRO CAMPO LIMPO),como eu faco pra ir do embu das artes ate o metro campo limpo?
EMBU DAS ARTES (JARDIM VAZAME),SAO PAULO (METRO CAMPO LIMPO),como eu vou de embu das artes para o metro campo limpo?
EMBU DAS ARTES (JARDIM NOSSA SENHORA DE FATIMA),SAO PAULO (METRO CAMPO LIMPO),como eu faco pra ir do embu das artes ate o metro campo limpo?
EMBU DAS ARTES (JARDIM NOSSA SENHORA DE FATIMA),SAO PAULO (METRO CAMPO LIMPO),como eu vou do embu das artes para o metro campo limpo?
EMBU DAS ARTES (JARDIM NOSSA SENHORA DE FATIMA),SAO PAULO (METRO CAMPO LIMPO),como eu vou de embu das artes para o metro campo limpo?
OSASCO (JARDIM PRIMEIRO DE MAIO),SAO PAULO (LAPA),como eu vou do jardim primeiro de maio para sao paulo?
OSASCO (JARDIM PRIMEIRO DE MAIO),SAO PAULO (LAPA),como eu faco pra ir do jardim primeiro de maio para sao paulo?
OSASCO (JARDIM PRIMEIRO DE MAIO),SAO PAULO (LAPA),como eu saio de osasco (jardim primeiro de maio) e chego em sao paulo (lapa)?
OSASCO (JARDIM PRIMEIRO DE MAIO),SAO PAULO (LAPA),como eu vou do jardim primeiro de maio para sao paulo?
OSASCO (JARDIM PRIMEIRO DE MAIO),SAO PAULO (LAPA),como eu vou do jardim primeiro de maio para sao paulo?
OSASCO (JARDIM PRIMEIRO DE MAIO),SAO PAULO (LAPA),como eu vou do jardim primeiro de maio para sao paulo?
OSASCO (JARDIM PRIMEIRO DE MAIO),SAO PAULO (LAPA),como eu vou do osasco (jardim primeiro de maio) para sao paulo?
OSASCO (JARDIM PRIMEIRO DE MAIO),SAO PAULO (LAPA),como eu faco pra ir de osasco (jardim primeiro de maio) para sao paulo (lapa)?
OSASCO (JARDIM PRIMEIRO DE MAIO),SAO PAULO (LAPA),como eu vou do jardim primeiro de maio para sao paulo?
CARAPICUIBA (PARQUE SANTA TEREZA),SAO PAULO (LAPA),"to no carapicuiba e quero saber como ir para sao paulo, pela apa."
CARAPICUIBA (PARQUE SANTA TEREZA),SAO PAULO (LAPA),"como eu faco para ir do carapicuiba ao sao paulo, sapopemba?"
CARAPICUIBA (PARQUE SANTA TEREZA),SAO PAULO (LAPA),to em carapicuiba e quero saber como ir pra sao paulo.
SAO BERNARDO DO CAMPO (ACAMPAMENTO DOS ENGENHEIROS),DIADEMA (TERMINAL METROPOLITANO DIADEMA),como eu vou do sao bernardo do campo (acampamento dos engenheios) para o diadema (terminal metropolitano diadema)?
SAO BERNARDO DO CAMPO (ACAMPAMENTO DOS ENGENHEIROS),DIADEMA (TERMINAL METROPOLITANO DIADEMA),como eu vou do sao bernardo do campo (acampamento dos engenheiros) para o diadema (terminal metropolitano diadema)?
SAO BERNARDO DO CAMPO (ACAMPAMENTO DOS ENGENHEIROS),DIADEMA (TERMINAL METROPOLITANO DIADEMA),como eu faco pra ir do sao bernardo do campo (acampamento dos engenheiros) ate o diadema?
MAIRIPORA (TERMINAL RODOVIARIO SIGUEMI AIACYDA),SAO PAULO (CAMPOS ELISEOS),como eu vou do terminal rodoviario siguemi aiacyda para sao paulo?
MAIRIPORA (TERMINAL RODOVIARIO SIGUEMI AIACYDA),SAO PAULO (CAMPOS ELISEOS),como eu vou de mairipora para sao paulo?
MAIRIPORA (TERMINAL RODOVIARIO SIGUEMI AIACYDA),SAO PAULO (CAMPOS ELISEOS),como eu vou do terminal rodoviario aiacyda para o campos elisios?
TABOAO DA SERRA (JARDIM SAO JUDAS TADEU),SAO PAULO (METRO BUTANTA),como eu faco pra ir do taboao da serra (jardim sao judas tadeu) para o metro butanta?
TABOAO DA SERRA (JARDIM SAO JUDAS TADEU),SAO PAULO (METRO BUTANTA),como eu vou do taboao da serra ate o metro butanta?
TABOAO DA SERRA (JARDIM SAO JUDAS TADEU),SAO PAULO (METRO BUTANTA),como eu chego do taboao da serra (jardim sao judas tadeu) em sao paulo?
TABOAO DA SERRA (CONDOMINIO JOAO CANDIDO),SAO PAULO (METRO VILA SONIA),como eu vou do taboao da serra para o metro vila sonia?
TABOAO DA SERRA (CONDOMINIO JOAO CANDIDO),SAO PAULO (METRO VILA SONIA),como eu vou do taboao da serra ate o metro vila sonia?
TABOAO DA SERRA (CONDOMINIO JOAO CANDIDO),SAO PAULO (METRO VILA SONIA),como eu vou do taboao da serra para o metro vila sonia?
EMBU DAS ARTES (JARDIM SANTA TEREZA),SAO PAULO (METRO CAPAO REDONDO),to em embuas artes e quero saber como ir do jardim santa teresa para o metro capao redondo.
EMBU DAS ARTES (JARDIM SANTA TEREZA),SAO PAULO (METRO CAPAO REDONDO),to em embu das artes e quero saber como chegar no metro capao redondo.
EMBU DAS ARTES (JARDIM SANTA TEREZA),SAO PAULO (METRO CAPAO REDONDO),to em embu das artes e quero saber como ir do jardim santa tereza pro metro caparedo.
SAO CAETANO DO SUL (TERMINAL RODOVIARIO NICOLAU DELIC),SANTO ANDRE (CATA PRETA),como eu faco pra ir do terminal rodoviario nicolau delnico em sao caiato ate santo andre?
SAO CAETANO DO SUL (TERMINAL RODOVIARIO NICOLAU DELIC),SANTO ANDRE (CATA PRETA),como eu faco pra ir do terminal rodoviario nicolau delnico em sant'andrea?
SAO CAETANO DO SUL (TERMINAL RODOVIARIO NICOLAU DELIC),SANTO ANDRE (CATA PRETA),como eu faco pra ir do terminal rodoviario nicolau delnico pra santo andre?
SAO BERNARDO DO CAMPO (TERMINAL METROPOLITANO FERRAZOPOLIS),DIADEMA (TERMINAL METROPOLITANO PIRAPORINHA),como eu vou do terminal ferropolis ferrazopolis para o terminal ferropolis pirapinhos?
SAO BERNARDO DO CAMPO (TERMINAL METROPOLITANO FERRAZOPOLIS),DIADEMA (TERMINAL METROPOLITANO PIRAPORINHA),como eu faco pra ir do terminal ferroazul para o terminal pirapinhos?
SAO BERNARDO DO CAMPO (TERMINAL METROPOLITANO FERRAZOPOLIS),DIADEMA (TERMINAL METROPOLITANO PIRAPORINHA),como eu faco para ir do terminal ferrohaus do sao bernardo do campo ate o terminal pirapinho do diadema?
SAO BERNARDO DO CAMPO (PARQUE SELECTA),SANTO ANDRE (TERMINAL METROPOLITANO SANTO ANDRE-OESTE),"como eu vou do sao bernardo do campo para o santo andre, que terminal ele tem?"
SAO BERNARDO DO CAMPO (PARQUE SELECTA),SANTO ANDRE (TERMINAL METROPOLITANO SANTO ANDRE-OESTE),como eu faco para ir do parque selecta para o terminal metropolitano santa andre?
SAO BERNARDO DO CAMPO (PARQUE SELECTA),SANTO ANDRE (TERMINAL METROPOLITANO SANTO ANDRE-OESTE),como eu vou do parque selecta para o terminal metropolitano santa andre?
FRANCISCO MORATO (PARQUE PAULISTA),SAO PAULO (LAPA),to no parque paulista e quero saber como ir de francisco morato pra sao paulo.
FRANCISCO MORATO (PARQUE PAULISTA),SAO PAULO (LAPA),to no parque paulista e quero saber como ir de francisco morato pra sao paulo.
FRANCISCO MORATO (PARQUE PAULISTA),SAO PAULO (LAPA),como eu faco para ir do parque paulista para sao paulo?
CAIEIRAS (LARANJEIRAS),SAO PAULO (LAPA),to em caieiras e quero saber como ir de la pra sao paulo.
CAIEIRAS (LARANJEIRAS),SAO PAULO (LAPA),to em caieiras e quero saber como chegar em sao paulo.
CAIEIRAS (LARANJEIRAS),SAO PAULO (LAPA),to em caieiras e quero saber como chegar em sao paulo.
FRANCO DA ROCHA (JARDIM LUCIANA),SAO PAULO (PERUS),como eu vou do jardim luciana para sao paulo?
FRANCO DA ROCHA (JARDIM LUCIANA),SAO PAULO (PERUS),como eu chego de franco da rocha (jardim luciana) para sao paulo?
FRANCO DA ROCHA (JARDIM LUCIANA),SAO PAULO (PERUS),como eu chego de franco da rocha (jardim luciana) em sao paulo?
MOGI DAS CRUZES (TERMINAL RODOVIARIO GERALDO SCAVONE),SAO PAULO (TERMINAL RODOVIARIO TIETE),como eu faco pra chegar no terminal rodoviario tiete a partir de mogi das cruzes?
MOGI DAS CRUZES (TERMINAL RODOVIARIO GERALDO SCAVONE),SAO PAULO (TERMINAL RODOVIARIO TIETE),como eu vou do terminal rodoviario goraldo scavone em mogi das cruzes para o terminal rodoviario tiete em sao paulo?
MOGI DAS CRUZES (TERMINAL RODOVIARIO GERALDO SCAVONE),SAO PAULO (TERMINAL RODOVIARIO TIETE),como eu vou do terminal rodoviario geraldo scavone em mogi das cruzes ate o terminal rodoviario tiete em sao paulo?
MOGI DAS CRUZES (TERMINAL RODOVIARIO GERALDO SCAVONE),SAO PAULO (TERMINAL RODOVIARIO TIETE),como eu chego do terminal rodoviario gualterdo scavone em sao paulo ate o terminal rodoviario tiete?
MOGI DAS CRUZES (TERMINAL RODOVIARIO GERALDO SCAVONE),SAO PAULO (TERMINAL RODOVIARIO TIETE),como eu chego do terminal rodoviario gualterdo scavone em sao paulo ate o terminal rodoviario tiete?
MOGI DAS CRUZES (TERMINAL RODOVIARIO GERALDO SCAVONE),SAO PAULO (TERMINAL RODOVIARIO TIETE),como eu faco pra ir do terminal rodoviario geraldo scavone em mogi das cruzes ate o terminal rodoviario tiete em sao paulo?
OSASCO (JARDIM ADALGISA),SAO PAULO (PIRITUBA),como eu faco pra ir do jardim adalgisa em osasco pro piritura?
OSASCO (JARDIM ADALGISA),SAO PAULO (PIRITUBA),como eu faco para ir do jardim adalgisa em osasco para sao paulo piratuba?
OSASCO (JARDIM ADALGISA),SAO PAULO (PIRITUBA),"to em osasco e quero saber como ir pra sao paulo, no piritura."
OSASCO (BEL JARDIM),SAO PAULO (LAPA),como eu chego do osasco (bel jardim) para o sao paulo (lapa)?
OSASCO (BEL JARDIM),SAO PAULO (LAPA),como eu vou do osasco (bel jardim) para o sao paulo (lapa)?
OSASCO (BEL JARDIM),SAO PAULO (LAPA),como eu vou do osasco (bel jardim) para sao paulo?
OSASCO (MUNHOZ JUNIOR),SAO PAULO (LAPA),como eu vou do osasco (munhoz junior) para sao paulo?
OSASCO (MUNHOZ JUNIOR),SAO PAULO (LAPA),como eu vou do osasco (munhoz junior) para sao paulo?
OSASCO (MUNHOZ JUNIOR),SAO PAULO (LAPA),como eu chego de osasco (munhoz junior) para sao paulo?
GUARAREMA (CENTRO),SAO PAULO (TERMINAL RODOVIARIO TIETE),como eu vou do guararema (centro) pra sao paulo?
GUARAREMA (CENTRO),SAO PAULO (TERMINAL RODOVIARIO TIETE),to aqui em guararema e quero saber como ir para o terminal rodoviario tiete.
GUARAREMA (CENTRO),SAO PAULO (TERMINAL RODOVIARIO TIETE),to aqui em guararape e quero saber como ir pro terminal rodoviario tiete.
GUARAREMA (TERMINAL RODOVIARIO DE GUARAREMA),MOGI DAS CRUZES (TERMINAL RODOVIARIO GERALDO SCAVONE),como eu chego do terminal rodoviario de guararema ate o terminal rodoviario geraldo scavone?
GUARAREMA (TERMINAL RODOVIARIO DE GUARAREMA),MOGI DAS CRUZES (TERMINAL RODOVIARIO GERALDO SCAVONE),como eu vou do terminal rodoviario de guararema para o terminal rodoviario geraldo scavone?
GUARAREMA (TERMINAL RODOVIARIO DE GUARAREMA),MOGI DAS CRUZES (TERMINAL RODOVIARIO GERALDO SCAVONE),como eu vou do terminal rodoviario de guararema para o terminal rodoviario geraldo scavone?
BIRITIBA MIRIM (CASA GRANDE),MOGI DAS CRUZES (CENTRO),como eu faco para ir da biritiba mirim para mogi das cruzes?
BIRITIBA MIRIM (CASA GRANDE),MOGI DAS CRUZES (CENTRO),como eu vou do biritiba mirim para mogi das cruzes?
BIRITIBA MIRIM (CASA GRANDE),MOGI DAS CRUZES (CENTRO),como eu faco pra ir do biritiba mirim para mogi das cruzes?
OSASCO (VILA MENCK),SAO PAULO (PINHEIROS),como eu vou de osasco para sao paulo?
OSASCO (VILA MENCK),SAO PAULO (PINHEIROS),como eu faco pra ir de osasco (vila menck) para sao paulo?
OSASCO (VILA MENCK),SAO PAULO (PINHEIROS),to em osasco e queria saber como ir para sao paulo.
DIADEMA (JARDIM SAPOPEMA),SAO PAULO (TERMINAL SACOMA),como eu vou do jardim sapopema para o terminal sacoma?
DIADEMA (JARDIM SAPOPEMA),SAO PAULO (TERMINAL SACOMA),como eu chego do jardim sapopema ate o terminal sacramento?
DIADEMA (JARDIM SAPOPEMA),SAO PAULO (TERMINAL SACOMA),como eu chego do jardim sapopema em diadema para o terminal sacomma?
TABOAO DA SERRA (JARDIM SAO JUDAS TADEU),OSASCO (CENTRO),como eu vou do taboao da serra para o centro de osasco?
TABOAO DA SERRA (JARDIM SAO JUDAS TADEU),OSASCO (CENTRO),como eu vou do taboao da serra para o osasco?
TABOAO DA SERRA (JARDIM SAO JUDAS TADEU),OSASCO (CENTRO),to perto do jardim sao judas tadeu e queria saber como chegar em osasco.
SUZANO (CENTRO),SAO PAULO (TERMINAL RODOVIARIO TIETE),to na suzano (centro) e quero saber como ir pra sao paulo.
SUZANO (CENTRO),SAO PAULO (TERMINAL RODOVIARIO TIETE),to em suzano e quero saber como ir do meu lugar ate o terminal rodoviario tiete.
SUZANO (CENTRO),SAO PAULO (TERMINAL RODOVIARIO TIETE),to em suzano e quero saber como ir do meu local para o terminal rodoviario tiete.
ITAQUAQUECETUBA (RANCHO GRANDE),SAO PAULO (TERMINAL RODOVIARIO TIETE),como eu chego do itaquaquecetuba em sao paulo ao terminal rodoviario tiete?
ITAQUAQUECETUBA (RANCHO GRANDE),SAO PAULO (TERMINAL RODOVIARIO TIETE),como eu vou do itaquaquecetuba para o terminal rodoviario tiete?
ITAQUAQUECETUBA (RANCHO GRANDE),SAO PAULO (TERMINAL RODOVIARIO TIETE),como eu chego do itaquaquecetuba em sao paulo no terminal rodoviario tiete?
RIBEIRAO PIRES (TERMINAL RODOVIARIO DE RIBEIRAO PIRES),SUZANO (CENTRO),como eu faco para ir do terminal rodoaviario de ribeiraos pires para o centro de suzano?
RIBEIRAO PIRES (TERMINAL RODOVIARIO DE RIBEIRAO PIRES),SUZANO (CENTRO),como eu chego do terminal rodoaviario de ribeiraos pires ate o suzano?
RIBEIRAO PIRES (TERMINAL RODOVIARIO DE RIBEIRAO PIRES),SUZANO (CENTRO),como eu faco para ir do terminal rodoviario de ribeiraos pires para o centro de suzano?
FRANCISCO MORATO (JARDIM DA ALEGRIA),FRANCO DA ROCHA (CENTRO),como eu faco para ir do jardim da alegria ate o franco da rocha?
FRANCISCO MORATO (JARDIM DA ALEGRIA),FRANCO DA ROCHA (CENTRO),como eu faco para ir do jardim da alegria ate o franco da rocha?
FRANCISCO MORATO (JARDIM DA ALEGRIA),FRANCO DA ROCHA (CENTRO),como eu vou do jardim da alegria para o franco da rocha?
SAO BERNARDO DO CAMPO (CONJUNTO TERRA NOVA II),SAO PAULO (TERMINAL RODOVIARIO TIETE),"to em sao bernardo do campo (conjunto terra nova ii) e quero saber como ir do local pra sao paulo, no terminal rodoviario tiete."
SAO BERNARDO DO CAMPO (CONJUNTO TERRA NOVA II),SAO PAULO (TERMINAL RODOVIARIO TIETE),"to em sao bernardo do campo (conjunto terra nova ii) e quero saber como ir do local pra sao paulo, no terminal rodoaviario tiete."
SAO BERNARDO DO CAMPO (CONJUNTO TERRA NOVA II),SAO PAULO (TERMINAL RODOVIARIO TIETE),como eu vou do conjunto terra nova ii ate o terminal rodoviario tiete?
SAO BERNARDO DO CAMPO (AREA VERDE),SAO PAULO (TERMINAL RODOVIARIO TIETE),como eu vou do sao bernardo do campo (area verde) pra sao paulo?
SAO BERNARDO DO CAMPO (AREA VERDE),SAO PAULO (TERMINAL RODOVIARIO TIETE),como eu chego do sao bernardo do campo (area verde) ao sao paulo (terminal rodoviario tiete)?
SAO BERNARDO DO CAMPO (AREA VERDE),SAO PAULO (TERMINAL RODOVIARIO TIETE),como eu chego do sao bernardo do campo (area verde) ao sao paulo (terminal rodoviario tiete)?
SAO BERNARDO DO CAMPO (TERMINAL METROPOLITANO FERRAZOPOLIS),SAO PAULO (GLICERIO),como eu faco pra ir do terminal ferropolis de sao bernardo do campo ate o glierio?
SAO BERNARDO DO CAMPO (TERMINAL METROPOLITANO FERRAZOPOLIS),SAO PAULO (GLICERIO),como eu vou do terminal ferrozipal para o gliso?
SAO BERNARDO DO CAMPO (TERMINAL METROPOLITANO FERRAZOPOLIS),SAO PAULO (GLICERIO),como eu vou do terminal ferrozona para o gliso?
SAO BERNARDO DO CAMPO (TERMINAL METROPOLITANO FERRAZOPOLIS),SAO PAULO (GLICERIO),como eu faco para ir do terminal ferrozipal para o gliso?
SAO BERNARDO DO CAMPO (TERMINAL METROPOLITANO FERRAZOPOLIS),SAO PAULO (GLICERIO),como eu faco pra chegar no glierio a partir do terminal metro fernao coelho?
SAO BERNARDO DO CAMPO (TERMINAL METROPOLITANO FERRAZOPOLIS),SAO PAULO (GLICERIO),como eu faco para ir do terminal ferro  para o glicioro?
SANTA ISABEL (MONTE SERRAT),SAO PAULO (METRO ARMENIA),como eu vou da santa isabel (monte serrat) para o sao paulo?
SANTA ISABEL (MONTE SERRAT),SAO PAULO (METRO ARMENIA),to em santa isabel e quero saber como ir do meu lugar ate o metro armenia em sao paulo.
SANTA ISABEL (MONTE SERRAT),SAO PAULO (METRO ARMENIA),to em santa isabel e quero saber como ir de la para sao paulo.
SANTA ISABEL (MONTE SERRAT),GUARULHOS (CENTRO),to em santa isabel e quero saber como ir para guarulhos.
SANTA ISABEL (MONTE SERRAT),GUARULHOS (CENTRO),como eu chego da santa isabel (monte serrat) para os guarulhos?
SANTA ISABEL (MONTE SERRAT),GUARULHOS (CENTRO),como eu chego da santa isabel (monte serrat) para os guarulhos?
CARAPICUIBA (COHAB V),OSASCO (VILA YARA),to em carapicuiba e preciso saber como ir do meu local pra vila yara.
CARAPICUIBA (COHAB V),OSASCO (VILA YARA),como eu vou do carapicuiba para a vila yara?
CARAPICUIBA (COHAB V),OSASCO (VILA YARA),como eu faco pra ir do carapicuiba (cohab v) ate a vila yara em osasco?
EMBU-GUACU (CHACARA FLORIDA),SAO PAULO (TERMINAL GRAJAU),to em embu-guacu e quero saber como ir do terminal grajau para sao paulo.
EMBU-GUACU (CHACARA FLORIDA),SAO PAULO (TERMINAL GRAJAU),como eu faco pra ir do embu-guacu para o terminal grajau?
EMBU-GUACU (CHACARA FLORIDA),SAO PAULO (TERMINAL GRAJAU),to em embu-guacu e quero saber como pegar no terminal grajau.
GUARULHOS (JARDIM LEBLON),SAO PAULO (METRO ARMENIA),to em guarulhos e quero saber como ir do jardim leblon para sao paulo.
GUARULHOS (JARDIM LEBLON),SAO PAULO (METRO ARMENIA),to em guarulhos (jardim leblon) e quero saber como ir para sao paulo.
GUARULHOS (JARDIM LEBLON),SAO PAULO (METRO ARMENIA),to em guarulhos (jardim leblon) e queria saber como ir para sao paulo.
GUARULHOS (JARDIM LEBLON),SAO PAULO (METRO ARMENIA),como eu chego de guarulhos para sao paulo?
GUARULHOS (JARDIM LEBLON),SAO PAULO (METRO ARMENIA),como eu chego do guarulhos (jardim leblon) em sao paulo?
GUARULHOS (JARDIM LEBLON),SAO PAULO (METRO ARMENIA),to em guarulhos (jardim leblon) e queria saber como ir pra sao paulo.
BARUERI (ALPHAVILLE 3 / BRADESCO),SAO PAULO (LAPA),como eu vou do barueri (alphaville 3 / bradesco) para sao paulo?
BARUERI (ALPHAVILLE 3 / BRADESCO),SAO PAULO (LAPA),como eu vou do barueri (alphaville 3 / bradesco) para sao paulo?
BARUERI (ALPHAVILLE 3 / BRADESCO),SAO PAULO (LAPA),como eu chego de barueri (alphaville 3 / bradesco para sao paulo (lapa)?
OSASCO (JARDIM ACUCARA),SAO PAULO (LAPA),como eu chego do jardim acucara em osasco ate sao paulo (lapa)?
OSASCO (JARDIM ACUCARA),SAO PAULO (LAPA),"como eu vou do jardim acucara para sao paulo, sapo?"
OSASCO (JARDIM ACUCARA),SAO PAULO (LAPA),"como eu vou do jardim acucara para sao paulo, sapo?"
BARUERI (ALPHAVILLE),OSASCO (VILA YARA),como eu faco pra ir do barueri (alphaville) para a vila yara?
BARUERI (ALPHAVILLE),OSASCO (VILA YARA),como eu vou do barueri (alphaville) ate a vila yara?
BARUERI (ALPHAVILLE),OSASCO (VILA YARA),como eu vou do barueri (alphaville) para a vila yara?
OSASCO (JARDIM ELVIRA),SAO PAULO (METRO ARMENIA),como eu vou do jardim elvira para sao paulo?
OSASCO (JARDIM ELVIRA),SAO PAULO (METRO ARMENIA),to em osasco e quero saber como ir para sao paulo.
OSASCO (JARDIM ELVIRA),SAO PAULO (METRO ARMENIA),to em osasco e quero saber como ir para sao paulo.
OSASCO (MUNHOZ JUNIOR),SAO PAULO (METRO ARMENIA),como eu faco pra ir do osasco (munhoz junior) ate o metro armenia?
OSASCO (MUNHOZ JUNIOR),SAO PAULO (METRO ARMENIA),como eu saio de osasco (munhoz junior) e chego no metro armenia em sao paulo?
OSASCO (MUNHOZ JUNIOR),SAO PAULO (METRO ARMENIA),como eu faco pra ir do osasco (munhoz junior) para o metro sao paulo?
DIADEMA (TERMINAL METROPOLITANO PIRAPORINHA),SAO PAULO (TERMINAL SACOMA),como eu faco pra chegar no terminal saopaulo a partir do terminal metropolitano pirapora?
DIADEMA (TERMINAL METROPOLITANO PIRAPORINHA),SAO PAULO (TERMINAL SACOMA),como eu vou do terminal metropolitano pirapora pra sao paulo?
DIADEMA (TERMINAL METROPOLITANO PIRAPORINHA),SAO PAULO (TERMINAL SACOMA),como eu vou do terminal metropolitano pirapora pra sao paulo?
ITAPECERICA DA SERRA (JARDIM SAO PEDRO),SAO PAULO (METRO CAPAO REDONDO),como eu chego do jardim sao pedro para o metro capao redondo?
ITAPECERICA DA SERRA (JARDIM SAO PEDRO),SAO PAULO (METRO CAPAO REDONDO),to aqui em itapecerica da serra (jardim sao pedro) e queria saber como ir para o metro capao redondo.
ITAPECERICA DA SERRA (JARDIM SAO PEDRO),SAO PAULO (METRO CAPAO REDONDO),como eu vou de itapecerica da serra para o metro capao redondo?
SAO BERNARDO DO CAMPO (PARQUE LOS ANGELES),SANTO ANDRE (TERMINAL METROPOLITANO SANTO ANDRE-OESTE),como eu faco para ir do parque los angeles para o terminal metropolitano santa andrea-oeste?
SAO BERNARDO DO CAMPO (PARQUE LOS ANGELES),SANTO ANDRE (TERMINAL METROPOLITANO SANTO ANDRE-OESTE),como eu faco pra ir do sao bernardo do campo ate o terminal metropolitano santo andro-oeste?
SAO BERNARDO DO CAMPO (PARQUE LOS ANGELES),SANTO ANDRE (TERMINAL METROPOLITANO SANTO ANDRE-OESTE),como eu faco para ir do parque los angeles para o terminal metropolitano santa andrea-oeste?
ITAPECERICA DA SERRA (JARDIM SAO MARCOS),COTIA (TERMINAL METROPOLITANO COTIA),"to aqui no jardim sao marcos, e quero saber como ir do aqui para o terminal metropolitano cotia."
ITAPECERICA DA SERRA (JARDIM SAO MARCOS),COTIA (TERMINAL METROPOLITANO COTIA),to aqui perto do jardim sao marcos e quero saber como ir para o terminal metropolitano cotia.
ITAPECERICA DA SERRA (JARDIM SAO MARCOS),COTIA (TERMINAL METROPOLITANO COTIA),como eu faco pra ir do itapecerica da serra (jardim sao marcos) para o terminal metropolitano cotia?
MAIRIPORA (TERMINAL RODOVIARIO SIGUEMI AIACYDA),SAO PAULO (TERMINAL RODOVIARIO DO TIETE),como eu vou do terminal rodoviario siuemi aiacyda para o terminal rodoviario do tiete?
MAIRIPORA (TERMINAL RODOVIARIO SIGUEMI AIACYDA),SAO PAULO (TERMINAL RODOVIARIO DO TIETE),como eu vou do terminal rodoviario aiacyda para o terminal rodoviario do tiete?
MAIRIPORA (TERMINAL RODOVIARIO SIGUEMI AIACYDA),SAO PAULO (TERMINAL RODOVIARIO DO TIETE),como eu vou do terminal rodoviario aiacyda para o terminal rodoviario do tiete?
TABOAO DA SERRA (PARQUE JACARANDA),SAO PAULO (METRO VILA SONIA),como eu chego do taboao da serra no metro vila sonia?
TABOAO DA SERRA (PARQUE JACARANDA),SAO PAULO (METRO VILA SONIA),como eu chego do taboao da serra no metro vila sonia?
TABOAO DA SERRA (PARQUE JACARANDA),SAO PAULO (METRO VILA SONIA),como eu faco pra ir do taboao da serra ate o metro vila sonia?
ITAQUAQUECETUBA (JARDIM PINHEIRINHO),SAO PAULO (METRO CARRAO),como eu chego do jardim pinheirinho no metro carrao?
ITAQUAQUECETUBA (JARDIM PINHEIRINHO),SAO PAULO (METRO CARRAO),como eu chego do jardim pinheirinho no metro carrao?
ITAQUAQUECETUBA (JARDIM PINHEIRINHO),SAO PAULO (METRO CARRAO),to no jardim pinheirinho e quero ir para sao paulo.
ITAQUAQUECETUBA (PEQUENO CORACAO),SAO PAULO (METRO CARRAO),to aqui em itaquaquecetuba e preciso ir para sao paulo. como eu faco?
ITAQUAQUECETUBA (PEQUENO CORACAO),SAO PAULO (METRO CARRAO),como eu vou do itaquaquecetuba para sao paulo pelo metro?
ITAQUAQUECETUBA (PEQUENO CORACAO),SAO PAULO (METRO CARRAO),como eu vou de itaquaquecetuba para sao paulo pelo metro?
SANTA ISABEL (MONTE SERRAT),SAO PAULO (TERMINAL RODOVIARIO TIETE),to aqui na santa isabel (monte serrat) e quero saber como ir pro terminal rodoviario tiete.
SANTA ISABEL (MONTE SERRAT),SAO PAULO (TERMINAL RODOVIARIO TIETE),to em santa isabel e quero saber como ir do terminal rodoviario tiete.
SANTA ISABEL (MONTE SERRAT),SAO PAULO (TERMINAL RODOVIARIO TIETE),to na santa isabel e queria saber como pegar o onibus ate o terminal rodoviario tiete.
SANTA ISABEL (MONTE SERRAT),SAO PAULO (TERMINAL RODOVIARIO TIETE),to em santa isabel e quero saber como ir para o terminal rodoviario tiete.
SANTA ISABEL (MONTE SERRAT),SAO PAULO (TERMINAL RODOVIARIO TIETE),to na santa isabel (monte serrat) e quero saber como ir ate o terminal rodoviario tiete.
SANTA ISABEL (MONTE SERRAT),SAO PAULO (TERMINAL RODOVIARIO TIETE),como eu faco pra chegar do santa isabel (monte serrat) no terminal rodoviario tiete?
OSASCO (CENTRO),COTIA (RODOVIA RAPOSO TAVARES - KM 21),como eu chego de osasco (centro) para cotia (rodovia raposo tavares - km 21)?
OSASCO (CENTRO),COTIA (RODOVIA RAPOSO TAVARES - KM 21),como eu vou de osasco para cotia pela rodovia dos bandeirantes?
OSASCO (CENTRO),COTIA (RODOVIA RAPOSO TAVARES - KM 21),como eu vou do osasco (centro) pra cotia pela rodovia asprotai?
OSASCO (VILA YARA),COTIA (RODOVIA RAPOSO TAVARES SP-270 - KM 21),como eu vou da osasco (vila yara) para o rodovia dos palmares?
OSASCO (VILA YARA),COTIA (RODOVIA RAPOSO TAVARES SP-270 - KM 21),como eu vou da osasco (vila yara) para o rodo viaoso sp-270 - km 21?
OSASCO (VILA YARA),COTIA (RODOVIA RAPOSO TAVARES SP-270 - KM 21),como eu vou da osasco (vila yara) para o rodo viaoso sp-270?
OSASCO (CIDADE DE DEUS),COTIA (RODOVIA RAPOSO TAVARES - SP 270 - KM 21),como eu faco pra ir do osasco pra cotia?
OSASCO (CIDADE DE DEUS),COTIA (RODOVIA RAPOSO TAVARES - SP 270 - KM 21),como eu faco pra ir do osasco pra cotia?
OSASCO (CIDADE DE DEUS),COTIA (RODOVIA RAPOSO TAVARES - SP 270 - KM 21),como eu vou de osasco para cotia?
TABOAO DA SERRA (JARDIM SAO JUDAS TADEU),SAO PAULO (METRO CAMPO LIMPO),como eu vou do taboao da serra para o metro campo limpo?
TABOAO DA SERRA (JARDIM SAO JUDAS TADEU),SAO PAULO (METRO CAMPO LIMPO),como eu faco pra ir do taboao da serra ate o sao paulo?
TABOAO DA SERRA (JARDIM SAO JUDAS TADEU),SAO PAULO (METRO CAMPO LIMPO),como eu vou do taboao da serra para o metro campo limpo?
SANTANA DE PARNAIBA (JARDIM SAO LUIS),OSASCO (VILA YARA),como eu vou do jardim sao luis para osasca?
SANTANA DE PARNAIBA (JARDIM SAO LUIS),OSASCO (VILA YARA),to na santana de parnaiba e quero saber como ir da minha casa em vila yara pra osasca.
SANTANA DE PARNAIBA (JARDIM SAO LUIS),OSASCO (VILA YARA),como eu vou do jardim sao luiz para osasco?
SANTANA DE PARNAIBA (REFUGIO DOS BANDEIRANTES),OSASCO (VILA YARA),como eu faco pra ir do santana de parnaiba ate a vila yara?
SANTANA DE PARNAIBA (REFUGIO DOS BANDEIRANTES),OSASCO (VILA YARA),to aqui em santana de parnaiba e quero saber como ir da vila para o osasco.
SANTANA DE PARNAIBA (REFUGIO DOS BANDEIRANTES),OSASCO (VILA YARA),como eu vou do santana de parnaiba para vila yara?
BARUERI (ALDEIA DA SERRA),COTIA (TERMINAL METROPOLITANO DE COTIA),como eu faco pra ir do barueri (aldeia da serra) para o terminal metropolitano de cotia?
BARUERI (ALDEIA DA SERRA),COTIA (TERMINAL METROPOLITANO DE COTIA),como eu vou do barueri (aldeia da serra) para o terminal metropolitano de cotia?
BARUERI (ALDEIA DA SERRA),COTIA (TERMINAL METROPOLITANO DE COTIA),como eu faco pra ir do barueri (aldeia da serra) ate o terminal metropolitano de cotia?
JANDIRA (JARDIM ALVORADA),COTIA (TERMINAL METROPOLITANO DE COTIA),como eu faco pra ir do jardim alvorada para o terminal metropolitano de cotia?
JANDIRA (JARDIM ALVORADA),COTIA (TERMINAL METROPOLITANO DE COTIA),to em jardim alvorada e quero saber como ir para cotia.
JANDIRA (JARDIM ALVORADA),COTIA (TERMINAL METROPOLITANO DE COTIA),como eu faco pra ir do jardim alvorada para o terminal metropolitano de cotia?
BARUERI (ALDEIA DA SERRA),COTIA  (JARDIM ROSEMARY),como eu faco para ir do barueri (aldeia da serra) para o cotia (jardim rosemary)?
BARUERI (ALDEIA DA SERRA),COTIA  (JARDIM ROSEMARY),to em barueri (aldeia da serra) e quero saber como ir para cotia (jardim rosemary).
BARUERI (ALDEIA DA SERRA),COTIA  (JARDIM ROSEMARY),como eu vou de barueri (aldeia da serra) para o jardim rosemary?
GUARULHOS (PARQUE SANTOS DUMONT),SAO PAULO (METRO PENHA),como eu vou do guarulhos ao parque santos dumont?
GUARULHOS (PARQUE SANTOS DUMONT),SAO PAULO (METRO PENHA),to no guarulhos e quero saber como ir de la para o metro sao paulo.
GUARULHOS (PARQUE SANTOS DUMONT),SAO PAULO (METRO PENHA),como eu vou do guarulhos ao parque santos dumont?
GUARULHOS (JARDIM PAULISTA),SAO PAULO (METRO PENHA),to em guarulhos (jardim paulista) e quero saber como ir para sao paulo (metro de penha).
GUARULHOS (JARDIM PAULISTA),SAO PAULO (METRO PENHA),como eu vou do jardim paulista para sao paulo?
GUARULHOS (JARDIM PAULISTA),SAO PAULO (METRO PENHA),como eu chego de guarulhos para sao paulo?
GUARULHOS (COCAIA),SAO PAULO (METRO PENHA),to em guarulhos e quero saber como pegar o onibus pra sao paulo.
GUARULHOS (COCAIA),SAO PAULO (METRO PENHA),to em guarulhos e preciso saber como ir para sao paulo.
GUARULHOS (COCAIA),SAO PAULO (METRO PENHA),como eu vou do guarulhos (cocaia) para o sao paulo?
GUARULHOS (JARDIM CUMBICA),SAO PAULO (METRO CARRAO),to em guarulhos (jardim cumbica) e quero saber como ir para sao paulo.
GUARULHOS (JARDIM CUMBICA),SAO PAULO (METRO CARRAO),to em guarulhos (jardim cumbica) e quero saber como chegar em sao paulo no metro carro.
GUARULHOS (JARDIM CUMBICA),SAO PAULO (METRO CARRAO),como eu vou do guarulhos para o metro carro em sao paulo?
GUARULHOS (JARDIM PARAISO),SAO PAULO (METRO PENHA),como eu vou do guarulhos para sao paulo?
GUARULHOS (JARDIM PARAISO),SAO PAULO (METRO PENHA),to em guarulhos (jardim paraiso) e quero saber como ir para sao paulo.
GUARULHOS (JARDIM PARAISO),SAO PAULO (METRO PENHA),to em guarulhos (jardim paraiso) e quero saber como ir de la pra sao paulo.
SAO CAETANO DO SUL (TERMINAL RODOVIARIO NICOLAU DELIC),DIADEMA (TERMINAL METROPOLITANO DIADEMA),como eu faco pra ir do terminal rodoviario nicolau delnico para diadema?
SAO CAETANO DO SUL (TERMINAL RODOVIARIO NICOLAU DELIC),DIADEMA (TERMINAL METROPOLITANO DIADEMA),como eu faco pra ir do terminal rodoviario nicolau delnico pra diadema?
SAO CAETANO DO SUL (TERMINAL RODOVIARIO NICOLAU DELIC),DIADEMA (TERMINAL METROPOLITANO DIADEMA),como eu chego do terminal rodoviario nicolau delnico em diadema?
SAO CAETANO DO SUL (TERMINAL RODOVIARIO NICOLAU DELIC),DIADEMA (TERMINAL METROPOLITANO DIADEMA),como eu faco pra ir do terminal rodoviario nicolau delc ate o terminal metropolitano diadema?
SAO CAETANO DO SUL (TERMINAL RODOVIARIO NICOLAU DELIC),DIADEMA (TERMINAL METROPOLITANO DIADEMA),como eu vou do terminal rodoviario nicolau delnico para o terminal metropolitano diadema?
SAO CAETANO DO SUL (TERMINAL RODOVIARIO NICOLAU DELIC),DIADEMA (TERMINAL METROPOLITANO DIADEMA),como eu faco pra ir do terminal rodoviario nicolau delnico para diadema?
DIADEMA (JARDIM PADRE ANCHIETA),SAO BERNARDO DO CAMPO (TERMINAL PACO - SAO BERNARDO),como eu faco pra ir do jardim padre anchieta pro terminal paco em sao bernardo?
DIADEMA (JARDIM PADRE ANCHIETA),SAO BERNARDO DO CAMPO (TERMINAL PACO - SAO BERNARDO),"como eu vou do jardim padre anchieta para o terminal paco, sao bernardo?"
DIADEMA (JARDIM PADRE ANCHIETA),SAO BERNARDO DO CAMPO (TERMINAL PACO - SAO BERNARDO),"como eu vou do jardim padre anchieta para o terminal paco, sao bernardo?"
COTIA (CAUCAIA DO ALTO),COTIA (PORTAO),como eu faco para ir de cotia (caucaia do alto) para portao?
COTIA (CAUCAIA DO ALTO),COTIA (PORTAO),como eu chego do cotia (caucaia do alto) em cotia (portao)?
COTIA (CAUCAIA DO ALTO),COTIA (PORTAO),como eu vou do cotia para o portao?
GUARULHOS (AEROPORTO INTERNACIONAL DE SAO PAULO),SAO PAULO (METRO TATUAPE),como eu vou do aeroporto internacional de guarulhos ate o metro tatuape?
GUARULHOS (AEROPORTO INTERNACIONAL DE SAO PAULO),SAO PAULO (METRO TATUAPE),como eu chego do aeroporto internacional de guarulhos ate o metro tatuape?
GUARULHOS (AEROPORTO INTERNACIONAL DE SAO PAULO),SAO PAULO (METRO TATUAPE),como eu vou do aeroporto internacional de guarulhos ate o metro tatuape?
GUARULHOS (AEROPORTO INTERNACIONAL DE SAO PAULO),SAO PAULO (AEROPORTO DE CONGONHAS),como eu faco pra ir do guarulhos (aeroporto internacional de sao paulo) pra sao paulo?
GUARULHOS (AEROPORTO INTERNACIONAL DE SAO PAULO),SAO PAULO (AEROPORTO DE CONGONHAS),como eu vou do aeroporto internacional de guarulhos para sao paulo?
GUARULHOS (AEROPORTO INTERNACIONAL DE SAO PAULO),SAO PAULO (AEROPORTO DE CONGONHAS),como eu faco pra ir do guarulhos (aeroporto internacional de sao paulo) para sao paulo?
BARUERI (ALPHAVILLE),COTIA (KM 30 RODOVIA RAPOSO TAVARES),"como eu vou do barueri (alphaville) para a cotia, no rodo via raposo tavares?"
BARUERI (ALPHAVILLE),COTIA (KM 30 RODOVIA RAPOSO TAVARES),como eu chego de barueri (alphaville) para a cotia (km 30 rodovia raposo tavares)?
BARUERI (ALPHAVILLE),COTIA (KM 30 RODOVIA RAPOSO TAVARES),"como eu vou do barueri (alphaville) para a cotia, no rodo via raposo tavares?"
BARUERI (ALPHAVILLE),COTIA (KM 30 RODOVIA RAPOSO TAVARES),como eu vou do barueri (alphaville) para a cotia?
BARUERI (ALPHAVILLE),COTIA (KM 30 RODOVIA RAPOSO TAVARES),como eu vou do barueri (alphaville) para a cotia?
BARUERI (ALPHAVILLE),COTIA (KM 30 RODOVIA RAPOSO TAVARES),"como eu vou do barueri (alphaville) para a cotia, no rodovia raposo tavares?"
SANTANA DE PARNAIBA (VARZEA DE SOUZA),SAO PAULO (LAPA),to em santana de parnaiba e preciso ir para sao paulo. como eu faco?
SANTANA DE PARNAIBA (VARZEA DE SOUZA),SAO PAULO (LAPA),to em santana de parnaiba e quero saber como ir de aqui para sao paulo.
SANTANA DE PARNAIBA (VARZEA DE SOUZA),SAO PAULO (LAPA),to em santana de parnaiba e quero saber como ir de la para sao paulo.
SANTO ANDRE (TERMINAL METROPOLITANO SANTO ANDRE LESTE),SAO PAULO (ARTUR ALVIM),to no terminal metropolitano santa andre e quero saber como chegar em sao paulo.
SANTO ANDRE (TERMINAL METROPOLITANO SANTO ANDRE LESTE),SAO PAULO (ARTUR ALVIM),como eu chego do terminal metropolitano santa andre do leste a sao paulo?
SANTO ANDRE (TERMINAL METROPOLITANO SANTO ANDRE LESTE),SAO PAULO (ARTUR ALVIM),to no terminal metro santo andre leste e quero saber como chegar em sao paulo.
CARAPICUIBA (JARDIM NOVO HORIZONTE),OSASCO (VILA YARA),como eu chego da carapicuiba no vila yara?
CARAPICUIBA (JARDIM NOVO HORIZONTE),OSASCO (VILA YARA),to em carapicuiba e quero saber como ir da minha casa ate a vila yara.
CARAPICUIBA (JARDIM NOVO HORIZONTE),OSASCO (VILA YARA),to em carapicuiba e quero saber como chegar em vila yara.
SANTANA DE PARNAIBA (PARQUE SANTANA),SANTANA DE PARNAIBA (RESIDENCIAL BURLE MARX),como eu chego do parque santana a residencial burle marx?
SANTANA DE PARNAIBA (PARQUE SANTANA),SANTANA DE PARNAIBA (RESIDENCIAL BURLE MARX),como eu chego do parque santana para a residencial burle marx?
SANTANA DE PARNAIBA (PARQUE SANTANA),SANTANA DE PARNAIBA (RESIDENCIAL BURLE MARX),como eu vou do parque santana para a residencia burle marx?
BARUERI (JARDIM CALIFORNIA),SANTANA DE PARNAIBA (RESIDENCIAL BURLE MARX),como eu saio do barueri (jardim california) e chego na santana de paranaiba?
BARUERI (JARDIM CALIFORNIA),SANTANA DE PARNAIBA (RESIDENCIAL BURLE MARX),to em barueri (jardim california) e quero saber como ir pra santana de parnaiba.
BARUERI (JARDIM CALIFORNIA),SANTANA DE PARNAIBA (RESIDENCIAL BURLE MARX),como eu chego do barueri (jardim california) para a santana de parnaiba?
SANTO ANDRE (TERMINAL METROPOLITANO SANTO ANDRE,LESTE) - SP (CONJUNTO HABITACIONAL TEOTONIO VILELA),como eu vou do terminal metro santo andre para o conjunto habitacional teotonio vilela?
SANTO ANDRE (TERMINAL METROPOLITANO SANTO ANDRE,LESTE) - SP (CONJUNTO HABITACIONAL TEOTONIO VILELA),como eu vou do terminal metropolitano santo andre para o conjunto habitacional teotonio vilela?
SANTO ANDRE (TERMINAL METROPOLITANO SANTO ANDRE,LESTE) - SP (CONJUNTO HABITACIONAL TEOTONIO VILELA),como eu vou do terminal metropolitano santo andre para o conjunto habitacional teotonio vilela?
GUARULHOS (INOCOOP),SAO PAULO (METRO ARMENIA),to em guarulhos e quero saber como ir de aqui para sao paulo.
GUARULHOS (INOCOOP),SAO PAULO (METRO ARMENIA),to em guarulhos e quero saber como ir de aqui para sao paulo.
GUARULHOS (INOCOOP),SAO PAULO (METRO ARMENIA),to em guarulhos e preciso saber como ir de aqui para sao paulo.
GUARULHOS (INOCOOP),SAO PAULO (METRO ARMENIA),to em guarulhos e queria saber como ir de aqui para sao paulo.
GUARULHOS (INOCOOP),SAO PAULO (METRO ARMENIA),to em guarulhos e quero saber como ir de aqui para sao paulo.
GUARULHOS (INOCOOP),SAO PAULO (METRO ARMENIA),to em guarulhos e preciso saber como ir de aqui para sao paulo.
POA (TERMINAL RODOVIARIO PEDRO FAVA - CIDADE KEMEL),SAO PAULO (METRO CORINTHIANS-ITAQUERA),como eu vou do terminal rodoviario pedro fava pra sao paulo e pegar o metro corinthians-itaquera?
POA (TERMINAL RODOVIARIO PEDRO FAVA - CIDADE KEMEL),SAO PAULO (METRO CORINTHIANS-ITAQUERA),como eu chego do terminal rodoviario pedro fava para o metrocoracao corinthians-itaquera?
POA (TERMINAL RODOVIARIO PEDRO FAVA - CIDADE KEMEL),SAO PAULO (METRO CORINTHIANS-ITAQUERA),como eu chego do terminal rodoviario pedro fava para o metrocoracao corinthians-itaquera?
EMBU DAS ARTES (TERMINAL CASA BRANCA),SAO PAULO (METRO VILA SONIA),to aqui no terminal casa branca em embuas artes e quero saber como pegar o metro vila sonia.
EMBU DAS ARTES (TERMINAL CASA BRANCA),SAO PAULO (METRO VILA SONIA),como eu vou do terminal casa branca para o metro vila sonia?
EMBU DAS ARTES (TERMINAL CASA BRANCA),SAO PAULO (METRO VILA SONIA),to no terminal casa branca e quero saber como pegar o metro vila sonia do terminal.
SUZANO (CENTRO),ARUJA (PARQUE RODRIGO BARRETO),to aqui no suzano e quero saber como ir para a aruja.
SUZANO (CENTRO),ARUJA (PARQUE RODRIGO BARRETO),to em suzano e quero saber como ir do centro para a aruja.
SUZANO (CENTRO),ARUJA (PARQUE RODRIGO BARRETO),to aqui no suzano e quero saber como ir para a aruja.
SANTA ISABEL (MONTE SERRAT),MOGI DAS CRUZES (ESTACAO CPTM ESTUDANTES),como eu vou da santa isabel (monte serrat) para mogi das cruzes?
SANTA ISABEL (MONTE SERRAT),MOGI DAS CRUZES (ESTACAO CPTM ESTUDANTES),como eu vou da santa isabel (monte serrat) para mogi das cruzes?
SANTA ISABEL (MONTE SERRAT),MOGI DAS CRUZES (ESTACAO CPTM ESTUDANTES),como eu vou da santa isabel (monte serrat) para mogi das cruzes?
OSASCO (CENTRO),GUARULHOS (TERMINAL URBANO GUARULHOS),como eu faco pra ir do centro de osasco para o terminal urbano guarulhos?
OSASCO (CENTRO),GUARULHOS (TERMINAL URBANO GUARULHOS),to em osasco e quero saber como ir pro guarulhos.
OSASCO (CENTRO),GUARULHOS (TERMINAL URBANO GUARULHOS),to em osasco e quero ir para o terminal urbano guarulhos.
DIADEMA (TERMINAL METROPOLITANO DE DIADEMA),SAO PAULO (METRO SAO JUDAS),como eu vou do terminal metropolitano de diadema ate o metro sao judas?
DIADEMA (TERMINAL METROPOLITANO DE DIADEMA),SAO PAULO (METRO SAO JUDAS),como eu vou do terminal metropolitano de diadema pra sao paulo?
DIADEMA (TERMINAL METROPOLITANO DE DIADEMA),SAO PAULO (METRO SAO JUDAS),como eu vou do terminal metropolitano de diadema para o metro sao judas?
OSASCO (CENTRO),SAO BERNARDO DO CAMPO (TERMINAL PACO - SAO BERNARDO),como eu vou do osasco (centro) para o saogonardo do terminal paco?
OSASCO (CENTRO),SAO BERNARDO DO CAMPO (TERMINAL PACO - SAO BERNARDO),como eu vou do osasco (centro) para o terminal paco (sao bernardo)?
OSASCO (CENTRO),SAO BERNARDO DO CAMPO (TERMINAL PACO - SAO BERNARDO),como eu chego do osasco (centro) ao saao bernardo do campo?
SAO PAULO (CIDADE UNIVERSITARIA),SAO BERNARDO DO CAMPO (TERMINAL PACO - SAO BERNARDO),como eu vou do sao paulo (cidade universitaria) para o sao bernardo do campo?
SAO PAULO (CIDADE UNIVERSITARIA),SAO BERNARDO DO CAMPO (TERMINAL PACO - SAO BERNARDO),como eu vou do sao paulo (cidade universitaria) para o sao bernardo do campo?
SAO PAULO (CIDADE UNIVERSITARIA),SAO BERNARDO DO CAMPO (TERMINAL PACO - SAO BERNARDO),como eu vou do sao paulo (cidade universitaria) para o sao bernardo do campo?
MAIRIPORA (TERMINAL RODOVIARIO SIGUEMI AIACYDA),SAO PAULO (PEDRA BRANCA),"como eu vou do terminal rodoviario saiam aiacyda para sao paulo, paulo?"
MAIRIPORA (TERMINAL RODOVIARIO SIGUEMI AIACYDA),SAO PAULO (PEDRA BRANCA),"como eu vou do terminal rodoviario siguemi aiacyda para sao paulo, a pedra branca?"
MAIRIPORA (TERMINAL RODOVIARIO SIGUEMI AIACYDA),SAO PAULO (PEDRA BRANCA),"como eu vou do terminal rodoviario siguemi aiacyda para sao paulo, a pedra branca?"
CARAPICUIBA (CIDADE ARISTON),OSASCO (VILA YARA),to em carapicuiba e queria saber como ir para a vila yara.
CARAPICUIBA (CIDADE ARISTON),OSASCO (VILA YARA),"to em carapicuiba e quero saber como ir para osasco, na vila yara."
CARAPICUIBA (CIDADE ARISTON),OSASCO (VILA YARA),"como eu vou de carapicuiba para osasco, vila yara?"
CARAPICUIBA (CIDADE ARISTON),OSASCO (CENTRO),como eu vou de carapicuiba para osso?
CARAPICUIBA (CIDADE ARISTON),OSASCO (CENTRO),to em carapicuiba e quero saber como ir de la para o osasco.
CARAPICUIBA (CIDADE ARISTON),OSASCO (CENTRO),to em carapicuiba e queria saber como ir do meu lugar ate o osasco.
SAO PAULO (TERMINAL METROPOLITANO SAO MATEUS),SANTO ANDRE(TERMINAL METROPOLITANO SANTO ANDRE OESTE),como eu chego do terminal metropolitano sao mateus ate o terminal metropolitano santo andre?
SAO PAULO (TERMINAL METROPOLITANO SAO MATEUS),SANTO ANDRE(TERMINAL METROPOLITANO SANTO ANDRE OESTE),como eu vou do terminal metropolitano sao mateus para o terminal metropolitano santo andre?
SAO PAULO (TERMINAL METROPOLITANO SAO MATEUS),SANTO ANDRE(TERMINAL METROPOLITANO SANTO ANDRE OESTE),como eu vou do terminal metropolitano sao mateus para o terminal metropolitano santo andre?
SAO PAULO (TERMINAL METROPOLITANO SAO MATEUS),SAO BERNARDO DO CAMPO (SHOPPING METROPOLE),como eu faco pra ir do terminal metropolitano sao mateus para o shopping metropole?
SAO PAULO (TERMINAL METROPOLITANO SAO MATEUS),SAO BERNARDO DO CAMPO (SHOPPING METROPOLE),como eu faco para ir do terminal metropolitano sao mateus para o shopping metropolitano sao bernardo?
SAO PAULO (TERMINAL METROPOLITANO SAO MATEUS),SAO BERNARDO DO CAMPO (SHOPPING METROPOLE),como eu faco pra ir do terminal metropolitano sao mateus para o shopping metropole?
SAO PAULO (TERMINAL METROPOLITANO SAO MATEUS),SAO BERNARDO DO CAMPO  (TERMINAL METROPOLITANO FERRAZOPOLIS),como eu faco pra ir do terminal metropolitano sao mateus para o terminal metropolitano fazenda sao bernardo?
SAO PAULO (TERMINAL METROPOLITANO SAO MATEUS),SAO BERNARDO DO CAMPO  (TERMINAL METROPOLITANO FERRAZOPOLIS),como eu chego do terminal metropolitano sao mateus em sao bernardo do campo?
SAO PAULO (TERMINAL METROPOLITANO SAO MATEUS),SAO BERNARDO DO CAMPO  (TERMINAL METROPOLITANO FERRAZOPOLIS),como eu faco pra ir do terminal metropolitano sao mateus pra sao bernardo do campo?
SANTO ANDRE (TERMINAL METROPOLITANO SANTO ANDRE OESTE),SAO BERNARDO DO CAMPO (TERMINAL METROPOLITANO FERRAZOPOLIS),como eu vou do terminal metropolitano santo andre oeste ate o terminal ferroviario de sao bernardo do campo?
SANTO ANDRE (TERMINAL METROPOLITANO SANTO ANDRE OESTE),SAO BERNARDO DO CAMPO (TERMINAL METROPOLITANO FERRAZOPOLIS),como eu vou do santo andre oeste ate o sao bernardo do campo?
SANTO ANDRE (TERMINAL METROPOLITANO SANTO ANDRE OESTE),SAO BERNARDO DO CAMPO (TERMINAL METROPOLITANO FERRAZOPOLIS),como eu vou do terminal metropolitano santa andre oeste ate o terminal ferroviario do zoio?
SANTO ANDRE (TERMINAL METROPOLITANO SANTO ANDRE OESTE),DIADEMA (TERMINAL METROPOLITANO DIADEMA),como eu faco pra ir do santo andre oeste ate o terminal demar?
SANTO ANDRE (TERMINAL METROPOLITANO SANTO ANDRE OESTE),DIADEMA (TERMINAL METROPOLITANO DIADEMA),como eu faco pra ir do santo andre oeste pra diaema?
SANTO ANDRE (TERMINAL METROPOLITANO SANTO ANDRE OESTE),DIADEMA (TERMINAL METROPOLITANO DIADEMA),como eu vou do terminal metropolitano santo andre oeste ate o terminal metropolitano diadema oeste?
SANTO ANDRE (TERMINAL METROPOLITANO SANTO ANDRE OESTE),DIADEMA (TERMINAL METROPOLITANO PIRAPORINHA),como eu vou do terminal metropolitano santa andre oeste ate o terminal metropolitano diamera?
SANTO ANDRE (TERMINAL METROPOLITANO SANTO ANDRE OESTE),DIADEMA (TERMINAL METROPOLITANO PIRAPORINHA),como eu chego do terminal metropolitano santa andre oeste ate o terminal metropolitano diademes?
SANTO ANDRE (TERMINAL METROPOLITANO SANTO ANDRE OESTE),DIADEMA (TERMINAL METROPOLITANO PIRAPORINHA),como eu faco pra ir do terminal metropolitano santa andre oeste pra diomas?
SANTO ANDRE (TERMINAL METROPOLITANO SANTO ANDRE LESTE),DIADEMA (TERMINAL METROPOLITANO DIADEMA),como eu chego do terminal metropolitano santa andre este ate o terminal metropolitano diadem?
SANTO ANDRE (TERMINAL METROPOLITANO SANTO ANDRE LESTE),DIADEMA (TERMINAL METROPOLITANO DIADEMA),como eu chego do terminal metropolitano de santo andre ao terminal diaema?
SANTO ANDRE (TERMINAL METROPOLITANO SANTO ANDRE LESTE),DIADEMA (TERMINAL METROPOLITANO DIADEMA),como eu faco para ir do terminal metropolitano santo andre leste para o terminal diaema?
SAO BERNARDO DO CAMPO (TERMINAL METROPOLITANO FERRAZOPOLIS),SAO PAULO (TERMINAL METROPOLITANO JABAQUARA),como eu faco pra ir do terminal ferroapolis pra jabaquara?
SAO BERNARDO DO CAMPO (TERMINAL METROPOLITANO FERRAZOPOLIS),SAO PAULO (TERMINAL METROPOLITANO JABAQUARA),como eu vou do terminal ferroazul pra jabaquara?
SAO BERNARDO DO CAMPO (TERMINAL METROPOLITANO FERRAZOPOLIS),SAO PAULO (TERMINAL METROPOLITANO JABAQUARA),como eu vou do terminal ferroapolis para o terminal jabaquara?
SAO BERNARDO DO CAMPO (TERMINAL METROPOLITANO FERRAZOPOLIS),DIADEMA (TERMINAL METROPOLITANO PIRAPORINHA),como eu vou do terminal ferroypolis pra diema?
SAO BERNARDO DO CAMPO (TERMINAL METROPOLITANO FERRAZOPOLIS),DIADEMA (TERMINAL METROPOLITANO PIRAPORINHA),como eu chego do terminal metro fernao silva ate o terminal metro pirapora?
SAO BERNARDO DO CAMPO (TERMINAL METROPOLITANO FERRAZOPOLIS),DIADEMA (TERMINAL METROPOLITANO PIRAPORINHA),como eu vou do terminal ferroypolis para o terminal piraporinha?
DIADEMA (TERMINAL METROPOLITANO PIRAPORINHA),SAO PAULO (TERMINAL METROPOLITANO JABAQUARA),como eu faco para ir do terminal metropolitano pirapora para o terminal metropolitano jabaquara?
DIADEMA (TERMINAL METROPOLITANO PIRAPORINHA),SAO PAULO (TERMINAL METROPOLITANO JABAQUARA),como eu vou do terminal metropolitano pirapora para o terminal metropolitano jabaquara?
DIADEMA (TERMINAL METROPOLITANO PIRAPORINHA),SAO PAULO (TERMINAL METROPOLITANO JABAQUARA),como eu faco pra ir do terminal metropolitano pirapora pra sao paulo?
DIADEMA (TERMINAL METROPOLITANO DIADEMA),SAO PAULO (TERMINAL METROPOLITANO JABAQUARA),como eu vou do terminal metro diadema para o terminal metro jabaquara?
DIADEMA (TERMINAL METROPOLITANO DIADEMA),SAO PAULO (TERMINAL METROPOLITANO JABAQUARA),como eu vou do terminal metropolitano diadema pra sao paulo?
DIADEMA (TERMINAL METROPOLITANO DIADEMA),SAO PAULO (TERMINAL METROPOLITANO JABAQUARA),como eu chego do terminal metropolitano diaema ate o terminal metropolitano jabaquara?
JANDIRA (JARDIM NOSSA SENHORA DE FATIMA),SANTANA DE PARNAIBA (RESIDENCIAL BURLE MARX),como eu chego da jardim nossa senhora de fatima para a residencial burle marx?
JANDIRA (JARDIM NOSSA SENHORA DE FATIMA),SANTANA DE PARNAIBA (RESIDENCIAL BURLE MARX),como eu vou de jandira para santana de parnaiba?
JANDIRA (JARDIM NOSSA SENHORA DE FATIMA),SANTANA DE PARNAIBA (RESIDENCIAL BURLE MARX),como eu vou de jandira para santana de parnaiba?
ITAPEVI (JARDIM BELA VISTA),SANTANA DE PARNAIBA (RESIDENCIAL BURLE MARX),como eu faco pra ir do itapevi para santana de paranaiba?
ITAPEVI (JARDIM BELA VISTA),SANTANA DE PARNAIBA (RESIDENCIAL BURLE MARX),como eu vou do itapevi para santana de parana?
ITAPEVI (JARDIM BELA VISTA),SANTANA DE PARNAIBA (RESIDENCIAL BURLE MARX),como eu vou do itapevi para santana de paranaiba?
GUARULHOS (JARDIM ANGELICA),SAO PAULO (METRO ARMENIA),to em guarulhos (jardim angelica) e quero saber como ir para sao paulo.
GUARULHOS (JARDIM ANGELICA),SAO PAULO (METRO ARMENIA),to em guarulhos e quero saber como ir de la para sao paulo.
GUARULHOS (JARDIM ANGELICA),SAO PAULO (METRO ARMENIA),como eu faco para ir de guarulhos para sao paulo?
GUARULHOS (JARDIM ANGELICA),SAO PAULO (METRO ARMENIA),como eu vou do guarulhos para o sao paulo?
GUARULHOS (JARDIM ANGELICA),SAO PAULO (METRO ARMENIA),to em guarulhos e quero saber como ir para sao paulo.
GUARULHOS (JARDIM ANGELICA),SAO PAULO (METRO ARMENIA),to em guarulhos (jardim angelica) e quero saber como ir para sao paulo.
POA (TERMINAL RODOVIARIO PEDRO FAVA - CIDADE KEMEL),SAO PAULO (ESTACAO CPTM GUAIANAZES),como eu faco pra ir do terminal rodoviario pedro fava pra sao paulo?
POA (TERMINAL RODOVIARIO PEDRO FAVA - CIDADE KEMEL),SAO PAULO (ESTACAO CPTM GUAIANAZES),como eu faco para ir do terminal rodoviario pedro fava para o estacao capitana guainazenses?
POA (TERMINAL RODOVIARIO PEDRO FAVA - CIDADE KEMEL),SAO PAULO (ESTACAO CPTM GUAIANAZES),como eu chego do terminal rodoviario pedro fava para o estacao cptm guarantinacoes?
COTIA (CAUCAIA DO ALTO),SAO PAULO (METRO MORUMBI),to em cotia (caucaia do alto) e quero saber como ir pra sao paulo.
COTIA (CAUCAIA DO ALTO),SAO PAULO (METRO MORUMBI),como eu vou de cotia para o metro morumbi?
COTIA (CAUCAIA DO ALTO),SAO PAULO (METRO MORUMBI),to em cotia (caucaia do alto) e quero saber como ir pra sao paulo.
TABOAO DA SERRA (JARDIM SAO JUDAS TADEU),SAO PAULO (METRO VILA SONIA),to em taboao da serra e quero saber como ir do jardim sao judas tadeu pra sao paulo.
TABOAO DA SERRA (JARDIM SAO JUDAS TADEU),SAO PAULO (METRO VILA SONIA),como eu faco pra ir do taboao da serra ate o sao paulo?
TABOAO DA SERRA (JARDIM SAO JUDAS TADEU),SAO PAULO (METRO VILA SONIA),como eu vou do taboao da serra para o metro vila sonia?
ITAQUAQUECETUBA (TERMINAL URBANO ENGENHEIRO MANOEL FEIO),ITAQUAQUECETUBA (JARDIM PINHEIRINHO),como eu vou do terminal urbano engenheiro manoel feio ate o jardim pinheirinho?
ITAQUAQUECETUBA (TERMINAL URBANO ENGENHEIRO MANOEL FEIO),ITAQUAQUECETUBA (JARDIM PINHEIRINHO),como eu chego do terminal urbano engenheiro manoel feio ate o jardim pinheirinho?
ITAQUAQUECETUBA (TERMINAL URBANO ENGENHEIRO MANOEL FEIO),ITAQUAQUECETUBA (JARDIM PINHEIRINHO),como eu vou do terminal urbano engenheiro manoel feio para o jardim pinheirinho?
BARUERI (PARQUE IMPERIAL),OSASCO (VILA YARA),como eu chego da barueri ate a vila yara?
BARUERI (PARQUE IMPERIAL),OSASCO (VILA YARA),como eu vou do barueri ate a vila yara?
BARUERI (PARQUE IMPERIAL),OSASCO (VILA YARA),como eu faco para ir da barueri (parque imperial) para a vila yara?
DIADEMA (JARDIM PADRE ANCHIETA),SAO BERNARDO DO CAMPO (JARDIM DO LAGO),como eu chego do jardim padre anchieta para o jardim do lago?
DIADEMA (JARDIM PADRE ANCHIETA),SAO BERNARDO DO CAMPO (JARDIM DO LAGO),como eu faco pra ir do jardim padre anchieta para o jardim do lago?
DIADEMA (JARDIM PADRE ANCHIETA),SAO BERNARDO DO CAMPO (JARDIM DO LAGO),como eu vou do jardim padre anchieta para o jardim do lago?
CARAPICUIBA (TERMINAL METROPOLITANO CARAPICUIBA),COTIA (KM 24 - RODOVIA RAPOSO TAVARES),como eu chego do terminal metropolitano carapicuva pra cotia?
CARAPICUIBA (TERMINAL METROPOLITANO CARAPICUIBA),COTIA (KM 24 - RODOVIA RAPOSO TAVARES),como eu chego do terminal metropolitano carapicuva para a rua raposo tavaras?
CARAPICUIBA (TERMINAL METROPOLITANO CARAPICUIBA),COTIA (KM 24 - RODOVIA RAPOSO TAVARES),como eu faco para ir do terminal metropolitano carapicuva pra cotia?
COTIA (ATALAIA),SAO PAULO (TERMINAL RODOVIARIO BARRA FUNDA),como eu vou do cotia para o terminal rodoviario barra funda?
COTIA (ATALAIA),SAO PAULO (TERMINAL RODOVIARIO BARRA FUNDA),to em cotia (atalaia) e quero saber como ir para o terminal rodoviario barra funda.
COTIA (ATALAIA),SAO PAULO (TERMINAL RODOVIARIO BARRA FUNDA),como eu faco para ir do cotia para o terminal rodoviario barra funda?
SANTANA DE PARNAIBA (PARQUE SANTANA),SAO PAULO (PINHEIROS),to em santana de parnaiba e quero saber como ir de la para sao paulo.
SANTANA DE PARNAIBA (PARQUE SANTANA),SAO PAULO (PINHEIROS),to em santana de parnaiba e quero saber como ir para sao paulo.
SANTANA DE PARNAIBA (PARQUE SANTANA),SAO PAULO (PINHEIROS),to em santana de paranaba e quero saber como chegar em sao paulo.
SANTANA DE PARNAIBA (COLINAS DA ANHANGUERA),SAO PAULO (LAPA),como eu faco pra ir de santana de parnaiba pra sao paulo?
SANTANA DE PARNAIBA (COLINAS DA ANHANGUERA),SAO PAULO (LAPA),como eu vou de santana de parnaiba a sao paulo?
SANTANA DE PARNAIBA (COLINAS DA ANHANGUERA),SAO PAULO (LAPA),to em santana de parnaiba e quero saber como chegar em sao paulo.
SALESOPOLIS (TREVO DA PETROBRAS),MOGI DAS CRUZES (CENTRO),como eu faco pra ir do salesopolis (trevo da petrobras) para mogi das cruzes?
SALESOPOLIS (TREVO DA PETROBRAS),MOGI DAS CRUZES (CENTRO),como eu vou do salesopolis (trevo da petrobras) para mogi das cruzes?
SALESOPOLIS (TREVO DA PETROBRAS),MOGI DAS CRUZES (CENTRO),como eu vou do salesopolis (trevo da petrobras) para o mogi das cruzes?
SALESOPOLIS (TREVO DA PETROBRAS),MOGI DAS CRUZES (CENTRO),como eu chego do salesopolis (trevo da petrobras) em mogi das cruzes?
SALESOPOLIS (TREVO DA PETROBRAS),MOGI DAS CRUZES (CENTRO),como eu vou do salesopolis (trevo da petrobras) para mogi das cruzes?
SALESOPOLIS (TREVO DA PETROBRAS),MOGI DAS CRUZES (CENTRO),como eu chego do salesopolis (trevo da petrobras) em mogi das cruzes?
SANTANA DE PARNAIBA (COLINAS DA ANHANGUERA),SANTANA DE PARNAIBA (CENTRO),como eu vou do santana de parnaiba (colinas da anhanguera) para o santana de parnaiba (centro)?
SANTANA DE PARNAIBA (COLINAS DA ANHANGUERA),SANTANA DE PARNAIBA (CENTRO),como eu vou do santana de parnaiba (colinas da anhanguera) ao centro?
SANTANA DE PARNAIBA (COLINAS DA ANHANGUERA),SANTANA DE PARNAIBA (CENTRO),como eu vou do santana de parnaiba (colinas da anhanguera) ao centro?
ITAPEVI (DIVISA SAO ROQUE),SANTANA DE PARNAIBA (RESIDENCIAL BURLE MARX),como eu faco pra ir do itapevi ate a residencia burle marx?
ITAPEVI (DIVISA SAO ROQUE),SANTANA DE PARNAIBA (RESIDENCIAL BURLE MARX),como eu faco para ir do itapevi ate a santana de paraniba?
ITAPEVI (DIVISA SAO ROQUE),SANTANA DE PARNAIBA (RESIDENCIAL BURLE MARX),como eu faco para ir do itapevi ate a residencia burle marx?
SAO BERNARDO DO CAMPO (JARDIM LAS PALMAS),SAO PAULO (TERMINAL RODOVIARIO TIETE),to em sao bernardo do campo (jardim las palmas) e quero saber como ir do jardim las palmas pro terminal rodoviario tiete.
SAO BERNARDO DO CAMPO (JARDIM LAS PALMAS),SAO PAULO (TERMINAL RODOVIARIO TIETE),"como eu vou do jardim las palmas pra sao paulo, no terminal rodoviario tiete?"
SAO BERNARDO DO CAMPO (JARDIM LAS PALMAS),SAO PAULO (TERMINAL RODOVIARIO TIETE),como eu vou do jardim las palmas para o terminal rodoviario tiete?
POA (TERMINAL RODOVIARIO AYRTON SENNA DA SILVA),SAO PAULO (ESTACAO CPTM ITAIM PAULISTA),como eu vou do terminal rodoviario ayrton senna da silva para estacao itaim paulista?
POA (TERMINAL RODOVIARIO AYRTON SENNA DA SILVA),SAO PAULO (ESTACAO CPTM ITAIM PAULISTA),como eu vou do terminal rodoviario ayrton senna da silva para estacao itaim paulista?
POA (TERMINAL RODOVIARIO AYRTON SENNA DA SILVA),SAO PAULO (ESTACAO CPTM ITAIM PAULISTA),como eu chego do terminal rodoviario ayrton senna da silva em sao paulo ate estacao timmarista imirim paulista?
GUARULHOS (AEROPORTO INTERNACIONAL DE SAO PAULO),SAO PAULO (CIRCUITO DOS HOTEIS),como eu vou do aeroporto internacional de guarulhos para sao paulo?
GUARULHOS (AEROPORTO INTERNACIONAL DE SAO PAULO),SAO PAULO (CIRCUITO DOS HOTEIS),como eu faco pra ir do aeroporto internacional de guarulhos ate sao paulo?
GUARULHOS (AEROPORTO INTERNACIONAL DE SAO PAULO),SAO PAULO (CIRCUITO DOS HOTEIS),como eu vou do aeroporto internacional de guarulhos ate sao paulo?
FRANCISCO MORATO (CENTRO),FRANCO DA ROCHA (PARQUE PAULISTA),to aqui em francisco morato e quero saber como ir para o parque paulista.
FRANCISCO MORATO (CENTRO),FRANCO DA ROCHA (PARQUE PAULISTA),to aqui em francisco morato e queria saber como pegar um taxi ou onibus pra franco da rocha.
FRANCISCO MORATO (CENTRO),FRANCO DA ROCHA (PARQUE PAULISTA),to perto do francisco morato e preciso ir para o parque paulista.
POA (TERMINAL RODOVIARIO PEDRO FAVA - CIDADE KEMEL),GUARULHOS (TERMINAL METROPOLITANO CECAP),como eu faco para ir do terminal rodoviario pedro ava para o terminal metropolitano cecap?
POA (TERMINAL RODOVIARIO PEDRO FAVA - CIDADE KEMEL),GUARULHOS (TERMINAL METROPOLITANO CECAP),to no terminal rodoviario pedro fava e quero saber como ir para o terminal metropolitano cecap.
POA (TERMINAL RODOVIARIO PEDRO FAVA - CIDADE KEMEL),GUARULHOS (TERMINAL METROPOLITANO CECAP),como eu chego do terminal rodoviario pedro fava para o terminal metropolitano cecap?
GUARULHOS (VILA ANY),SAO PAULO (METRO CORINTHIANS/ITAQUERA),como eu vou de vila any para sao paulo?
GUARULHOS (VILA ANY),SAO PAULO (METRO CORINTHIANS/ITAQUERA),como eu vou de vila any para sao paulo?
GUARULHOS (VILA ANY),SAO PAULO (METRO CORINTHIANS/ITAQUERA),como eu vou de vila any para o metrocoracao corinthians?
CARAPICUIBA (COHAB V),SANTANA DE PARNAIBA (ALPHAVILLE 10),como eu vou de carapicuiba para santana de paranaiba?
CARAPICUIBA (COHAB V),SANTANA DE PARNAIBA (ALPHAVILLE 10),como eu vou de carapicuiba para santana de paranaiba?
CARAPICUIBA (COHAB V),SANTANA DE PARNAIBA (ALPHAVILLE 10),como eu faco pra ir de carapicuiba para santana de paraniba?
BARUERI (PARQUE IMPERIAL),SAO PAULO (PINHEIROS),como eu vou do barueri para o pinheiros?
BARUERI (PARQUE IMPERIAL),SAO PAULO (PINHEIROS),como eu vou do barueri (parque imperial) para sao paulo?
BARUERI (PARQUE IMPERIAL),SAO PAULO (PINHEIROS),como eu vou do barueri (parque imperial) para sao paulo?
SANTO ANDRE (TERMINAL METROPOLITANO SANTO ANDRE LESTE),SAO PAULO (JARDIM CLIMAX),como eu vou do terminal metropolitano santa andre ao jardim climax?
SANTO ANDRE (TERMINAL METROPOLITANO SANTO ANDRE LESTE),SAO PAULO (JARDIM CLIMAX),como eu vou do terminal metropolitano santa andre ao jardim climax?
SANTO ANDRE (TERMINAL METROPOLITANO SANTO ANDRE LESTE),SAO PAULO (JARDIM CLIMAX),to no terminal metropolitano santa andre e quero saber como ir para sao paulo.
SANTANA DE PARNAIBA (COLINAS DA ANHANGUERA),BARUERI (PARQUE IMPERIAL),como eu chego do santana de parnaiba (colinas da anhanguera) ao barueri?
SANTANA DE PARNAIBA (COLINAS DA ANHANGUERA),BARUERI (PARQUE IMPERIAL),como eu faco pra ir do santana de parnaiba para o barueri?
SANTANA DE PARNAIBA (COLINAS DA ANHANGUERA),BARUERI (PARQUE IMPERIAL),como eu chego do santana de parnaiba no barueri?
SANTANA DE PARNAIBA (JARDIM SAO LUIS),BARUERI (PARQUE IMPERIAL),como eu vou do jardim sa luis para o barueri?
SANTANA DE PARNAIBA (JARDIM SAO LUIS),BARUERI (PARQUE IMPERIAL),como eu chego do jardim sao luis para o barreueri?
SANTANA DE PARNAIBA (JARDIM SAO LUIS),BARUERI (PARQUE IMPERIAL),como eu vou do jardim sa luis para o barueri?
POA (TERMINAL RODOVIARIO PEDRO FAVA - CIDADE KEMEL),SAO PAULO (METRO CORINTHIANS-ITAQUERA),como eu faco pra ir do terminal rodoviario pedro ava pra corinthians?
POA (TERMINAL RODOVIARIO PEDRO FAVA - CIDADE KEMEL),SAO PAULO (METRO CORINTHIANS-ITAQUERA),como eu saio do terminal rodoviario pedro fava para chegar no metrocoracao corinthians-itaquera?
POA (TERMINAL RODOVIARIO PEDRO FAVA - CIDADE KEMEL),SAO PAULO (METRO CORINTHIANS-ITAQUERA),"como eu faco pra ir do terminal rodoviario pedro fava pra sao paulo, no corinthians-itaquera?"
CARAPICUIBA (VILA MENCK),SAO PAULO (METRO BUTANTA),como eu faco pra ir de carapicuiba (vila menck) para sao paulo usando o metro?
CARAPICUIBA (VILA MENCK),SAO PAULO (METRO BUTANTA),como eu faco para ir de carapicuiba (vila menck) para sao paulo pelo metro?
CARAPICUIBA (VILA MENCK),SAO PAULO (METRO BUTANTA),to em carapicuiba (vila menck) e quero saber como ir para sao paulo no metro.
CAIEIRAS (LARANJEIRAS),SAO PAULO (TERMINAL RODOVIARIO BARRA FUNDA),to em caieiras e quero saber como ir do meu lugar ate o terminal rodoviario barra funda em sao paulo.
CAIEIRAS (LARANJEIRAS),SAO PAULO (TERMINAL RODOVIARIO BARRA FUNDA),to em caieiras e quero saber como ir do meu lugar ate o terminal rodoviario barra funda em sao paulo.
CAIEIRAS (LARANJEIRAS),SAO PAULO (TERMINAL RODOVIARIO BARRA FUNDA),to em caieiras e quero saber como ir do meu lugar ate o terminal rodoviario barra funda em sao paulo.
ITAQUAQUECETUBA (JARDIM ADRIANE),SUZANO (VILA SOL NASCENTE),como eu faco pra ir do itaquaquecetuba ate o suzano?
ITAQUAQUECETUBA (JARDIM ADRIANE),SUZANO (VILA SOL NASCENTE),como eu vou do itaquaquecetuba para o suzano?
ITAQUAQUECETUBA (JARDIM ADRIANE),SUZANO (VILA SOL NASCENTE),como eu chego do itaquaquecetuba (jardim adriane) para o suzano (vila sol nascente)?
COTIA (JARDIM DO ENGENHO),SAO PAULO (METRO MORUMBI),to no cotia (jardim do engenho) e quero saber como ir para o metro morumbi.
COTIA (JARDIM DO ENGENHO),SAO PAULO (METRO MORUMBI),to em cotia (jardim do engenho) e quero saber como ir para o metro morumbi.
COTIA (JARDIM DO ENGENHO),SAO PAULO (METRO MORUMBI),to em cotia (jardim do engenho) e quero saber como ir para o metro morumbi.
POA (TERMINAL RODOVIARIO PEDRO FAVA - CIDADE KEMEL),ITAQUAQUECETUBA (MARENGO),to no terminal rodoviario pedro fava e quero saber como chegar na metro tqua.
POA (TERMINAL RODOVIARIO PEDRO FAVA - CIDADE KEMEL),ITAQUAQUECETUBA (MARENGO),como eu chego do terminal rodoviario pedro ava pra ficar em itaquetacu?
POA (TERMINAL RODOVIARIO PEDRO FAVA - CIDADE KEMEL),ITAQUAQUECETUBA (MARENGO),to aqui no terminal rodoviario pedro fava (cidade kemel) e queria saber como chegar em itaquaquecetuba.
RIBEIRAO PIRES (TERMINAL RODOVIARIO DE RIBEIRAO PIRES),MAUA (CAPBURGO),como eu vou do terminal rodoviario de ribeirao pires para mua?
RIBEIRAO PIRES (TERMINAL RODOVIARIO DE RIBEIRAO PIRES),MAUA (CAPBURGO),como eu faco para ir do terminal rodoviario de ribeirao pires para mua?
RIBEIRAO PIRES (TERMINAL RODOVIARIO DE RIBEIRAO PIRES),MAUA (CAPBURGO),como eu saio do terminal rodoviario de ribeirao pires e chego em mua?
GUARULHOS (TERMINAL METROPOLITANO TABOAO),SAO PAULO (TERMINAL RODOVIARIO TIETE),como eu chego do terminal metropolitano taboa em sao paulo?
GUARULHOS (TERMINAL METROPOLITANO TABOAO),SAO PAULO (TERMINAL RODOVIARIO TIETE),como eu vou do terminal metropolitano taboa pra sao paulo?
GUARULHOS (TERMINAL METROPOLITANO TABOAO),SAO PAULO (TERMINAL RODOVIARIO TIETE),como eu vou do terminal metropolitano taboa para o terminal rodoviario tiete?
GUARULHOS (RECREIO SAO JORGE),SAO PAULO (TERMINAL RODOVIARIO TIETE),"como eu faco pra ir do recreio sao jorge pra sao paulo, pelo terminal rodoviario tiete?"
GUARULHOS (RECREIO SAO JORGE),SAO PAULO (TERMINAL RODOVIARIO TIETE),to em recreio sao jorge e quero saber como ir do saopaulo ate o terminal rodoviario tiete.
GUARULHOS (RECREIO SAO JORGE),SAO PAULO (TERMINAL RODOVIARIO TIETE),como eu vou de guarulhos (recreio sao jjorge) para o terminal rodoaviario tiete?
ITAPECERICA DA SERRA (JARDIM VICTORIA),SAO PAULO (METRO CAPAO REDONDO),to em itapecerica da serra e quero saber como ir de sao paulo para o metro capao rondao.
ITAPECERICA DA SERRA (JARDIM VICTORIA),SAO PAULO (METRO CAPAO REDONDO),como eu vou do itapecerica da serra (jardim victoria) para o metro capao redondo?
ITAPECERICA DA SERRA (JARDIM VICTORIA),SAO PAULO (METRO CAPAO REDONDO),como eu faco pra ir do itapecerica da serra (jardim victoria) para o metro capao redondo?
ITAPECERICA DA SERRA (JARDIM SAO MARCOS),SAO PAULO (METRO CAPAO REDONDO),como eu vou do itapecerica da serra (jardim sao marcos) para o metro capao redondo?
ITAPECERICA DA SERRA (JARDIM SAO MARCOS),SAO PAULO (METRO CAPAO REDONDO),como eu faco pra ir do itapecerica da serra (jardim sao marcos) para o metro capao redondo?
ITAPECERICA DA SERRA (JARDIM SAO MARCOS),SAO PAULO (METRO CAPAO REDONDO),to aqui em sao paulo e quero saber como ir do metro saopaulo ate o metro capao redondo.
GUARULHOS (VILA ANY),SAO PAULO (METRO ARMENIA),como eu faco para ir da vila any em guarulhos?
GUARULHOS (VILA ANY),SAO PAULO (METRO ARMENIA),to em vila any em guarulhos e quero saber como ir para sao paulo.
GUARULHOS (VILA ANY),SAO PAULO (METRO ARMENIA),to na vila any em guarulhos e quero saber como pegar no metro armenia.
GUARULHOS (VILA ANY),SAO PAULO (METRO ARMENIA),to em vila any e quero saber como ir de guarulhos para sao paulo.
GUARULHOS (VILA ANY),SAO PAULO (METRO ARMENIA),to em vila any e quero saber como ir de guarulhos para sao paulo.
GUARULHOS (VILA ANY),SAO PAULO (METRO ARMENIA),to na vila any em guarulhos e quero saber como ir para sao paulo.
GUARULHOS (JARDIM MARIA DIRCE),SAO PAULO (METRO ARMENIA),to em guarulhos e preciso saber como ir de aqui para sao paulo.
GUARULHOS (JARDIM MARIA DIRCE),SAO PAULO (METRO ARMENIA),como eu faco para ir do guarulhos (jardim maria dirce) para o sao paulo?
GUARULHOS (JARDIM MARIA DIRCE),SAO PAULO (METRO ARMENIA),como eu faco pra ir do guarulhos para o sao paulo?
GUARULHOS (JARDIM MARIA DIRCE),SAO PAULO (METRO ARMENIA),to em guarulhos e quero saber como ir do jardim maria dirce para sao paulo.
GUARULHOS (JARDIM MARIA DIRCE),SAO PAULO (METRO ARMENIA),to em guarulhos e quero saber como ir do jardim maria dirce para sao paulo.
GUARULHOS (JARDIM MARIA DIRCE),SAO PAULO (METRO ARMENIA),to em guarulhos e quero saber como ir do jardim maria dirce para sao paulo.
EMBU DAS ARTES (JARDIM DO COLEGIO),SAO PAULO (METRO CAMPO LIMPO),como eu faco pra ir do embu das artes ate o metro campo limpo?
EMBU DAS ARTES (JARDIM DO COLEGIO),SAO PAULO (METRO CAMPO LIMPO),como eu faco pra ir de embu das artes ate o metro campo limpo?
EMBU DAS ARTES (JARDIM DO COLEGIO),SAO PAULO (METRO CAMPO LIMPO),to em embuas artes e quero saber como ir do jardim do colegio ate sao paulo.
BARUERI (VALE DO SOL),OSASCO (VILA YARA),como eu vou do barueri (vale do sol) para vila yara?
BARUERI (VALE DO SOL),OSASCO (VILA YARA),como eu vou do barueri (vale do sol) para a vila yara?
BARUERI (VALE DO SOL),OSASCO (VILA YARA),como eu vou do barueri (vale do sol) para vila yara?
JANDIRA (JARDIM NOSSA SENHORA DE FATIMA),SANTANA DE PARNAIBA (TERMINAL RODOVIARIO ALPHAVILLE),como eu saio de jandira para santana de paranaiba?
JANDIRA (JARDIM NOSSA SENHORA DE FATIMA),SANTANA DE PARNAIBA (TERMINAL RODOVIARIO ALPHAVILLE),como eu faco pra ir do jardim nossa senhora de fatima pro santana de paraniba?
JANDIRA (JARDIM NOSSA SENHORA DE FATIMA),SANTANA DE PARNAIBA (TERMINAL RODOVIARIO ALPHAVILLE),como eu chego do jandira de jardim nossa senhora de fatima ao santana de parnaiba?
EMBU DAS ARTES (PARQUE INDUSTRIAL),TABOAO DA SERRA (CENTRO),como eu faco para ir do embu das artes ate o taboao da serra?
EMBU DAS ARTES (PARQUE INDUSTRIAL),TABOAO DA SERRA (CENTRO),como eu vou do embu das artes para o taboao da serra?
EMBU DAS ARTES (PARQUE INDUSTRIAL),TABOAO DA SERRA (CENTRO),como eu vou do embu das artes para o taboao da serra?
ARUJA (TERMINAL RODOVIARIO DE ARUJA),ITAQUAQUECETUBA (JARDIM NOSSA SENHORA DAS GRACAS),como eu vou do terminal rodoviario de arju pra itaquaquecetuba?
ARUJA (TERMINAL RODOVIARIO DE ARUJA),ITAQUAQUECETUBA (JARDIM NOSSA SENHORA DAS GRACAS),como eu vou do terminal rodoviario de arjuita para o jardim nossa senhora das gracas?
ARUJA (TERMINAL RODOVIARIO DE ARUJA),ITAQUAQUECETUBA (JARDIM NOSSA SENHORA DAS GRACAS),como eu vou do terminal rodoaviario de arju para o jardim nossa senhora das gragas?
GUARULHOS (JARDIM MARIA DIRCE),SAO PAULO (ITAIM PAULISTA),como eu faco pra ir do guarulhos pra sao paulo?
GUARULHOS (JARDIM MARIA DIRCE),SAO PAULO (ITAIM PAULISTA),to em guarulhos e quero saber como ir do jardim maria dirce para sao paulo.
GUARULHOS (JARDIM MARIA DIRCE),SAO PAULO (ITAIM PAULISTA),como eu faco pra ir de guarulhos pra sao paulo?
ITAPEVI (COHAB),OSASCO (VILA YARA),como eu faco pra ir do itapevi (cohab) para a vila yara?
ITAPEVI (COHAB),OSASCO (VILA YARA),como eu vou do itapevi para a vila yara?
ITAPEVI (COHAB),OSASCO (VILA YARA),como eu vou do itapevi para a villa yara?
ITAPEVI (VILA GIOIA),OSASCO (VILA YARA),como eu vou do itapevi para a osasco?
ITAPEVI (VILA GIOIA),OSASCO (VILA YARA),como eu faco pra ir do itapevi em osasca para a vila yara?
ITAPEVI (VILA GIOIA),OSASCO (VILA YARA),como eu vou do itapevi para a vila yara?
COTIA (CAUCAIA DO ALTO),COTIA (TERMINAL METROPOLITANO COTIA),to aqui no cotia e quero saber como pegar no terminal metropolitano cotia.
COTIA (CAUCAIA DO ALTO),COTIA (TERMINAL METROPOLITANO COTIA),como eu chego do cotia ao terminal metropolitano cotia?
COTIA (CAUCAIA DO ALTO),COTIA (TERMINAL METROPOLITANO COTIA),como eu chego do cotia para o terminal metropolitano cotia?
COTIA (CAUCAIA DO ALTO),COTIA (TERMINAL METROPOLITANO COTIA),como eu chego do cotia ao terminal metropolitano cotia?
COTIA (CAUCAIA DO ALTO),COTIA (TERMINAL METROPOLITANO COTIA),como eu chego do cotia ao terminal metropolitano cotia?
COTIA (CAUCAIA DO ALTO),COTIA (TERMINAL METROPOLITANO COTIA),como eu chego do cotia ao terminal metropolitano cotia?
COTIA (JARDIM MONTE VERDE),COTIA (TERMINAL METROPOLITANO COTIA),to no jardim monte verde e quero saber como ir do terminal metropolitano cotia.
COTIA (JARDIM MONTE VERDE),COTIA (TERMINAL METROPOLITANO COTIA),como eu faco para ir do jardim monte verde ate o terminal metropolitano cotia?
COTIA (JARDIM MONTE VERDE),COTIA (TERMINAL METROPOLITANO COTIA),como eu chego do jardim monte verde ate o terminal metropolitano cotia?
SANTANA DE PARNAIBA (CIDADE DE SAO PEDRO),SAO PAULO (LAPA),"como eu faco pra ir de santana de paranaiba pra sao paulo, lapa?"
SANTANA DE PARNAIBA (CIDADE DE SAO PEDRO),SAO PAULO (LAPA),"to em santana de parnaiba e quero saber como ir pra sao paulo, sao paulo."
SANTANA DE PARNAIBA (CIDADE DE SAO PEDRO),SAO PAULO (LAPA),"to em santana de paranaiba e quero saber como ir pra sao paulo, sao laco."
ARUJA (TERMINAL RODOVIARIO DE ARUJA),ITAQUAQUECETUBA (RESIDENCIAL VILLAGE),como eu vou do terminal rodoviario de arjuita para a residencial village?
ARUJA (TERMINAL RODOVIARIO DE ARUJA),ITAQUAQUECETUBA (RESIDENCIAL VILLAGE),"como eu vou do terminal rodoviario de arjuita pra itaquaquecetuba, residencial village?"
ARUJA (TERMINAL RODOVIARIO DE ARUJA),ITAQUAQUECETUBA (RESIDENCIAL VILLAGE),como eu chego do terminal rodoviario de arju pra itaquaquecetuba?
GUARULHOS (BAIRRO DOS LAVRAS),SAO PAULO (METRO ARMENIA),"como eu vou do guarulhos (bairro dos lavras) para o metro armenia, em sao paulo?"
GUARULHOS (BAIRRO DOS LAVRAS),SAO PAULO (METRO ARMENIA),como eu faco pra ir do guarulhos (bairro dos lavras) pra sao paulo?
GUARULHOS (BAIRRO DOS LAVRAS),SAO PAULO (METRO ARMENIA),como eu faco pra ir do guarulhos (bairro dos lavras) para o sao paulo (metro armenia)?
TABOAO DA SERRA (JARDIM LEME),SAO PAULO (METRO VILA SONIA),como eu chego do taboao da serra (jardim leme) em sao paulo?
TABOAO DA SERRA (JARDIM LEME),SAO PAULO (METRO VILA SONIA),como eu vou do taboao da serra (jardim leme) para o metro vila sonia?
TABOAO DA SERRA (JARDIM LEME),SAO PAULO (METRO VILA SONIA),como eu vou do taboao da serra (jardim leme) ate o metro vila sonia?
DIADEMA (VILA SAO JOSE),SAO PAULO (SAUDE),como eu chego de diadema (vila sao jose) para sao paulo (saude)?
DIADEMA (VILA SAO JOSE),SAO PAULO (SAUDE),como eu chego de diadema (vila sao jose) para sao paulo (saude)?
DIADEMA (VILA SAO JOSE),SAO PAULO (SAUDE),como eu vou de diadema (vila sao jose) para sao paulo (saude)?
SAO BERNARDO DO CAMPO (TERMINAL METROPOLITANO FERRAZOPOLIS),SAO PAULO (SAUDE),como eu vou do terminal ferrozipal para o saude?
SAO BERNARDO DO CAMPO (TERMINAL METROPOLITANO FERRAZOPOLIS),SAO PAULO (SAUDE),como eu faco pra chegar do terminal metro fernao coelho em sao paulo?
SAO BERNARDO DO CAMPO (TERMINAL METROPOLITANO FERRAZOPOLIS),SAO PAULO (SAUDE),como eu faco pra ir do terminal ferrozona ate o saude?
BARUERI (PARQUE VIANA),BARUERI (ALPHAVILLE 1),como eu vou do barueri para o alphaville 1?
BARUERI (PARQUE VIANA),BARUERI (ALPHAVILLE 1),como eu faco pra ir do barueri ate o alphaville 1?
BARUERI (PARQUE VIANA),BARUERI (ALPHAVILLE 1),como eu vou do barueri para o alphaville 1?
FRANCISCO MORATO (PARQUE 120),SAO PAULO (TERMINAL RODOVIARIO BARRA FUNDA),como eu faco para ir do parque 120 ate o terminal rodoviario barra funda?
FRANCISCO MORATO (PARQUE 120),SAO PAULO (TERMINAL RODOVIARIO BARRA FUNDA),como eu faco pra ir do parque 120 ate o terminal rodoviario barra funda?
FRANCISCO MORATO (PARQUE 120),SAO PAULO (TERMINAL RODOVIARIO BARRA FUNDA),to perto do parque 120 e quero saber como chegar no terminal rodoviario barra funda.
FRANCISCO MORATO (PARQUE120),CAIEIRAS (TREVO DE LARANJEIRAS),to em francisco morato e quero saber como ir para caieiras.
FRANCISCO MORATO (PARQUE120),CAIEIRAS (TREVO DE LARANJEIRAS),to em francisco morato e quero saber como ir para caieiras.
FRANCISCO MORATO (PARQUE120),CAIEIRAS (TREVO DE LARANJEIRAS),to em francisco morato e quero saber como ir para caieiras.
ITAQUAQUECETUBA (JARDIM CALIFORNIA),GUARULHOS (JARDIM SANTA MENA),como eu faco pra ir do jardim california pra guarulhos?
ITAQUAQUECETUBA (JARDIM CALIFORNIA),GUARULHOS (JARDIM SANTA MENA),como eu chego do jardim california para o jardim santa mena?
ITAQUAQUECETUBA (JARDIM CALIFORNIA),GUARULHOS (JARDIM SANTA MENA),como eu chego do jardim california para o jardim santa mena?
ARUJA (TERMINAL RODOVIARIO DE ARUJA),ARUJA (RECANTO PRIMAVERA),como eu vou do terminal rodoaviaria de arju para o recanto da primavera?
ARUJA (TERMINAL RODOVIARIO DE ARUJA),ARUJA (RECANTO PRIMAVERA),como eu faco para ir do terminal rodoviario de arju para o recanto da primavera?
ARUJA (TERMINAL RODOVIARIO DE ARUJA),ARUJA (RECANTO PRIMAVERA),como eu chego do terminal rodoviario de arju para o recanto primavera?
SAO BERNARDO DO CAMPO (PARQUE SELECTA),SANTO ANDRE (JARDIM CRISTIANE),como eu vou do parque selecta para o santo andre?
SAO BERNARDO DO CAMPO (PARQUE SELECTA),SANTO ANDRE (JARDIM CRISTIANE),como eu vou do sao bernardo do campo para o santo andre?
SAO BERNARDO DO CAMPO (PARQUE SELECTA),SANTO ANDRE (JARDIM CRISTIANE),como eu vou do sao bernardo do campo para o santo andre?
SUZANO (JARDIM VITORIA),MOGI DAS CRUZES (CONDOMINIO ARUA),to na suzano (jardim vitoria) e quero saber como ir para mogi das cruzes.
SUZANO (JARDIM VITORIA),MOGI DAS CRUZES (CONDOMINIO ARUA),como eu vou do suzano (jardim vitoria) para mogi das cruzes?
SUZANO (JARDIM VITORIA),MOGI DAS CRUZES (CONDOMINIO ARUA),to em suzano (jardim vitoria) e quero saber como ir pra mogi das cruzes.
SUZANO (JARDIM COLORADO),MOGI DAS CRUZES (JARDIM PIATA),to em suzano (jardim colorado) e quero saber como ir para mogi das cruzes.
SUZANO (JARDIM COLORADO),MOGI DAS CRUZES (JARDIM PIATA),como eu vou do suzano (jardim colorado) para o mogi das cruzes?
SUZANO (JARDIM COLORADO),MOGI DAS CRUZES (JARDIM PIATA),como eu faco pra ir do suzano (jardim colorado) para mogi das cruzes?
RIO GRANDE DA SERRA (SITIO MARIA JOANA),RIBEIRAO PIRES (TERMINAL RODOVIARIO DE RIBEIRAO PIRES),como eu vou do sitio maria joao em ribiera do paraiso para o terminal rodoviario de ribiera do paraiso?
RIO GRANDE DA SERRA (SITIO MARIA JOANA),RIBEIRAO PIRES (TERMINAL RODOVIARIO DE RIBEIRAO PIRES),como eu chego de sitio maria joao ate a terminal rodoviario de ribeiro?
RIO GRANDE DA SERRA (SITIO MARIA JOANA),RIBEIRAO PIRES (TERMINAL RODOVIARIO DE RIBEIRAO PIRES),to no sitio maria joao e quero saber como ir para a riberiao pires.
MAIRIPORA (DIVISA),SAO PAULO (TERMINAL RODOVIARIO DO TIETE),como eu vou da mairipora (divisa) para o terminal rodoviario do tiete?
MAIRIPORA (DIVISA),SAO PAULO (TERMINAL RODOVIARIO DO TIETE),como eu chego de mairipora (divisa) ao terminal rodoviario do tiete?
MAIRIPORA (DIVISA),SAO PAULO (TERMINAL RODOVIARIO DO TIETE),como eu faco pra ir do mairipora (divisa) pro terminal rodoviario do tiete?
DIADEMA (TERMINAL METROPOLITANO DIADEMA),SAO PAULO (BROOKLIN),como eu faco pra ir do terminal metropolitano diadema para o brooklin?
DIADEMA (TERMINAL METROPOLITANO DIADEMA),SAO PAULO (BROOKLIN),como eu chego do terminal metropolitano diadem a brooklin?
DIADEMA (TERMINAL METROPOLITANO DIADEMA),SAO PAULO (BROOKLIN),como eu chego do terminal metropolitano diadem a brooklin?
POA (JARDIM NOVA POA),SAO PAULO (METRO CORINTHIANS-ITAQUERA),como eu faco pra ir do jardim nova poa pra sao paulo no metrocenic?
POA (JARDIM NOVA POA),SAO PAULO (METRO CORINTHIANS-ITAQUERA),como eu faco pra ir do jardim nova poa ate o metrocinio corinthians?
POA (JARDIM NOVA POA),SAO PAULO (METRO CORINTHIANS-ITAQUERA),como eu vou do jardim nova poa pra sao paulo?
SANTANA DE PARNAIBA (TERMINAL RODOVIARIO ALPHAVILLE),SAO PAULO (METRO PARAISO),to aqui no santana de parnaiba e quero saber como pegar o metro para sao paulo.
SANTANA DE PARNAIBA (TERMINAL RODOVIARIO ALPHAVILLE),SAO PAULO (METRO PARAISO),como eu faco pra ir do terminal rodoaviario alphaville para o metro paraiso?
SANTANA DE PARNAIBA (TERMINAL RODOVIARIO ALPHAVILLE),SAO PAULO (METRO PARAISO),como eu faco pra chegar no metro paraiso a partir de santana de parnaiba?
FERRAZ DE VASCONCELOS (CENTRO),SAO PAULO (TERMINAL RODOVIARIO TIETE),to aqui no ferraz de vasconcelos (centro) e quero saber como chegar no terminal rodoviario tiete.
FERRAZ DE VASCONCELOS (CENTRO),SAO PAULO (TERMINAL RODOVIARIO TIETE),to na ferraz de vasconcelos (centro) e quero saber como ir para o terminal rodoviario tiete.
FERRAZ DE VASCONCELOS (CENTRO),SAO PAULO (TERMINAL RODOVIARIO TIETE),to na ferraz de vasconcelos (centro) e quero saber como ir para o terminal rodoviario tiete.
DIADEMA (TERMINAL METROPOLITANO DE DIADEMA),SAO PAULO (JARDIM GUACURI),como eu chego do terminal metropolitano de diadema ate o jardim gaucredi?
DIADEMA (TERMINAL METROPOLITANO DE DIADEMA),SAO PAULO (JARDIM GUACURI),"como eu vou do terminal metropolitano de diadema pra sao paulo, jardim guacuri?"
DIADEMA (TERMINAL METROPOLITANO DE DIADEMA),SAO PAULO (JARDIM GUACURI),to no terminal metropolitano de diadema e quero saber como ir para o jardim guacuri.
RIBEIRAO PIRES (TERMINAL RODOVIARIO DE RIBEIRAO PIRES),SUZANO (BARUEL),como eu faco pra ir do terminal rodoviario de ribeirao pires para suzano?
RIBEIRAO PIRES (TERMINAL RODOVIARIO DE RIBEIRAO PIRES),SUZANO (BARUEL),como eu vou do terminal rodoviario de ribeirao pires para o suzano?
RIBEIRAO PIRES (TERMINAL RODOVIARIO DE RIBEIRAO PIRES),SUZANO (BARUEL),como eu chego do terminal rodoviario de ribeirao pires para suzano?
RIBEIRAO PIRES (TERMINAL RODOVIARIO DE RIBEIRAO PIRES),SUZANO (VILA FATIMA),como eu chego do terminal rodoviario de ribeiraos pires para a vila fatima?
RIBEIRAO PIRES (TERMINAL RODOVIARIO DE RIBEIRAO PIRES),SUZANO (VILA FATIMA),como eu chego do terminal rodoviario de ribeirao pires para a vila fatima?
RIBEIRAO PIRES (TERMINAL RODOVIARIO DE RIBEIRAO PIRES),SUZANO (VILA FATIMA),como eu vou do terminal rodoviario de ribeirao pires para a vila fatima?
MAUA (BAIRRO FEITAL),SAO CAETANO DO SUL ( BAIRRO SANTO ANTONIO),como eu vou do maua para o sao caetano do sul?
MAUA (BAIRRO FEITAL),SAO CAETANO DO SUL ( BAIRRO SANTO ANTONIO),como eu chego de maua para sao caetano do sul?
MAUA (BAIRRO FEITAL),SAO CAETANO DO SUL ( BAIRRO SANTO ANTONIO),como eu vou do mau (baia do feital) para sao caetano do sul?
MAUA (JARDIM ITAPEVA),SAO CAETANO DO SUL (BAIRRO SANTO ANTONIO),como eu vou do maua para o sao caetano do sul?
MAUA (JARDIM ITAPEVA),SAO CAETANO DO SUL (BAIRRO SANTO ANTONIO),como eu vou do maua para o sao caetano do sul?
MAUA (JARDIM ITAPEVA),SAO CAETANO DO SUL (BAIRRO SANTO ANTONIO),como eu vou do maua para sao caetano do sul?
ITAQUAQUECETUBA (JARDIM CALIFORNIA),SAO PAULO (METRO ARMENIA),to aqui no jardim california e quero saber como ir para sao paulo.
ITAQUAQUECETUBA (JARDIM CALIFORNIA),SAO PAULO (METRO ARMENIA),como eu vou do jardim california para o metro armenia?
ITAQUAQUECETUBA (JARDIM CALIFORNIA),SAO PAULO (METRO ARMENIA),"to aqui no jardim california, como posso ir para sao paulo?"
SANTANA DE PARNAIBA (VARZEA DE SOUZA),SAO PAULO (PINHEIROS),to em santana de parnaiba e quero saber como chegar em sao paulo.
SANTANA DE PARNAIBA (VARZEA DE SOUZA),SAO PAULO (PINHEIROS),to em santana de parnaiba e quero saber como ir para sao paulo.
SANTANA DE PARNAIBA (VARZEA DE SOUZA),SAO PAULO (PINHEIROS),to em santana de parnaiba e quero saber como ir de la para sao paulo.
OSASCO (JARDIM VELOSO),BARUERI (ALPHAVILLE 3 / BRADESCO),como eu faco pra ir do jardim veloso para o barruieri?
OSASCO (JARDIM VELOSO),BARUERI (ALPHAVILLE 3 / BRADESCO),como eu vou do jardim veloso para o barreu?
OSASCO (JARDIM VELOSO),BARUERI (ALPHAVILLE 3 / BRADESCO),como eu vou do jardim veloso para o barueri?
OSASCO (JARDIM SANTO ANTONIO),BARUERI (ALPHAVILLE 3 / BRADESCO),to em osasco e quero saber como ir do jardim santo antonio para o barruieri.
OSASCO (JARDIM SANTO ANTONIO),BARUERI (ALPHAVILLE 3 / BRADESCO),como eu vou do jardim santo antonio para o barreu?
OSASCO (JARDIM SANTO ANTONIO),BARUERI (ALPHAVILLE 3 / BRADESCO),como eu faco pra ir do jardim santo antonio pra barueri?
CARAPICUIBA (JARDIM ANA ESTELA),BARUERI (ALPHAVILLE),to em carapicuiba e quero saber como ir para o barueri.
CARAPICUIBA (JARDIM ANA ESTELA),BARUERI (ALPHAVILLE),to em carapicuiba e preciso saber como ir para o barreu.
CARAPICUIBA (JARDIM ANA ESTELA),BARUERI (ALPHAVILLE),to aqui em carapicuiba e preciso ir para o barueri. como eu faco?
BIRITIBA MIRIM (JARDIM DOS EUCALIPTOS),MOGI DAS CRUZES (CENTRO),como eu chego de biritiba mirim para mogi das cruzes?
BIRITIBA MIRIM (JARDIM DOS EUCALIPTOS),MOGI DAS CRUZES (CENTRO),como eu saio do biritiba mirim e chego no mogi das cruzes?
BIRITIBA MIRIM (JARDIM DOS EUCALIPTOS),MOGI DAS CRUZES (CENTRO),como eu vou do biritiuba mirim ate mogi das cruzes?
COTIA (TERMINAL METROPOLITANO COTIA),SAO PAULO (METRO BUTANTA),como eu chego do cotia ao metro butana?
COTIA (TERMINAL METROPOLITANO COTIA),SAO PAULO (METRO BUTANTA),como eu vou do cotia para o metro butana?
COTIA (TERMINAL METROPOLITANO COTIA),SAO PAULO (METRO BUTANTA),como eu faco pra ir do cotia pro metro butana?
BARUERI (PARQUE IMPERIAL),SAO PAULO (TERMINAL RODOVIARIO BARRA FUNDA),como eu vou do barueri ate o terminal rodoviario barra funda?
BARUERI (PARQUE IMPERIAL),SAO PAULO (TERMINAL RODOVIARIO BARRA FUNDA),como eu vou do barueri ate o terminal rodoviario barra funda?
BARUERI (PARQUE IMPERIAL),SAO PAULO (TERMINAL RODOVIARIO BARRA FUNDA),to no barueri e quero ir para o terminal rodoviario barra funda.
RIO GRANDE DA SERRA (CENTRO),RIBEIRAO PIRES (TERMINAL RODOVIARIO DE RIBEIRAO PIRES),como eu faco para ir de rio grande da serra (centro) para riberao pires?
RIO GRANDE DA SERRA (CENTRO),RIBEIRAO PIRES (TERMINAL RODOVIARIO DE RIBEIRAO PIRES),to na rio grande da serra e quero saber como chegar em riberiao pires.
RIO GRANDE DA SERRA (CENTRO),RIBEIRAO PIRES (TERMINAL RODOVIARIO DE RIBEIRAO PIRES),como eu vou do rio grande da serra (centro) para ribierao pires?
MAUA (VILA NOVA MAUA),SAO CAETANO DO SUL (SANTO ANTONIO),como eu vou de maua para sao caetano do sul?
MAUA (VILA NOVA MAUA),SAO CAETANO DO SUL (SANTO ANTONIO),como eu vou de maua para sao caetano do sul?
MAUA (VILA NOVA MAUA),SAO CAETANO DO SUL (SANTO ANTONIO),to em maua e quero saber como ir para sao caetano do sul.
OSASCO (NOVO OSASCO),SAO PAULO (METRO VILA SONIA),como eu chego do osasco (novo osasco) ate o metro vila sonia?
OSASCO (NOVO OSASCO),SAO PAULO (METRO VILA SONIA),como eu chego do osasco (novo osasco) para o metro vila sonia?
OSASCO (NOVO OSASCO),SAO PAULO (METRO VILA SONIA),como eu vou do novo osasco para a metro vila sonia?
SUZANO (CENTRO),ITAQUAQUECETUBA (RANCHO GRANDE),como eu chego de suzano (centro) para itaquaquecetuba (rancho grande)?
SUZANO (CENTRO),ITAQUAQUECETUBA (RANCHO GRANDE),como eu chego de suzano (centro) para itaquaquecetuba (rancho grande)?
SUZANO (CENTRO),ITAQUAQUECETUBA (RANCHO GRANDE),como eu faco para ir de suzano para itaquaquecetuba?
CARAPICUIBA (VILA DIRCE),SANTANA DE PARNAIBA (RESIDENCIAL BURLE MARX),como eu chego da carapicuiba (vila dirce) ate a santana de parnaiba (residencial burle marx)?
CARAPICUIBA (VILA DIRCE),SANTANA DE PARNAIBA (RESIDENCIAL BURLE MARX),como eu saio da carapicuiba (vila dirce) e chego na residencial burle marx?
CARAPICUIBA (VILA DIRCE),SANTANA DE PARNAIBA (RESIDENCIAL BURLE MARX),como eu saio da carapicuiba (vila dirce) e chego na residencia burle marx?
GUARULHOS (CIDADE SOBERANA),SAO PAULO (METRO ARMENIA),como eu vou de guarulhos para sao paulo?
GUARULHOS (CIDADE SOBERANA),SAO PAULO (METRO ARMENIA),como eu vou de guarulhos para o metro armenia?
GUARULHOS (CIDADE SOBERANA),SAO PAULO (METRO ARMENIA),to em guarulhos e quero saber como ir do meu lugar ate sao paulo.
SAO BERNARDO DO CAMPO (JARDIM LAS PALMAS),SANTO ANDRE (TERMINAL METROPOLITANO SANTO ANDRE-OESTE),como eu faco pra ir do jardim las palmas ate o terminal metropolitano santa andre?
SAO BERNARDO DO CAMPO (JARDIM LAS PALMAS),SANTO ANDRE (TERMINAL METROPOLITANO SANTO ANDRE-OESTE),como eu faco pra ir do jardim las palmas em sao bernardo do campo pra santo andre?
SAO BERNARDO DO CAMPO (JARDIM LAS PALMAS),SANTO ANDRE (TERMINAL METROPOLITANO SANTO ANDRE-OESTE),como eu chego do jardim las palmas em sao bernardo do campo para o terminal metropolitano santo andre-oeste?
SAO BERNARDO DO CAMPO (PARQUE ALVARENGA),SANTO ANDRE (TERMINAL METROPOLITANO SANTO ANDRE-OESTE),como eu vou do parque alvarena para o terminal metropolitano santa andre?
SAO BERNARDO DO CAMPO (PARQUE ALVARENGA),SANTO ANDRE (TERMINAL METROPOLITANO SANTO ANDRE-OESTE),como eu vou do sao bernardo do campo para o terminal metropolitano santa andre-oeste?
SAO BERNARDO DO CAMPO (PARQUE ALVARENGA),SANTO ANDRE (TERMINAL METROPOLITANO SANTO ANDRE-OESTE),como eu vou do parque alvarena para o terminal metropolitano santa andre?
SANTA ISABEL (MONTE SERRAT),MOGI DAS CRUZES (TERMINAL RODOVIARIO GERALDO SCAVONE),como eu faco pra chegar no mogi das cruzes a partir de santa isabel (monte serrat)?
SANTA ISABEL (MONTE SERRAT),MOGI DAS CRUZES (TERMINAL RODOVIARIO GERALDO SCAVONE),como eu vou da santa isabel (monte serrat) para o mogi das cruzes?
SANTA ISABEL (MONTE SERRAT),MOGI DAS CRUZES (TERMINAL RODOVIARIO GERALDO SCAVONE),"to em santa isabel e quero saber como ir do meu lugar ate o mogi das cruzes, no terminal rodoviario geraldo scavone."
EMBU DAS ARTES (JARDIM SAO MARCOS),SAO PAULO (TERMINAL RODOVIARIO TIETE),como eu vou do embu das artes para o terminal rodoviario tiete?
EMBU DAS ARTES (JARDIM SAO MARCOS),SAO PAULO (TERMINAL RODOVIARIO TIETE),to em embu das artes e quero saber como chegar no terminal rodoviario tiete.
EMBU DAS ARTES (JARDIM SAO MARCOS),SAO PAULO (TERMINAL RODOVIARIO TIETE),como eu vou do embu das artes para o terminal rodoviario tiete?
SANTA ISABEL (MONTE SERRAT),GUARAREMA (CHACARA GUANABARA),como eu vou da santa isabel ate a guararapes?
SANTA ISABEL (MONTE SERRAT),GUARAREMA (CHACARA GUANABARA),como eu vou da santa isabel (monte serrat) para o guararema (chacara guanabara)?
SANTA ISABEL (MONTE SERRAT),GUARAREMA (CHACARA GUANABARA),to na santa isabel e quero saber como chegar no guarambaca.
POA (JARDIM MEDINA),MOGI DAS CRUZES (ESTACAO CPTM ESTUDANTES),como eu faco para ir do jardim meda pra mogi das cruzes?
POA (JARDIM MEDINA),MOGI DAS CRUZES (ESTACAO CPTM ESTUDANTES),como eu vou do jardim medina para mogi das cruzes?
POA (JARDIM MEDINA),MOGI DAS CRUZES (ESTACAO CPTM ESTUDANTES),como eu chego do jardim meda em poa para mogi das cruzes (estacao cptm estudantes)?
SANTANA DE PARNAIBA (PARQUE SANTANA),BARUERI (CENTRO),to em santana de parnaiba e quero saber como pegar no barreu.
SANTANA DE PARNAIBA (PARQUE SANTANA),BARUERI (CENTRO),como eu vou do santana de parnaiba para o barueri?
SANTANA DE PARNAIBA (PARQUE SANTANA),BARUERI (CENTRO),como eu vou do santana de parnaiba para o barueri?
PIRAPORA DO BOM JESUS (JARDIM BOM JESUS),BARUERI (CENTRO),to em pirapora do bom jesus e quero saber como ir para o barreu.
PIRAPORA DO BOM JESUS (JARDIM BOM JESUS),BARUERI (CENTRO),como eu vou do pirapora do bom jesus para o barueri?
PIRAPORA DO BOM JESUS (JARDIM BOM JESUS),BARUERI (CENTRO),to em pirapora do bom jesus e quero saber como ir para o barreu.
ITAPEVI (COHAB/JARDIM PAULISTA),SANTANA DE PARNAIBA (RESIDENCIAL BURLE MARX),como eu faco para ir do itapevi ate a santana de paranaiba?
ITAPEVI (COHAB/JARDIM PAULISTA),SANTANA DE PARNAIBA (RESIDENCIAL BURLE MARX),como eu vou do itapevi para a santana de paranaiba?
ITAPEVI (COHAB/JARDIM PAULISTA),SANTANA DE PARNAIBA (RESIDENCIAL BURLE MARX),como eu chego da itapevi para a santana de parana?
OSASCO (VILA YARA),COTIA (TERMINAL METROPOLITANO DE COTIA),to em osasco e quero saber como ir do terminal metropolitano de cotia.
OSASCO (VILA YARA),COTIA (TERMINAL METROPOLITANO DE COTIA),como eu faco pra ir do osasco (vila yara) pra cotia?
OSASCO (VILA YARA),COTIA (TERMINAL METROPOLITANO DE COTIA),como eu faco pra ir do osasco (vila yara) pra cotia?
OSASCO (VILA YARA),COTIA (TERMINAL METROPOLITANO DE COTIA),to na osasco e quero saber como ir para o terminal metropolitano de cotia.
OSASCO (VILA YARA),COTIA (TERMINAL METROPOLITANO DE COTIA),to em osasco e quero saber como ir do terminal metropolitano de cotia.
OSASCO (VILA YARA),COTIA (TERMINAL METROPOLITANO DE COTIA),como eu faco pra ir do osasco (vila yara) pro terminal metropolitano de cotia?
ITAPEVI (CIDADE DA SAUDE),VARGEM GRANDE PAULISTA (CENTRO),como eu faco para ir do itapevi ate o centro?
ITAPEVI (CIDADE DA SAUDE),VARGEM GRANDE PAULISTA (CENTRO),como eu vou do itapevi ate a vargem grande paulista?
ITAPEVI (CIDADE DA SAUDE),VARGEM GRANDE PAULISTA (CENTRO),como eu vou do itapevi para a vargem grande paulista?
ITAPEVI (VILA NOVA ESPERANCA),SAO PAULO (METRO MORUMBI),to em itapevi e quero saber como chegar no metro morumbi.
ITAPEVI (VILA NOVA ESPERANCA),SAO PAULO (METRO MORUMBI),como eu chego do itapevi (vila nova esperanca) ate o metro morumbi?
ITAPEVI (VILA NOVA ESPERANCA),SAO PAULO (METRO MORUMBI),como eu vou de itapevi para o metro morumbi?
RIO GRANDE DA SERRA (CENTRO),SANTO ANDRE (PARANAPIACABA),como eu faco para ir de rio grande da serra (centro) para santo andre (paranapiacaba)?
RIO GRANDE DA SERRA (CENTRO),SANTO ANDRE (PARANAPIACABA),como eu faco pra ir do rio grande da serra (centro) para santo andre (paranapiacaba)?
RIO GRANDE DA SERRA (CENTRO),SANTO ANDRE (PARANAPIACABA),como eu faco para ir do rio grande da serra (centro) para santo andre (paranapiacaba)?
FRANCO DA ROCHA (CENTRO),CAJAMAR (POLVILHO),to aqui no franco da rocha e quero saber como pegar no cajamar.
FRANCO DA ROCHA (CENTRO),CAJAMAR (POLVILHO),to aqui no franco da rocha e quero saber como chegar em camamar.
FRANCO DA ROCHA (CENTRO),CAJAMAR (POLVILHO),como eu chego do centro de franco da rocha em cajamar?
GUARULHOS (PARQUE CONTINENTAL II),SAO PAULO (PARAISO),como eu vou do guarulhos ao sao paulo?
GUARULHOS (PARQUE CONTINENTAL II),SAO PAULO (PARAISO),como eu vou do guarulhos ao sao paulo?
GUARULHOS (PARQUE CONTINENTAL II),SAO PAULO (PARAISO),como eu chego do guarulhos (parque continental ii) em sao paulo?
BARUERI (JARDIM DO LIBANO),OSASCO (VILA YARA),como eu chego da barueri (jardim do libano) em vila yara?
BARUERI (JARDIM DO LIBANO),OSASCO (VILA YARA),to em barueri (jardim do libano) e quero saber como ir para vila yara.
BARUERI (JARDIM DO LIBANO),OSASCO (VILA YARA),como eu vou do barueri (jardim do libano) para vila yara?
CAIEIRAS (LARANJEIRAS),SAO PAULO (JARDIM DO RUSSO),to em caieiras e quero saber como ir do meu lugar ate o jardim do russia.
CAIEIRAS (LARANJEIRAS),SAO PAULO (JARDIM DO RUSSO),to em caieiras e quero saber como ir do meu lugar ate o jardim do russia.
CAIEIRAS (LARANJEIRAS),SAO PAULO (JARDIM DO RUSSO),to em caieiras e quero saber como chegar no jardim do russia.
FRANCO DA ROCHA (CENTRO),FRANCISCO MORATO (CENTRO),como eu faco pra ir do francisco da rocha (centro) para francisco moro?
FRANCO DA ROCHA (CENTRO),FRANCISCO MORATO (CENTRO),como eu vou do francisco da rocha (centro) para o centro?
FRANCO DA ROCHA (CENTRO),FRANCISCO MORATO (CENTRO),como eu vou do francisco da rocha (centro) para francisco moro?
SAO BERNARDO DO CAMPO (JARDIM LAS PALMAS),SAO PAULO (TERMINAL SACOMA),como eu vou do jardim las palmas para o terminal sacramento?
SAO BERNARDO DO CAMPO (JARDIM LAS PALMAS),SAO PAULO (TERMINAL SACOMA),como eu faco pra ir do jardim las palmas em sao bernardo do campo pra sao paulo?
SAO BERNARDO DO CAMPO (JARDIM LAS PALMAS),SAO PAULO (TERMINAL SACOMA),como eu chego do jardim las palmas em sao bernardo do campo para o terminal sacramento?
SANTO ANDRE (TERMINAL METROPOLITANO SANTO ANDRE-LESTE),SAO BERNARDO DO CAMPO (BAIRRO DO TABOAO),como eu chego do terminal metropolitano santa andre-leste ate o bairro do taboa?
SANTO ANDRE (TERMINAL METROPOLITANO SANTO ANDRE-LESTE),SAO BERNARDO DO CAMPO (BAIRRO DO TABOAO),como eu vou do terminal metropolitano santa andre-leste para o bairro do taboa?
SANTO ANDRE (TERMINAL METROPOLITANO SANTO ANDRE-LESTE),SAO BERNARDO DO CAMPO (BAIRRO DO TABOAO),como eu vou do terminal metropolitano santa andre-leste para o bairro do taboa?
FRANCISCO MORATO (TERMINAL RAUL SHIGUEMITSU SUNAO),FRANCO DA ROCHA (CENTRO),to no terminal raul shigemitsu e quero saber como chegar no franco da rocha.
FRANCISCO MORATO (TERMINAL RAUL SHIGUEMITSU SUNAO),FRANCO DA ROCHA (CENTRO),como eu faco para ir do francisco morato ate o franco da rocha?
FRANCISCO MORATO (TERMINAL RAUL SHIGUEMITSU SUNAO),FRANCO DA ROCHA (CENTRO),como eu vou do francisco morato ate o franco da rocha?
FRANCO DA ROCHA (PARQUE VITORIA),SAO PAULO (LAPA),to no parque vitoria e quero saber como ir de franco da rocha pra sao paulo (lapa).
FRANCO DA ROCHA (PARQUE VITORIA),SAO PAULO (LAPA),to no parque vitoria e queria saber como ir do franco da rocha para sao paulo (lapa).
FRANCO DA ROCHA (PARQUE VITORIA),SAO PAULO (LAPA),to no parque vitoria e quero saber como ir de franco da rocha pra sao paulo (lapa).
BARUERI (ALPHAVILLE),SAO PAULO (PIRITUBA),"to em barueri (alphaville) e queria saber como ir para sao paulo, piritura."
BARUERI (ALPHAVILLE),SAO PAULO (PIRITUBA),como eu chego do barueri (alphaville) em sao paulo?
BARUERI (ALPHAVILLE),SAO PAULO (PIRITUBA),como eu vou do barueri (alphaville) para o parque irbitua?
BARUERI (ALPHAVILLE),OSASCO (JARDIM HELENA MARIA),como eu faco para ir do barueri (alphaville) ate o jardim helena maria?
BARUERI (ALPHAVILLE),OSASCO (JARDIM HELENA MARIA),to em barueri (alphaville) e quero saber como ir para o jardim helena maria.
BARUERI (ALPHAVILLE),OSASCO (JARDIM HELENA MARIA),como eu vou do barueri (alphaville) para o jardim helena maria?
CAIEIRAS (JARDIM NOVA ERA),SAO PAULO (TERMINAL RODOVIARIO BARRA FUNDA),to em caieiras (jardim nova era) e quero saber como ir para o terminal rodoviario barra funda.
CAIEIRAS (JARDIM NOVA ERA),SAO PAULO (TERMINAL RODOVIARIO BARRA FUNDA),to em caieiras (jardim nova era) e quero saber como ir para o terminal rodoviario barra funda.
CAIEIRAS (JARDIM NOVA ERA),SAO PAULO (TERMINAL RODOVIARIO BARRA FUNDA),como eu faco pra ir do caieiras (jardim nova era) para o terminal rodoviario barra funda?
GUARULHOS (COCAIA),SAO PAULO (METRO PENHA),to em guarulhos e quero saber como ir do meu lugar pra sao paulo.
GUARULHOS (COCAIA),SAO PAULO (METRO PENHA),como eu faco pra ir de guarulhos para sao paulo?
GUARULHOS (COCAIA),SAO PAULO (METRO PENHA),como eu faco para ir do guarulhos (cocaia) para o sao paulo (metro penha)?
SAO BERNARDO DO CAMPO (JARDIM BORBOREMA),SAO PAULO (SAUDE),como eu faco pra ir do jardim borbomera pra sao paulo?
SAO BERNARDO DO CAMPO (JARDIM BORBOREMA),SAO PAULO (SAUDE),como eu faco pra ir do jardim borbomera em sao bernardo do campo pra sao paulo?
SAO BERNARDO DO CAMPO (JARDIM BORBOREMA),SAO PAULO (SAUDE),como eu vou de sao bernardo do campo (jardim borborema) para saude?
CARAPICUIBA (ALDEIA),SANTANA DE PARNAIBA (RESIDENCIAL TAMBORE III),como eu chego da carapicuiba em santana de paranaiba?
CARAPICUIBA (ALDEIA),SANTANA DE PARNAIBA (RESIDENCIAL TAMBORE III),como eu vou do carapicuiba para santana de paranaiba?
CARAPICUIBA (ALDEIA),SANTANA DE PARNAIBA (RESIDENCIAL TAMBORE III),como eu vou de carapicuiba para santana de paraniba?
CARAPICUIBA (ALDEIA),SANTANA DE PARNAIBA (ALPHAVILLE 10),como eu vou de carapicuiba pra santana de paranaiba?
CARAPICUIBA (ALDEIA),SANTANA DE PARNAIBA (ALPHAVILLE 10),como eu chego do carapicuiba em santana de parnaiba?
CARAPICUIBA (ALDEIA),SANTANA DE PARNAIBA (ALPHAVILLE 10),to em carapicuiba e quero saber como ir para santana de paranaiba.
CARAPICUIBA (JARDIM NOVO HORIZONTE),BARUERI (ALPHAVILLE 2),como eu vou do carapicuiba ao bareri?
CARAPICUIBA (JARDIM NOVO HORIZONTE),BARUERI (ALPHAVILLE 2),to em carapicuiba e quero saber como chegar no novo horizonte bareri.
CARAPICUIBA (JARDIM NOVO HORIZONTE),BARUERI (ALPHAVILLE 2),to em carapicuiba e quero saber como ir para o barueri.
ITAPECERICA DA SERRA (JARDIM BRANCA FLOR),SAO PAULO (METRO CAPAO REDONDO),to aqui em itapecerica da serra (jardim branca flor) e quero saber como chegar no metro capao redondo.
ITAPECERICA DA SERRA (JARDIM BRANCA FLOR),SAO PAULO (METRO CAPAO REDONDO),como eu chego do itapecerica da serra (jardim branca flor) ate o metro capaco rondao?
ITAPECERICA DA SERRA (JARDIM BRANCA FLOR),SAO PAULO (METRO CAPAO REDONDO),como eu chego do jardim branca flor em itapecerica da serra ate o metro capao redondo?
SANTO ANDRE (TERMINAL METROPOLITANO SANTO ANDRE-LESTE),SAO PAULO (JARDIM SAO ROBERTO),como eu vou do terminal metropolitano santa andre-leste para o jardim sao roberto?
SANTO ANDRE (TERMINAL METROPOLITANO SANTO ANDRE-LESTE),SAO PAULO (JARDIM SAO ROBERTO),como eu faco para ir do terminal metropolitano santo andre-leste para o jardim sao roberto?
SANTO ANDRE (TERMINAL METROPOLITANO SANTO ANDRE-LESTE),SAO PAULO (JARDIM SAO ROBERTO),como eu faco para ir do terminal metropolitano santo andre-leste para o jardim sao roberto?
JANDIRA (CONDOMINIO RESERVA DE SANTA MARIA),BARUERI (TERMINAL RODOFERROVIARIO GUALBERTO TOLAINE),como eu vou de jandira para o barreu do sul?
JANDIRA (CONDOMINIO RESERVA DE SANTA MARIA),BARUERI (TERMINAL RODOFERROVIARIO GUALBERTO TOLAINE),como eu faco para ir do jandira (condominio reserva de santa maria) ao barueri?
JANDIRA (CONDOMINIO RESERVA DE SANTA MARIA),BARUERI (TERMINAL RODOFERROVIARIO GUALBERTO TOLAINE),como eu vou de jandira para o barueri?
BARUERI (ALPHAVILLE),CARAPICUIBA (ALDEIA),como eu chego do barueri (alphaville) em carapicuva?
BARUERI (ALPHAVILLE),CARAPICUIBA (ALDEIA),como eu vou do barueri (alphaville) para carapicuva?
BARUERI (ALPHAVILLE),CARAPICUIBA (ALDEIA),como eu vou do barueri (alphaville) para a carapuiba?
BARUERI CENTRO),OSASCO (KM 19.5 - RAPOSO TAVARES),"como eu chego do barueri centro ate os 19,5 km do raposo tavares?"
BARUERI CENTRO),OSASCO (KM 19.5 - RAPOSO TAVARES),"como eu vou do barueri centro pra osasco, km 19.5 - raposo tavares?"
BARUERI CENTRO),OSASCO (KM 19.5 - RAPOSO TAVARES),"como eu vou do barueri centro pra osasco, km 19.5 - raposo tavares?"
EMBU DAS ARTES (TERMINAL CASA BRANCA),SAO PAULO (ITAIM BIBI),to no terminal casa branca e quero saber como ir de sao paulo para o saio paulo.
EMBU DAS ARTES (TERMINAL CASA BRANCA),SAO PAULO (ITAIM BIBI),to no terminal casa branca e quero saber como ir pra sao paulo.
EMBU DAS ARTES (TERMINAL CASA BRANCA),SAO PAULO (ITAIM BIBI),como eu faco pra ir do terminal casa branca em embuas artes ate o saio biabi?
FERRAZ DE VASCONCELOS (VILA SAO PAULO),SAO PAULO ( ESTACAO CPTM GUAIANAZES),como eu faco pra ir da ferraz de vasconcelos ate o estacao cptm guaianazes?
FERRAZ DE VASCONCELOS (VILA SAO PAULO),SAO PAULO ( ESTACAO CPTM GUAIANAZES),como eu faco para ir da ferraz de vasconcelos (vila sao paulo) para o estacao cptm guaianazes?
FERRAZ DE VASCONCELOS (VILA SAO PAULO),SAO PAULO ( ESTACAO CPTM GUAIANAZES),como eu saio da ferraz de vasconcelos e chego na estacao cptm guaianganazes?
ARUJA (TERMINAL RODOVIARIO DE ARUJA),GUARULHOS (NOVA BONSUCESSO),como eu vou do terminal rodoviario de arju para a nova bonsucesso?
ARUJA (TERMINAL RODOVIARIO DE ARUJA),GUARULHOS (NOVA BONSUCESSO),como eu faco para ir do terminal rodoviario de arju para a nova bonsucesso?
ARUJA (TERMINAL RODOVIARIO DE ARUJA),GUARULHOS (NOVA BONSUCESSO),como eu chego do terminal rodoviario de arju para a nova bonsuce?
SANTANA DE PARNAIBA (CIDADE SAO PEDRO),OSASCO (CENTRO),como eu vou de santana de parnaiba para osso?
SANTANA DE PARNAIBA (CIDADE SAO PEDRO),OSASCO (CENTRO),to em santana de paraiba e quero saber como chegar em osasco.
SANTANA DE PARNAIBA (CIDADE SAO PEDRO),OSASCO (CENTRO),como eu chego de santana de parnaiba para osasco?
SANTANA DE PARNAIBA (VARZEA DE SOUZA),OSASCO (CENTRO),to em santana de parnaiba e quero saber como ir para osso.
SANTANA DE PARNAIBA (VARZEA DE SOUZA),OSASCO (CENTRO),como eu vou de santana de parnaiba para osasco?
SANTANA DE PARNAIBA (VARZEA DE SOUZA),OSASCO (CENTRO),to em santana de parnaiba e quero saber como ir para osso.
ITAPEVI (JARDIM VITAPOLIS),SANTANA DE PARNAIBA (RESIDENCIAL TAMBORE III),como eu vou do itapevi (jardim vitapolis) para a santana de paranaiba?
ITAPEVI (JARDIM VITAPOLIS),SANTANA DE PARNAIBA (RESIDENCIAL TAMBORE III),como eu vou do itapevi (jardim vitapolis) para a santana de paranaiba?
ITAPEVI (JARDIM VITAPOLIS),SANTANA DE PARNAIBA (RESIDENCIAL TAMBORE III),como eu chego do itapevi para a santana de paraniba?
OSASCO (CONJUNTO DOS METALURGICOS),BARUERI (ALPHAVILLE/GREEN VALLEY),como eu chego do osasco (conjunto dos metalurgicos) ao barueri?
OSASCO (CONJUNTO DOS METALURGICOS),BARUERI (ALPHAVILLE/GREEN VALLEY),como eu faco para ir do osasco para o baruerei?
OSASCO (CONJUNTO DOS METALURGICOS),BARUERI (ALPHAVILLE/GREEN VALLEY),como eu faco para ir do osasco para o barueri?
OSASCO (TERMINAL SANTA MARIA),BARUERI (ALPHAVILLE/GREEN VALLEY),como eu faco pra ir do terminal santa maria ate o barueri?
OSASCO (TERMINAL SANTA MARIA),BARUERI (ALPHAVILLE/GREEN VALLEY),como eu vou do terminal santa maria para o barueri?
OSASCO (TERMINAL SANTA MARIA),BARUERI (ALPHAVILLE/GREEN VALLEY),como eu faco pra ir do terminal santa maria pra barueri?
OSASCO (SANTA MARIA),BARUERI (ALPHAVILLE / GREEN VALLEY),como eu vou do osasco (santa maria) para o barueri?
OSASCO (SANTA MARIA),BARUERI (ALPHAVILLE / GREEN VALLEY),como eu vou do osasco para o barueri?
OSASCO (SANTA MARIA),BARUERI (ALPHAVILLE / GREEN VALLEY),como eu vou do osasco (santa maria) para o barueri?
SANTANA DE PARNAIBA (CENTRO),SAO PAULO (LAPA),to aqui em santana de parnaiba (centro) e preciso saber como ir para sao paulo (lapa).
SANTANA DE PARNAIBA (CENTRO),SAO PAULO (LAPA),to em santana de parnaiba (centro) e quero saber como ir pra sao paulo (lapa).
SANTANA DE PARNAIBA (CENTRO),SAO PAULO (LAPA),to aqui em santana de paranaiba (centro) e preciso ir pra sao paulo (lapa).
SANTANA DE PARNAIBA (TERMINAL RODOVIARIO ALPHAVILLE),COTIA (TERMINAL METROPOLITANO COTIA),como eu saio do terminal rodoviario alphaville para cotia?
SANTANA DE PARNAIBA (TERMINAL RODOVIARIO ALPHAVILLE),COTIA (TERMINAL METROPOLITANO COTIA),como eu faco para ir do terminal rodoaviario alphaville para cotia?
SANTANA DE PARNAIBA (TERMINAL RODOVIARIO ALPHAVILLE),COTIA (TERMINAL METROPOLITANO COTIA),como eu faco pra chegar do santana de paranaiba no terminal metropolitano cotia?
BARUERI (SHOPPING TAMBORE),COTIA (TERMINAL METROPOLITANO DE COTIA),como eu chego do barueri ate o cotia?
BARUERI (SHOPPING TAMBORE),COTIA (TERMINAL METROPOLITANO DE COTIA),como eu chego do barueri (shopping tambore) ate o cotia?
BARUERI (SHOPPING TAMBORE),COTIA (TERMINAL METROPOLITANO DE COTIA),como eu vou do barueri (shopping tambore) para o cotia?
FRANCO DA ROCHA (JARDIM LAGO AZUL),CAIEIRAS (JARDIM NOVA ERA),to em franco da rocha e quero ir para caieiras (jardim nova era).
FRANCO DA ROCHA (JARDIM LAGO AZUL),CAIEIRAS (JARDIM NOVA ERA),to na franco da rocha (jardim lago azul) e quero ir para os jardins nova era.
FRANCO DA ROCHA (JARDIM LAGO AZUL),CAIEIRAS (JARDIM NOVA ERA),to perto do jardim lago azul e quero saber como ir para caiaires (jardim nova era).
SANTO ANDRE (TERMINAL METROPOLITANO SANTO ANDRE LESTE),SAO PAULO (AEROPORTO DE CONGONHAS),como eu faco pra ir do terminal metropolitano santa andre leste para o aeroporto de congonhas?
SANTO ANDRE (TERMINAL METROPOLITANO SANTO ANDRE LESTE),SAO PAULO (AEROPORTO DE CONGONHAS),como eu vou do terminal metropolitano santa andre ao aeroporto de congonhas?
SANTO ANDRE (TERMINAL METROPOLITANO SANTO ANDRE LESTE),SAO PAULO (AEROPORTO DE CONGONHAS),como eu vou do terminal metropolitano santa andre ao aeroporto de congonhas?
GUARULHOS (AEROPORTO INTERNACIONAL DE SAO PAULO),SAO PAULO (TERMINAL RODOVIARIO BARRA FUNDA),como eu vou do aeroporto internacional de guarulhos ate o terminal rodoviario barra funda?
GUARULHOS (AEROPORTO INTERNACIONAL DE SAO PAULO),SAO PAULO (TERMINAL RODOVIARIO BARRA FUNDA),como eu faco pra ir do aeroporto internacional de guarulhos ate o terminal rodoviario barra funda?
GUARULHOS (AEROPORTO INTERNACIONAL DE SAO PAULO),SAO PAULO (TERMINAL RODOVIARIO BARRA FUNDA),como eu faco pra ir do aeroporto internacional de guarulhos ate o terminal rodoviario barra funda?
ITAQUAQUECETUBA (PARQUE PIRATININGA II),SAO PAULO (METRO ARMENIA),como eu saio de itaquaquecetuba e vou para sao paulo?
ITAQUAQUECETUBA (PARQUE PIRATININGA II),SAO PAULO (METRO ARMENIA),como eu chego do itaquaquecetuba no sao paulo?
ITAQUAQUECETUBA (PARQUE PIRATININGA II),SAO PAULO (METRO ARMENIA),como eu chego do itaquaquecetuba no sao paulo?
GUARULHOS (CONJUNTO PAES DE BARROS),SAO PAULO (METRO ARMENIA),como eu vou de guarulhos para sao paulo?
GUARULHOS (CONJUNTO PAES DE BARROS),SAO PAULO (METRO ARMENIA),como eu vou de guarulhos para sao paulo?
GUARULHOS (CONJUNTO PAES DE BARROS),SAO PAULO (METRO ARMENIA),como eu vou de guarulhos para sao paulo?
GUARULHOS (JARDIM DAS NACOES),SAO PAULO (METRO ARMENIA),to em guarulhos e preciso saber como ir para sao paulo.
GUARULHOS (JARDIM DAS NACOES),SAO PAULO (METRO ARMENIA),como eu vou de guarulhos para sao paulo?
GUARULHOS (JARDIM DAS NACOES),SAO PAULO (METRO ARMENIA),to em guarulhos e queria saber como ir do jardim das nacoes pra sao paulo.
CARAPICUIBA (PARQUE SANTA TEREZA),OSASCO (CENTRO),como eu chego do carapicuiba no parque santa teresa?
CARAPICUIBA (PARQUE SANTA TEREZA),OSASCO (CENTRO),to no carapicuiba e quero saber como ir para o centro de osasco.
CARAPICUIBA (PARQUE SANTA TEREZA),OSASCO (CENTRO),como eu vou do carapicuiba ao centro de osasco?
ARUJA (PARQUE RODRIGO BARRETO),POA (ESTACAO CPTM POA),como eu vou do aruja pra estacao cptm poa?
ARUJA (PARQUE RODRIGO BARRETO),POA (ESTACAO CPTM POA),to em aruja e quero saber como ir do estacao cptm poa.
ARUJA (PARQUE RODRIGO BARRETO),POA (ESTACAO CPTM POA),to em arju e quero saber como ir pra estacao tcc.
POA (TERMINAL RODOVIARIO JARDIM SAO JOSE),MOGI DAS CRUZES (ESTACAO CPTM ESTUDANTES),como eu chego do terminal rodoviario jardim sao jose ate mogi das cruzes (estacao cptm estudantes)?
POA (TERMINAL RODOVIARIO JARDIM SAO JOSE),MOGI DAS CRUZES (ESTACAO CPTM ESTUDANTES),como eu vou do jardim sao jose pra mogi das cruzes (estacao cptm estudantes)?
POA (TERMINAL RODOVIARIO JARDIM SAO JOSE),MOGI DAS CRUZES (ESTACAO CPTM ESTUDANTES),como eu vou do jardim sao jose para mogi das cruzes (estacao cptm estudantes)?
EMBU DAS ARTES (JARDIM BATISTA),SAO PAULO (METRO CAPAO REDONDO),como eu faco pra ir do embu das artes ate o metro capao redondo?
EMBU DAS ARTES (JARDIM BATISTA),SAO PAULO (METRO CAPAO REDONDO),como eu vou do embu das artes para o metro capao redondo?
EMBU DAS ARTES (JARDIM BATISTA),SAO PAULO (METRO CAPAO REDONDO),to em embu das artes e quero saber como chegar no metro capa redondo.
MAUA (TERMINAL METROPOLITANO SONIA MARIA),SANTO ANDRE (SHOPPING ABC),como eu vou do terminal metro maria clara pra shopping abc?
MAUA (TERMINAL METROPOLITANO SONIA MARIA),SANTO ANDRE (SHOPPING ABC),como eu vou do terminal metro maria clara para o shopping abc?
MAUA (TERMINAL METROPOLITANO SONIA MARIA),SANTO ANDRE (SHOPPING ABC),como eu vou do terminal metro maria clara para o shopping abc?
CARAPICUIBA (VILA MENCK),SAO PAULO (METRO BUTANTA),to em carapicuiba (vila menck) e quero saber como ir para sao paulo.
CARAPICUIBA (VILA MENCK),SAO PAULO (METRO BUTANTA),to em carapicuiba (vila menck) e quero saber como ir de la para sao paulo no metro.
CARAPICUIBA (VILA MENCK),SAO PAULO (METRO BUTANTA),como eu chego de carapicuiba (vila menck) para sao paulo pelo metro?
ITAPEVI (CIDADE DA SAUDE),EMBU DAS ARTES (CENTRO),como eu chego de itapevi (cidade da saude) para embu das artes (centro)?
ITAPEVI (CIDADE DA SAUDE),EMBU DAS ARTES (CENTRO),como eu chego do itapevi (cidade da saude) a embuas artes?
ITAPEVI (CIDADE DA SAUDE),EMBU DAS ARTES (CENTRO),como eu chego de itapevi (cidade da saude) a embu das artes?
TABOAO DA SERRA (JARDIM MONTE ALEGRE),OSASCO (CENTRO),to em taboao da serra e quero saber como chegar no centro.
TABOAO DA SERRA (JARDIM MONTE ALEGRE),OSASCO (CENTRO),to em taboao da serra e quero saber como ir do jardim monte alegre para osasco.
TABOAO DA SERRA (JARDIM MONTE ALEGRE),OSASCO (CENTRO),to na taboao da serra e quero saber como ir do jardim monte alegre ate a cidade de osasco.
CARAPICUIBA (PARQUE JANDAIA),SAO PAULO (METRO VILA SONIA),to em carapicuiba e quero saber como ir para sao paulo.
CARAPICUIBA (PARQUE JANDAIA),SAO PAULO (METRO VILA SONIA),como eu faco pra ir do carapicuiba ate o sao paulo no metro vila sonia?
CARAPICUIBA (PARQUE JANDAIA),SAO PAULO (METRO VILA SONIA),to no carapicuiba e quero saber como pegar no metro vila sonia.
SANTO ANDRE (PRINCIPE DE GALES),SAO PAULO (TERMINAL SACOMA),to em santo andre e quero saber como ir do terminal safora.
SANTO ANDRE (PRINCIPE DE GALES),SAO PAULO (TERMINAL SACOMA),to em santo andre e quero saber como ir do terminal saoma?
SANTO ANDRE (PRINCIPE DE GALES),SAO PAULO (TERMINAL SACOMA),como eu faco para ir do santo andre (principe de gales) para o terminal saoma?
SANTO ANDRE (PRINCIPE DE GALES),SAO PAULO (TERMINAL SACOMA),to em santo andre e quero saber como ir do terminal sacramento para sao paulo.
SANTO ANDRE (PRINCIPE DE GALES),SAO PAULO (TERMINAL SACOMA),to em santo andre e quero saber como ir do terminal sacramento para sao paulo.
SANTO ANDRE (PRINCIPE DE GALES),SAO PAULO (TERMINAL SACOMA),to em santo andre e quero saber como chegar no terminal sacramento.
SAO CAETANO DO SUL (TERMINAL RODOVIARIO NICOLAU DELIC),SAO PAULO (TERMINAL SACOMA),to no terminal rodoviario nicolau delc e quero saber como ir para o terminal saoma.
SAO CAETANO DO SUL (TERMINAL RODOVIARIO NICOLAU DELIC),SAO PAULO (TERMINAL SACOMA),como eu faco para ir do terminal rodoviario nicolau delinio em sao caetano do sul ate o terminal saoma?
SAO CAETANO DO SUL (TERMINAL RODOVIARIO NICOLAU DELIC),SAO PAULO (TERMINAL SACOMA),como eu chego do terminal rodoviario nicolau delnico em sao paulo?
SAO PAULO (JARDIM JOAO XXIII),BARUERI (ALPHAVILLE/GREEN VALLEY),como eu faco para ir do jardim joao xxiii para o barueri?
SAO PAULO (JARDIM JOAO XXIII),BARUERI (ALPHAVILLE/GREEN VALLEY),como eu faco pra ir do jardim joao xxiii para o barueri?
SAO PAULO (JARDIM JOAO XXIII),BARUERI (ALPHAVILLE/GREEN VALLEY),to no jardim joao xxiii e quero saber como ir para o barueri.
SAO PAULO (RODOVIA RAPOSO TAVARES - KM 17.8),BARUERI (ALPHAVILLE/GREEN VALLEY),como eu faco pra ir do saopaulo (rodovia ronaldo tavares - km 17.8) para o bareri?
SAO PAULO (RODOVIA RAPOSO TAVARES - KM 17.8),BARUERI (ALPHAVILLE/GREEN VALLEY),como eu faco pra ir do rodovia raposo tavares ate o barueri?
SAO PAULO (RODOVIA RAPOSO TAVARES - KM 17.8),BARUERI (ALPHAVILLE/GREEN VALLEY),como eu vou do sao paulo (rodovia raposo tavares - km 17.8) para o barueri?
CARAPICUIBA (VILA DIRCE),SANTANA DE PARNAIBA (COLINAS DA ANHANGUERA),como eu faco pra ir da carapicuiba (vila dirce) para santana de paranaiba?
CARAPICUIBA (VILA DIRCE),SANTANA DE PARNAIBA (COLINAS DA ANHANGUERA),como eu chego de carapicuiba (vila dirce) para santana de parainaba?
CARAPICUIBA (VILA DIRCE),SANTANA DE PARNAIBA (COLINAS DA ANHANGUERA),como eu chego de carapicuiba (vila dirce) para santana de paranaiba?
CARAPICUIBA (JARDIM NOVO HORIZONTE),SANTANA DE PARNAIBA (TERMINAL RODOVIARIO ALPHAVILLE),como eu chego do carapicuiba no santana de paraniba?
CARAPICUIBA (JARDIM NOVO HORIZONTE),SANTANA DE PARNAIBA (TERMINAL RODOVIARIO ALPHAVILLE),como eu vou do carapicuiba ate o santana de parnaiba?
CARAPICUIBA (JARDIM NOVO HORIZONTE),SANTANA DE PARNAIBA (TERMINAL RODOVIARIO ALPHAVILLE),como eu faco pra ir do carapicuiba ate o santana de parnaiba?
GUARULHOS (TERMINAL METROPOLITANO CECAP),SAO PAULO (ESTACAO CPTM DOM BOSCO),to no terminal metropolitano cecap e quero saber como ir para estacao cptm dom bosco.
GUARULHOS (TERMINAL METROPOLITANO CECAP),SAO PAULO (ESTACAO CPTM DOM BOSCO),como eu faco para ir do terminal metropolitano cecap em guarulhos ate o estacao cptm dom bosco em sao paulo?
GUARULHOS (TERMINAL METROPOLITANO CECAP),SAO PAULO (ESTACAO CPTM DOM BOSCO),como eu faco pra ir do terminal metropolitano cecap para estacao cptm dom bosco?
GUARULHOS (TERMINAL METROPOLITANO VILA GALVAO),SAO PAULO (TERMINAL RODOVIARIO TIETE),como eu chego do metro vila galvao ate o terminal rodoviario tiete?
GUARULHOS (TERMINAL METROPOLITANO VILA GALVAO),SAO PAULO (TERMINAL RODOVIARIO TIETE),como eu faco pra ir do metro vila galvao ate o terminal rodoviario tiete?
GUARULHOS (TERMINAL METROPOLITANO VILA GALVAO),SAO PAULO (TERMINAL RODOVIARIO TIETE),como eu vou do metro vila galvao para o terminal rodoviario tiete?
GUARULHOS (TERMINAL METROPOLITANO VILA GALVAO),SAO PAULO (TERMINAL RODOVIARIO TIETE),como eu faco pra ir do metro vila galvao pro terminal rodoviario tiete?
GUARULHOS (TERMINAL METROPOLITANO VILA GALVAO),SAO PAULO (TERMINAL RODOVIARIO TIETE),como eu faco pra ir do metro vila galvao pro terminal rodoviario tiete?
GUARULHOS (TERMINAL METROPOLITANO VILA GALVAO),SAO PAULO (TERMINAL RODOVIARIO TIETE),como eu vou do metro vila galvao para o terminal rodoviario tiete?
ITAQUAQUECETUBA (PARQUE PIRATININGA),SAO PAULO (METRO ARMENIA),como eu vou do itaquaquecetuba para o sao paulo?
ITAQUAQUECETUBA (PARQUE PIRATININGA),SAO PAULO (METRO ARMENIA),to aqui perto do parque piratininga e quero saber como ir de itaquaquecetuba para sao paulo.
ITAQUAQUECETUBA (PARQUE PIRATININGA),SAO PAULO (METRO ARMENIA),to perto do parque piratininga e queria saber como chegar em sao paulo.
COTIA (CAUCAIA DO ALTO),COTIA (PORTAO),como eu vou do cotia para o portao?
COTIA (CAUCAIA DO ALTO),COTIA (PORTAO),como eu vou de cotia para portao?
COTIA (CAUCAIA DO ALTO),COTIA (PORTAO),como eu vou do cotia para portao?
COTIA (JARDIM SANDRA),SAO PAULO (CARREFOUR),como eu vou do jardim sandra em cotia para o carrefour em sao paulo?
COTIA (JARDIM SANDRA),SAO PAULO (CARREFOUR),to em cotia (jardim sandra) e queria saber como ir para o sao paulo (carrefour).
COTIA (JARDIM SANDRA),SAO PAULO (CARREFOUR),como eu chego do jardim sandra em cotia (jardim sandra) ate o carrefour?
VARGEM GRANDE PAULISTA (JARDIM SAO MARCOS),COTIA (PORTAO),to na vargem grande paulista (jardim sa marcos) e queria saber como chegar em cotia.
VARGEM GRANDE PAULISTA (JARDIM SAO MARCOS),COTIA (PORTAO),como eu faco pra ir do vargem grande paulista (jardim sao marcos) pra cotia?
VARGEM GRANDE PAULISTA (JARDIM SAO MARCOS),COTIA (PORTAO),como eu vou do vargem grande paulista (jardim sao marcos) para o cotia (portao)?
COTIA (JARDIM JAPAO),COTIA (PORTAO),como eu faco pra ir do jardim japao para o portao?
COTIA (JARDIM JAPAO),COTIA (PORTAO),como eu vou do jardim japao para o portao?
COTIA (JARDIM JAPAO),COTIA (PORTAO),como eu vou do jardim japao para o portao?
VARGEM GRANDE PAULISTA (PARQUE DO AGRESTE),COTIA (TERMINAL METROPOLITANO COTIA),to perto do parque do agreste e quero saber como chegar no terminal metropolitano cotia.
VARGEM GRANDE PAULISTA (PARQUE DO AGRESTE),COTIA (TERMINAL METROPOLITANO COTIA),como eu vou do vargem grande paulista para o terminal metropolianico cotia?
VARGEM GRANDE PAULISTA (PARQUE DO AGRESTE),COTIA (TERMINAL METROPOLITANO COTIA),como eu vou do vargem grande paulista para o terminal metropolitano cotia?
EMBU DAS ARTES (JARDIM VAZAME),SAO PAULO (METRO VILA SONIA),to em embu das artes e quero saber como ir do jardim vazame ate o metro vila sonia.
EMBU DAS ARTES (JARDIM VAZAME),SAO PAULO (METRO VILA SONIA),"to em embu das artes e quero saber como ir do jardim vazem pra sao paulo, na vila sonia."
EMBU DAS ARTES (JARDIM VAZAME),SAO PAULO (METRO VILA SONIA),to em embuas artes e quero saber como ir do jardim vazeme ate o metro vila sonia.
IGARATA (TERMINAL RODOVIARIO DE IGARATA),JACAREI (TERMINAL RODOVIARIO DE JACAREI),como eu vou do igarata para o jacarei?
IGARATA (TERMINAL RODOVIARIO DE IGARATA),JACAREI (TERMINAL RODOVIARIO DE JACAREI),como eu vou do igarata para o jacarei?
IGARATA (TERMINAL RODOVIARIO DE IGARATA),JACAREI (TERMINAL RODOVIARIO DE JACAREI),como eu vou do igarata para o jacarei?
PARAIBUNA (TERMINAL RODOVIARIO DE PARAIBUNA),SAO JOSE DOS CAMPOS (TERMINAL RODOVIARIO FREDERICO OZANAM),como eu vou do terminal rodoviario de paraibuna para o terminal rodoviario de sao jose dos campos?
PARAIBUNA (TERMINAL RODOVIARIO DE PARAIBUNA),SAO JOSE DOS CAMPOS (TERMINAL RODOVIARIO FREDERICO OZANAM),como eu vou do terminal rodoviario de paraibuna ate o terminal rodoviario de sao jose dos campos?
PARAIBUNA (TERMINAL RODOVIARIO DE PARAIBUNA),SAO JOSE DOS CAMPOS (TERMINAL RODOVIARIO FREDERICO OZANAM),como eu vou do terminal rodoviario de paraibuna para o terminal rodoviario de sao jose dos campos?
JAMBEIRO (TERMINAL RODOVIARIO DE JAMBEIRO),SAO JOSE DOS CAMPOS (TERMINAL RODOVIARIO FREDERICO OZANAM),como eu chego do jambeiro em sao jose dos campos?
JAMBEIRO (TERMINAL RODOVIARIO DE JAMBEIRO),SAO JOSE DOS CAMPOS (TERMINAL RODOVIARIO FREDERICO OZANAM),como eu faco pra ir do jambeiro para o sao jose dos campos?
JAMBEIRO (TERMINAL RODOVIARIO DE JAMBEIRO),SAO JOSE DOS CAMPOS (TERMINAL RODOVIARIO FREDERICO OZANAM),como eu faco pra chegar no terminal rodoviario de sao jose dos campos?
MONTEIRO LOBATO (TERMINAL RODOVIARIO DE MONTEIRO LOBATO),SAO JOSE DOS CAMPOS (TERMINAL RODOVIARIO FREDERICO OZANAM),como eu chego do terminal rodoviario de monteiro lobato para o terminal rodoviario frederico?
MONTEIRO LOBATO (TERMINAL RODOVIARIO DE MONTEIRO LOBATO),SAO JOSE DOS CAMPOS (TERMINAL RODOVIARIO FREDERICO OZANAM),como eu faco pra ir do terminal rodoviario de monteiro lobo para o terminal rodoviario de sao jose dos campos?
MONTEIRO LOBATO (TERMINAL RODOVIARIO DE MONTEIRO LOBATO),SAO JOSE DOS CAMPOS (TERMINAL RODOVIARIO FREDERICO OZANAM),como eu chego do terminal rodoviario de monteiro lobato para o terminal rodoviario de sao jose dos campos?
SAO JOSE DOS CAMPOS (SAO FRANCISCO XAVIER),SAO JOSE DOS CAMPOS (TERMINAL RODOVIARIO FREDERICO OZANAM),como eu faco para ir do sao jose dos campos (sao francisco xavier) para o sao jose dos campos (terminal rodoviario frederico ozanam)?
SAO JOSE DOS CAMPOS (SAO FRANCISCO XAVIER),SAO JOSE DOS CAMPOS (TERMINAL RODOVIARIO FREDERICO OZANAM),como eu vou do sao jose dos campos ate o sao jose dos campos terminal rodoviario frederico ozan?
SAO JOSE DOS CAMPOS (SAO FRANCISCO XAVIER),SAO JOSE DOS CAMPOS (TERMINAL RODOVIARIO FREDERICO OZANAM),como eu faco pra ir do sao jose dos campos (terminal rodoviario frederico ozanam) pro sao jose dos campos?
EMBU DAS ARTES (JARDIM SANTO ANTONIO),SAO PAULO (METRO VILA SONIA),to em embu das artes e quero saber como ir do jardim santo antonio ate a sao paulo.
EMBU DAS ARTES (JARDIM SANTO ANTONIO),SAO PAULO (METRO VILA SONIA),to em embuas artes e quero saber como ir do jardim santo antonio ate o metro vila sonia.
EMBU DAS ARTES (JARDIM SANTO ANTONIO),SAO PAULO (METRO VILA SONIA),como eu faco pra ir do embu das artes (jardim santo antonio) para o metro vila sonia?
CACAPAVA (TERMINAL RODOVIARIO DE CACAPAVA),SAO JOSE DOS CAMPOS (TERMINAL RODOVIARIO FREDERICO OZANAM),como eu saio do terminal rodoviario de cacapava para o terminal rodoviario frederico em sao jose dos campos?
CACAPAVA (TERMINAL RODOVIARIO DE CACAPAVA),SAO JOSE DOS CAMPOS (TERMINAL RODOVIARIO FREDERICO OZANAM),como eu chego do terminal rodoviario de cacapava ate o terminal rodoviario freddy ozanam?
CACAPAVA (TERMINAL RODOVIARIO DE CACAPAVA),SAO JOSE DOS CAMPOS (TERMINAL RODOVIARIO FREDERICO OZANAM),como eu vou do terminal rodoviario de cacapava pra sao jose dos campos?
CACAPAVA (TERMINAL RODOVIARIO DE CACAPAVA),TAUBATE (TERMINAL RODOVIARIO URBANO JOAO FRANCISCO DOS SANTOS),como eu vou do terminal rodoviario de cacapava ate o terminal rodoviario urbano joao francisco dos santos?
CACAPAVA (TERMINAL RODOVIARIO DE CACAPAVA),TAUBATE (TERMINAL RODOVIARIO URBANO JOAO FRANCISCO DOS SANTOS),como eu chego do terminal rodoviario de cacapava ate o terminal rodoviario urbano joao francisco dos santos?
CACAPAVA (TERMINAL RODOVIARIO DE CACAPAVA),TAUBATE (TERMINAL RODOVIARIO URBANO JOAO FRANCISCO DOS SANTOS),como eu faco pra ir do terminal rodoaviario de cacapava ate o terminal rodoaviario joao francisco dos santos?
JAMBEIRO (TERMINAL RODOVIARIO DE JAMBEIRO),CACAPAVA (TERMINAL RODOVIARIO DE CACAPAVA),como eu vou de jambeiro para cacapava?
JAMBEIRO (TERMINAL RODOVIARIO DE JAMBEIRO),CACAPAVA (TERMINAL RODOVIARIO DE CACAPAVA),como eu vou do jambeiro para o cacapava?
JAMBEIRO (TERMINAL RODOVIARIO DE JAMBEIRO),CACAPAVA (TERMINAL RODOVIARIO DE CACAPAVA),como eu faco pra ir do jambeiro ate o cacapava?
SANTA BRANCA (TERMINAL RODOVIARIO DE SANTA BRANCA),JACAREI (TERMINAL RODOVIARIO DE JACAREI),como eu vou do terminal rodoviario de santa branca para o terminal rodoviario de jacarei?
SANTA BRANCA (TERMINAL RODOVIARIO DE SANTA BRANCA),JACAREI (TERMINAL RODOVIARIO DE JACAREI),to no terminal rodoviario de santa branca e quero saber como ir para jacarei.
SANTA BRANCA (TERMINAL RODOVIARIO DE SANTA BRANCA),JACAREI (TERMINAL RODOVIARIO DE JACAREI),como eu chego do terminal rodoviario de santa branca ate o terminal rodoviario de jacarei?
JACAREI (TERMINAL RODOVIARIO DE JACAREI),SAO JOSE DOS CAMPOS (TERMINAL RODOVIARIO FREDERICO OZANAM),como eu posso ir do jacarei ate o sao jose dos campos?
JACAREI (TERMINAL RODOVIARIO DE JACAREI),SAO JOSE DOS CAMPOS (TERMINAL RODOVIARIO FREDERICO OZANAM),como eu saio do jacarei e chego no saogones dos campinhos?
JACAREI (TERMINAL RODOVIARIO DE JACAREI),SAO JOSE DOS CAMPOS (TERMINAL RODOVIARIO FREDERICO OZANAM),como eu chego do jacarei ate o sao jose dos campos?
JACAREI (TERMINAL RODOVIARIO DE JACAREI),SAO JOSE DOS CAMPOS (TERMINAL RODOVIARIO FREDERICO OZANAM),como eu chego do jacarei ate o saao jose dos campos?
JACAREI (TERMINAL RODOVIARIO DE JACAREI),SAO JOSE DOS CAMPOS (TERMINAL RODOVIARIO FREDERICO OZANAM),como eu chego do jacarei ate o sao jose dos campos?
JACAREI (TERMINAL RODOVIARIO DE JACAREI),SAO JOSE DOS CAMPOS (TERMINAL RODOVIARIO FREDERICO OZANAM),como eu vou do jacarei ate o saogon de sao jose dos campos?
SAO JOSE DOS CAMPOS (TERMINAL RODOVIARIO FREDERICO OZANAM),CACAPAVA (TERMINAL RODOVIARIO DE CACAPAVA),como eu faco pra ir do terminal rodoviario fredericeno em cacapava?
SAO JOSE DOS CAMPOS (TERMINAL RODOVIARIO FREDERICO OZANAM),CACAPAVA (TERMINAL RODOVIARIO DE CACAPAVA),"como eu faco pra ir do terminal rodoviario fredericeno, que fica em sao jose dos campos, ate o terminal rodoviario de cacapa?"
SAO JOSE DOS CAMPOS (TERMINAL RODOVIARIO FREDERICO OZANAM),CACAPAVA (TERMINAL RODOVIARIO DE CACAPAVA),como eu faco pra chegar do terminal rodoviario fredericeno ozanam em cacapava?
JACAREI (PARQUE MEIA LUA),SAO JOSE DOS CAMPOS (TERMINAL RODOVIARIO FREDERICO OZANAM),como eu faco pra ir do jacarei ate o terminal rodoviario frederico ozanam?
JACAREI (PARQUE MEIA LUA),SAO JOSE DOS CAMPOS (TERMINAL RODOVIARIO FREDERICO OZANAM),como eu vou do jacarei para o terminal rodoviario frederico ozanam?
JACAREI (PARQUE MEIA LUA),SAO JOSE DOS CAMPOS (TERMINAL RODOVIARIO FREDERICO OZANAM),como eu vou do jacarei para o terminal rodoviario frederico ozanam?
ITAQUAQUECETUBA (PARQUE PIRATININGA),SAO PAULO (METRO ARMENIA),como eu vou do itaquaquecetuba para o sao paulo?
ITAQUAQUECETUBA (PARQUE PIRATININGA),SAO PAULO (METRO ARMENIA),to aqui perto do parque piratininga e quero saber como chegar em sao paulo.
ITAQUAQUECETUBA (PARQUE PIRATININGA),SAO PAULO (METRO ARMENIA),to aqui em itaquaquecetuba e quero ir para sao paulo.
ITAPECERICA DA SERRA (JARDIM DAS OLIVEIRAS),SAO PAULO (METRO CAPAO REDONDO),como eu vou de itapecerica da serra (jardim das oliveiras) para o metro capao redondo?
ITAPECERICA DA SERRA (JARDIM DAS OLIVEIRAS),SAO PAULO (METRO CAPAO REDONDO),como eu vou do itapecerica da serra (jardim das oliveiras) ate o metro capao redondo?
ITAPECERICA DA SERRA (JARDIM DAS OLIVEIRAS),SAO PAULO (METRO CAPAO REDONDO),como eu faco pra ir do itapecerica da serra (jardim das oliveiras) para o metro capao redondo?
ITAPEVI (COHAB),OSASCO (VILA YARA),como eu chego do itapevi (cohab) ate a vila yara?
ITAPEVI (COHAB),OSASCO (VILA YARA),como eu faco pra ir do itapevi (cohab) ate a villa yara?
ITAPEVI (COHAB),OSASCO (VILA YARA),como eu vou do itapevi para a villa yara?
BARUERI (JARDIM DO LIBANO),SANTANA DE PARNAIBA (RESIDENCIAL BURLE MARX),como eu vou do barueri (jardim do libano) para a santana de paranaiba?
BARUERI (JARDIM DO LIBANO),SANTANA DE PARNAIBA (RESIDENCIAL BURLE MARX),como eu vou do barueri (jardim do libano) para a santana de paranaiba?
BARUERI (JARDIM DO LIBANO),SANTANA DE PARNAIBA (RESIDENCIAL BURLE MARX),como eu chego do barueri (jardim do libano) para a santana de paranaiba?
GUARULHOS (JARDIM LEBLON),SAO PAULO (METRO ARMENIA),como eu vou do guarulhos para o sao paulo?
GUARULHOS (JARDIM LEBLON),SAO PAULO (METRO ARMENIA),to em guarulhos (jardim leblon) e quero saber como ir pra sao paulo.
GUARULHOS (JARDIM LEBLON),SAO PAULO (METRO ARMENIA),to em guarulhos e quero saber como pegar no metro armenia.
PINDAMONHANGABA (ARARETAMA),TAUBATE (TAUBATE SHOPPING CENTER),como eu chego do pindamonhangaba (araretama) ate o taubate shopping center?
PINDAMONHANGABA (ARARETAMA),TAUBATE (TAUBATE SHOPPING CENTER),como eu chego do pindamonhangaba (araretama) ate o taubate shopping center?
PINDAMONHANGABA (ARARETAMA),TAUBATE (TAUBATE SHOPPING CENTER),como eu faco pra ir do pindamonhangaba (araretama) ate o taubate shopping center?
TREMEMBE (TERMINAL RODOVIARIO DE TREMEMBE),CACAPAVA (TERMINAL RODOVIARIO DE CACAPAVA),como eu chego do tremembe ate o cacapava?
TREMEMBE (TERMINAL RODOVIARIO DE TREMEMBE),CACAPAVA (TERMINAL RODOVIARIO DE CACAPAVA),como eu vou do tremembe para o cacapava?
TREMEMBE (TERMINAL RODOVIARIO DE TREMEMBE),CACAPAVA (TERMINAL RODOVIARIO DE CACAPAVA),como eu chego do tremembe para o cacapava?
TAUBATE (TERMINAL RODOVIARIO VELHO DE TAUBATE),TREMEMBE (TERMINAL RODOVIARIO DE TREMEMBE),como eu chego do terminal rodoviario velho de taubaiba ate o terminal rodoviario de tremembe?
TAUBATE (TERMINAL RODOVIARIO VELHO DE TAUBATE),TREMEMBE (TERMINAL RODOVIARIO DE TREMEMBE),como eu chego do terminal rodoviario velho de taubate ate o terminal rodoviario de tremembe?
TAUBATE (TERMINAL RODOVIARIO VELHO DE TAUBATE),TREMEMBE (TERMINAL RODOVIARIO DE TREMEMBE),como eu faco pra ir do terminal rodoviario velho de taubate ate o terminal rodoviario de tremembe?
NATIVIDADE DA SERRA (CENTRO),TAUBATE (TERMINAL RODOVIARIO NOVO DE TAUBATE),como eu vou do centro de natividade da serra pra taubate?
NATIVIDADE DA SERRA (CENTRO),TAUBATE (TERMINAL RODOVIARIO NOVO DE TAUBATE),to na natividade da serra e quero saber como ir pro taubate.
NATIVIDADE DA SERRA (CENTRO),TAUBATE (TERMINAL RODOVIARIO NOVO DE TAUBATE),to na natividade da serra e quero saber como ir pra taubate.
REDENCAO DA SERRA (CENTRO),TAUBATE (TERMINAL RODOVIARIO NOVO DE TAUBATE),como eu vou do redencao da serra ate o terminal rodoviario novo de tauba?
REDENCAO DA SERRA (CENTRO),TAUBATE (TERMINAL RODOVIARIO NOVO DE TAUBATE),como eu chego do redencao da serra no novo terminal rodoviario de tauba?
REDENCAO DA SERRA (CENTRO),TAUBATE (TERMINAL RODOVIARIO NOVO DE TAUBATE),como eu vou do redencao da serra ate o terminal rodoviario novo de tauba?
ROSEIRA (TERMINAL RODOVIARIO DE ROSEIRA),TAUBATE (TERMINAL RODOVIARIO E URBANO JOAO FRANCISCO DOS SANTOS),como eu vou do terminal rodoviario de roseira ate o terminal rodoviario joao francisco dos santos?
ROSEIRA (TERMINAL RODOVIARIO DE ROSEIRA),TAUBATE (TERMINAL RODOVIARIO E URBANO JOAO FRANCISCO DOS SANTOS),como eu chego do terminal rodoviario de roseira ate o terminal rodoviario joao francisco dos santos?
ROSEIRA (TERMINAL RODOVIARIO DE ROSEIRA),TAUBATE (TERMINAL RODOVIARIO E URBANO JOAO FRANCISCO DOS SANTOS),como eu chego do terminal rodoviario de roseira ate o terminal rodoviario joao francisco dos santos?
PINDAMONHANGABA (CENTRO),TAUBATE (TERMINAL RODOVIARIO E URBANO JOAO FRANCISCO DOS SANTOS),como eu vou do pindamonhangaba para o taubate?
PINDAMONHANGABA (CENTRO),TAUBATE (TERMINAL RODOVIARIO E URBANO JOAO FRANCISCO DOS SANTOS),como eu chego de pindamonhangaba para o taubate?
PINDAMONHANGABA (CENTRO),TAUBATE (TERMINAL RODOVIARIO E URBANO JOAO FRANCISCO DOS SANTOS),como eu vou de pindamonhangaba (centro) para taubate?
TAUBATE (TERMINAL RODOVIARIO NOVO DE TAUBATE),SAO JOSE DOS CAMPOS (TERMINAL RODOVIARIO FREDERICO OZANAM),como eu posso ir do terminal rodoviario novo de taubate para sao jose dos campos?
TAUBATE (TERMINAL RODOVIARIO NOVO DE TAUBATE),SAO JOSE DOS CAMPOS (TERMINAL RODOVIARIO FREDERICO OZANAM),como eu chego do terminal rodoviario novo de taubate ate sao jose dos campos?
TAUBATE (TERMINAL RODOVIARIO NOVO DE TAUBATE),SAO JOSE DOS CAMPOS (TERMINAL RODOVIARIO FREDERICO OZANAM),como eu vou do terminal rodoviario novo de tauba para sao jose dos campos?
TAUBATE (TERMINAL RODOVIARIO NOVO DE TAUBATE),SAO JOSE DOS CAMPOS (TERMINAL RODOVIARIO FREDERICO OZANAM),como eu saio do terminal rodoviario novo de tauba e chego em sao jose dos campos?
TAUBATE (TERMINAL RODOVIARIO NOVO DE TAUBATE),SAO JOSE DOS CAMPOS (TERMINAL RODOVIARIO FREDERICO OZANAM),como eu faco pra ir do taubate novo para sao jose dos campos?
TAUBATE (TERMINAL RODOVIARIO NOVO DE TAUBATE),SAO JOSE DOS CAMPOS (TERMINAL RODOVIARIO FREDERICO OZANAM),como eu vou do terminal rodoviario novo de taubate para o terminal rodoviario sao jose dos campos?
SAO BENTO DO SAPUCAI (CENTRO),CAMPOS DO JORDAO (TERMINAL RODOVIARIO DE CAMPOS DO JORDAO),como eu chego de sao bento do sapucai para campos do jodoro?
SAO BENTO DO SAPUCAI (CENTRO),CAMPOS DO JORDAO (TERMINAL RODOVIARIO DE CAMPOS DO JORDAO),como eu faco pra ir do centro de sao bento do sapucai ate os terminais rodoviarios de campos do jordao?
SAO BENTO DO SAPUCAI (CENTRO),CAMPOS DO JORDAO (TERMINAL RODOVIARIO DE CAMPOS DO JORDAO),como eu faco pra ir do centro de sao bento do sapucai pra campos do jodoro?
PINDAMONHANGABA (TERMINAL RODOVIARIO DE PINDAMONHANGABA),SAO JOSE DOS CAMPOS (TERMINAL RODOVIARIO FREDERICO OZANAM),como eu chego de pindamonhangaba para sao jose dos campos?
PINDAMONHANGABA (TERMINAL RODOVIARIO DE PINDAMONHANGABA),SAO JOSE DOS CAMPOS (TERMINAL RODOVIARIO FREDERICO OZANAM),como eu vou de pindamonhangaba para sao jose dos campos?
PINDAMONHANGABA (TERMINAL RODOVIARIO DE PINDAMONHANGABA),SAO JOSE DOS CAMPOS (TERMINAL RODOVIARIO FREDERICO OZANAM),como eu chego de pindamonhangaba para sao jose dos campos?
PINDAMONHANGABA (TERMINAL RODOVIARIO DE PINDAMONHANGABA),SAO JOSE DOS CAMPOS (TERMINAL RODOVIARIO FREDERICO OZANAM),como eu faco para ir de pindamonhangaba para sao jose dos campos?
PINDAMONHANGABA (TERMINAL RODOVIARIO DE PINDAMONHANGABA),SAO JOSE DOS CAMPOS (TERMINAL RODOVIARIO FREDERICO OZANAM),como eu faco pra ir de pindamonhangaba para sao jose dos campos?
PINDAMONHANGABA (TERMINAL RODOVIARIO DE PINDAMONHANGABA),SAO JOSE DOS CAMPOS (TERMINAL RODOVIARIO FREDERICO OZANAM),como eu vou de pindamonhangaba para sao jose dos campos?
GUARULHOS (JARDIM ANGELICA),SAO PAULO (METRO ARMENIA),to em guarulhos (jardim angelica) e quero saber como ir para sao paulo.
GUARULHOS (JARDIM ANGELICA),SAO PAULO (METRO ARMENIA),to em guarulhos e quero saber como chegar em sao paulo.
GUARULHOS (JARDIM ANGELICA),SAO PAULO (METRO ARMENIA),como eu faco pra ir de guarulhos para sao paulo?
CAMPOS DO JORDAO (TERMINAL RODOVIARIO DE CAMPOS DO JORDAO),SAO JOSE DOS CAMPOS (TERMINAL RODOVIARIO FREDERICO OZANAM),como eu vou do terminal rodoviario de campos do jodoro ate o terminal rodoviario de sao jose dos campos?
CAMPOS DO JORDAO (TERMINAL RODOVIARIO DE CAMPOS DO JORDAO),SAO JOSE DOS CAMPOS (TERMINAL RODOVIARIO FREDERICO OZANAM),como eu saio do terminal rodoviario de campos do jodoro e chego no terminal rodoviario de sao jose dos campos?
CAMPOS DO JORDAO (TERMINAL RODOVIARIO DE CAMPOS DO JORDAO),SAO JOSE DOS CAMPOS (TERMINAL RODOVIARIO FREDERICO OZANAM),como eu chego do terminal rodoviario de campos do jodoro ate o terminal rodoviario de sao jose dos campos?
PINDAMONHANGABA (CENTRO),TAUBATE (TERMINAL RODOVIARIO E URBANO JOAO FRANCISCO DOS SANTOS),como eu vou do pindamonhangaba (centro) para o taubate?
PINDAMONHANGABA (CENTRO),TAUBATE (TERMINAL RODOVIARIO E URBANO JOAO FRANCISCO DOS SANTOS),como eu vou do pindamonhangaba (centro) pra taubate?
PINDAMONHANGABA (CENTRO),TAUBATE (TERMINAL RODOVIARIO E URBANO JOAO FRANCISCO DOS SANTOS),como eu faco pra chegar em tauba?
PINDAMONHANGABA (TERMINAL RODOVIARIO DE PINDAMONHANGABA),TAUBATE (TERMINAL RODOVIARIO E URBANO JOAO FRANCISCO DOS SANTOS),como eu vou de pindamonhangaba para taubate?
PINDAMONHANGABA (TERMINAL RODOVIARIO DE PINDAMONHANGABA),TAUBATE (TERMINAL RODOVIARIO E URBANO JOAO FRANCISCO DOS SANTOS),como eu chego de pindamonhangaba para taubate?
PINDAMONHANGABA (TERMINAL RODOVIARIO DE PINDAMONHANGABA),TAUBATE (TERMINAL RODOVIARIO E URBANO JOAO FRANCISCO DOS SANTOS),como eu faco pra ir de pindamonhangaba para taubate?
CAMPOS DO JORDAO (TERMINAL RODOVIARIO DE CAMPOS DO JORDAO),TAUBATE (TERMINAL RODOVIARIO NOVO DE TAUBATE),como eu vou do terminal rodoviario de campos do jodoro pra taubate?
CAMPOS DO JORDAO (TERMINAL RODOVIARIO DE CAMPOS DO JORDAO),TAUBATE (TERMINAL RODOVIARIO NOVO DE TAUBATE),como eu chego do terminal rodoviario de campos do jodoro ate o terminal rodoviario novo de taubate?
CAMPOS DO JORDAO (TERMINAL RODOVIARIO DE CAMPOS DO JORDAO),TAUBATE (TERMINAL RODOVIARIO NOVO DE TAUBATE),como eu vou do terminal rodoviario de campos do jodoro para o terminal rodoviario novo de campos?
SAO BENTO DO SAPUCAI (TERMINAL RODOVIARIO DE SAO BENTO DO SAPUCAI),SAO JOSE DOS CAMPOS (TERMINAL RODOVIARIO FREDERICO OZANAM),como eu chego de sao bento do sapucai ate sao jose dos campos?
SAO BENTO DO SAPUCAI (TERMINAL RODOVIARIO DE SAO BENTO DO SAPUCAI),SAO JOSE DOS CAMPOS (TERMINAL RODOVIARIO FREDERICO OZANAM),como eu faco para ir do terminal rodoviario de saogone ate sao jose dos campos?
SAO BENTO DO SAPUCAI (TERMINAL RODOVIARIO DE SAO BENTO DO SAPUCAI),SAO JOSE DOS CAMPOS (TERMINAL RODOVIARIO FREDERICO OZANAM),como eu vou do terminal rodoviario de sao bento do sapai ai?
LAGOINHA (CENTRO),TAUBATE (TERMINAL RODOVIARIO NOVO DE TAUBATE),como eu vou do lagoinha para o terminal rodoviario novo de tauba?
LAGOINHA (CENTRO),TAUBATE (TERMINAL RODOVIARIO NOVO DE TAUBATE),como eu faco para ir do lagoinha (centro) para o terminal rodoviario novo de tauba?
LAGOINHA (CENTRO),TAUBATE (TERMINAL RODOVIARIO NOVO DE TAUBATE),como eu faco pra ir do lagoinha para o terminal rodoviario novo de tauba?
LAGOINHA (CENTRO),TAUBATE (TERMINAL RODOVIARIO NOVO DE TAUBATE),como eu vou do lagoinha para o terminal rodoviario novo de tauba?
LAGOINHA (CENTRO),TAUBATE (TERMINAL RODOVIARIO NOVO DE TAUBATE),to aqui no lagoinha e quero saber como ir para o terminal rodoviario novo de tauba.
LAGOINHA (CENTRO),TAUBATE (TERMINAL RODOVIARIO NOVO DE TAUBATE),como eu vou do lagoinha para o terminal rodoviario novo de tauba?
SAO LUIZ DO PARAITINGA (TERMINAL RODOVIARIO DE SAO LUIZ DO PARATITINGA),TAUBATE (TERMINAL RODOVIARIO NOVO DE TAUBATE),como eu faco pra ir do terminal rodoviario de sao luiz do paratinga para o novo taubate?
SAO LUIZ DO PARAITINGA (TERMINAL RODOVIARIO DE SAO LUIZ DO PARATITINGA),TAUBATE (TERMINAL RODOVIARIO NOVO DE TAUBATE),como eu faco pra ir do terminal rodoviario de sao luiz do paratinga ate o novo taubate?
SAO LUIZ DO PARAITINGA (TERMINAL RODOVIARIO DE SAO LUIZ DO PARATITINGA),TAUBATE (TERMINAL RODOVIARIO NOVO DE TAUBATE),como eu vou do terminal rodoviario de sao luiz do paratinga ate o novo taubate?
SAO LUIZ DO PARAITINGA (CATUCABA),TAUBATE (TERMINAL RODOVIARIO NOVO DE TAUBATE),como eu faco pra ir do catucaba pra taubate no terminal rodoviario novo?
SAO LUIZ DO PARAITINGA (CATUCABA),TAUBATE (TERMINAL RODOVIARIO NOVO DE TAUBATE),como eu chego do sao luiz do paraitinga ate o taubate no novo terminal rodoviario?
SAO LUIZ DO PARAITINGA (CATUCABA),TAUBATE (TERMINAL RODOVIARIO NOVO DE TAUBATE),como eu vou do catucaba para o taubate?
SAO BENTO DO SAPUCAI (CENTRO),PINDAMONHANGABA (TERMINAL RODOVIARIO DE PINDAMONHANGABA),como eu vou do centro de sao bento do sapucai para o terminal rodoviario de pindamonhangaba?
SAO BENTO DO SAPUCAI (CENTRO),PINDAMONHANGABA (TERMINAL RODOVIARIO DE PINDAMONHANGABA),como eu chego do centro de sao bento do sapucai ate o terminal rodoviario de pindamonhangaba?
SAO BENTO DO SAPUCAI (CENTRO),PINDAMONHANGABA (TERMINAL RODOVIARIO DE PINDAMONHANGABA),como eu vou do centro de sao bento do sapucai para o terminal rodoviario de pindamonhangaba?
CAMPOS DO JORDAO (TERMINAL RODOVIARIO DE CAMPOS DO JORDAO),PINDAMONHANGABA (TERMINAL RODOVIARIO DE PINDAMONHANGABA),como eu vou do terminal rodoviario de campos do jodoro pra pindamonhangaba?
CAMPOS DO JORDAO (TERMINAL RODOVIARIO DE CAMPOS DO JORDAO),PINDAMONHANGABA (TERMINAL RODOVIARIO DE PINDAMONHANGABA),como eu vou do terminal rodoviario de campos do jodoro para pindamonhangaba?
CAMPOS DO JORDAO (TERMINAL RODOVIARIO DE CAMPOS DO JORDAO),PINDAMONHANGABA (TERMINAL RODOVIARIO DE PINDAMONHANGABA),como eu chego do terminal rodoviario de campos do jodoro ate pindamonhangaba?
GUARULHOS (JARDIM CUMBICA/PARQUE BRASILIA),SAO PAULO (METRO ARMENIA),como eu vou de guarulhos para sao paulo?
GUARULHOS (JARDIM CUMBICA/PARQUE BRASILIA),SAO PAULO (METRO ARMENIA),como eu saio de guarulhos para sao paulo?
GUARULHOS (JARDIM CUMBICA/PARQUE BRASILIA),SAO PAULO (METRO ARMENIA),como eu vou do jardim cumbica pra sao paulo?
TAUBATE (TERMINAL RODOVIARIO VELHO DE TAUBATE),TREMEMBE (TERMINAL RODOVIARIO DE TREMEMBE),como eu faco para ir do terminal rodoviario velho de taubate para o terminal rodoviario de tremembe?
TAUBATE (TERMINAL RODOVIARIO VELHO DE TAUBATE),TREMEMBE (TERMINAL RODOVIARIO DE TREMEMBE),como eu chego do terminal rodoviario velho de taubate ate o terminal rodoviario de tremembe?
TAUBATE (TERMINAL RODOVIARIO VELHO DE TAUBATE),TREMEMBE (TERMINAL RODOVIARIO DE TREMEMBE),como eu chego do terminal rodoviario velho de taubate ate o terminal rodoviario de tremembe?
PINDAMONHANGABA (CENTRO),TAUBATE (TERMINAL RODOVIARIO VELHO DE TAUBATE),como eu chego do pindamonhangaba (centro) em taubate?
PINDAMONHANGABA (CENTRO),TAUBATE (TERMINAL RODOVIARIO VELHO DE TAUBATE),como eu vou do pindamonhangaba (centro) para o taubate?
PINDAMONHANGABA (CENTRO),TAUBATE (TERMINAL RODOVIARIO VELHO DE TAUBATE),como eu chego do pindamonhangaba (centro) em taubate?
GUARULHOS (JARDIM CUMBICA/PARQUE BRASILIA),SAO PAULO (METRO ARMENIA),como eu vou de guarulhos para o saulo paulo?
GUARULHOS (JARDIM CUMBICA/PARQUE BRASILIA),SAO PAULO (METRO ARMENIA),como eu faco pra ir do jardim cumbica pra sao paulo?
GUARULHOS (JARDIM CUMBICA/PARQUE BRASILIA),SAO PAULO (METRO ARMENIA),como eu saio de guarulhos e chego no sao paulo?
BARUERI (TREVO DE ALPHAVILLE),SAO PAULO (TERMINAL RODOVIARIO BARRA FUNDA),como eu vou do barueri (trevo de alphaville) para o terminal rodoviario barra funda?
BARUERI (TREVO DE ALPHAVILLE),SAO PAULO (TERMINAL RODOVIARIO BARRA FUNDA),como eu vou do barueri (trevo de alphaville) para o terminal rodoviario barra funda?
BARUERI (TREVO DE ALPHAVILLE),SAO PAULO (TERMINAL RODOVIARIO BARRA FUNDA),como eu chego do barueri (trevo de alphaville) em sao paulo?
GUARULHOS (JARDIM SANTA PAULA),SAO PAULO (METRO ARMENIA),to em jardim santa paula e queria saber como ir para sao paulo.
GUARULHOS (JARDIM SANTA PAULA),SAO PAULO (METRO ARMENIA),como eu vou do jardim santa paula para sao paulo pelo metro armenia?
GUARULHOS (JARDIM SANTA PAULA),SAO PAULO (METRO ARMENIA),to em jardim santa clara e quero ir para sao paulo.
GUARAREMA (CHACARA GUANABARA),MOGI DAS CRUZES (TERMINAL RODOVIARIO GERALDO SCAVONE),"como eu chego da guararema para o mogi das cruzes, no terminal rodoviario geraldo scavone?"
GUARAREMA (CHACARA GUANABARA),MOGI DAS CRUZES (TERMINAL RODOVIARIO GERALDO SCAVONE),"como eu vou do guararema para mogi das cruzes, passando pela chacara guarana?"
GUARAREMA (CHACARA GUANABARA),MOGI DAS CRUZES (TERMINAL RODOVIARIO GERALDO SCAVONE),como eu vou do guararema para o mogi das cruzes?
CARAPICUIBA (CIDADE ARISTON),BARUERI (ALPHAVILLE),como eu vou do carapicuiba a barueri?
CARAPICUIBA (CIDADE ARISTON),BARUERI (ALPHAVILLE),como eu vou do carapicuiba para o barueri?
CARAPICUIBA (CIDADE ARISTON),BARUERI (ALPHAVILLE),como eu vou do carapicuiba ao barueri?
ARUJA (MIRANTE),SAO PAULO (METRO ARMENIA),to em arju (mirante) e queria saber como ir para sao paulo.
ARUJA (MIRANTE),SAO PAULO (METRO ARMENIA),to em aruja (mirante) e quero saber como chegar em sao paulo.
ARUJA (MIRANTE),SAO PAULO (METRO ARMENIA),to em arju (mirante) e quero saber como ir para sao paulo.
ARUJA (PARQUE RODRIGO BARRETO),SAO PAULO (METRO ARMENIA),to em aruja e quero saber como ir para sao paulo.
ARUJA (PARQUE RODRIGO BARRETO),SAO PAULO (METRO ARMENIA),to em aruja e quero saber como ir para sao paulo.
ARUJA (PARQUE RODRIGO BARRETO),SAO PAULO (METRO ARMENIA),to em aruja e quero saber como chegar em sao paulo.
APARECIDA (TERMINAL RODOVIARIO DE APARECIDA),CRUZEIRO (TERMINAL RODOVIARIO DE CRUZEIRO),como eu chego do terminal rodoaviario de aparecida ate o terminal rodoaviario de cruzeiro?
APARECIDA (TERMINAL RODOVIARIO DE APARECIDA),CRUZEIRO (TERMINAL RODOVIARIO DE CRUZEIRO),como eu chego do terminal rodoviario de aparecida para o terminal rodoviario de cruzeiro?
APARECIDA (TERMINAL RODOVIARIO DE APARECIDA),CRUZEIRO (TERMINAL RODOVIARIO DE CRUZEIRO),como eu chego do terminal rodoviario de aparecida para o terminal rodoviario de cruzeiro?
ROSEIRA (TERMINAL RODOVIARIO DE ROSEIRA),PINDAMONHANGABA (TERMINAL RODOVIARIO DE PINDAMONHANGABA),como eu chego do terminal rodoviario de roseira ate pindamonhangaba?
ROSEIRA (TERMINAL RODOVIARIO DE ROSEIRA),PINDAMONHANGABA (TERMINAL RODOVIARIO DE PINDAMONHANGABA),como eu faco pra ir do terminal rodoviario de roseira pra pindamonhangaba?
ROSEIRA (TERMINAL RODOVIARIO DE ROSEIRA),PINDAMONHANGABA (TERMINAL RODOVIARIO DE PINDAMONHANGABA),como eu vou do terminal rodoviario de roseira para pindamonhangaba?
PIQUETE (TERMINAL RODOVIARIO DE PIQUETE),LORENA (TERMINAL RODOVIARIO DE LORENA),como eu chego da piquete para a lorena?
PIQUETE (TERMINAL RODOVIARIO DE PIQUETE),LORENA (TERMINAL RODOVIARIO DE LORENA),como eu chego da piquete para lorena?
PIQUETE (TERMINAL RODOVIARIO DE PIQUETE),LORENA (TERMINAL RODOVIARIO DE LORENA),como eu chego da piquete para a lorena?
PIQUETE (TERMINAL RODOVIARIO DE PIQUETE),LORENA (CENTRO - ETEC),to no piquete e quero ir para a lorena.
PIQUETE (TERMINAL RODOVIARIO DE PIQUETE),LORENA (CENTRO - ETEC),como eu chego da piquete para a lorena?
PIQUETE (TERMINAL RODOVIARIO DE PIQUETE),LORENA (CENTRO - ETEC),to aqui no piquete e preciso ir para a lorena. como eu faco?
PIQUETE (IMBEL),LORENA (TERMINAL RODOVIARIO DE LORENA),to em piquete e queria saber como ir para lorena.
PIQUETE (IMBEL),LORENA (TERMINAL RODOVIARIO DE LORENA),to na piquete e quero saber como ir para lorena.
PIQUETE (IMBEL),LORENA (TERMINAL RODOVIARIO DE LORENA),como eu chego da piquete ate a lorena de rodoviaria?
LORENA (TERMINAL RODOVIARIO DE LORENA),SAO JOSE DOS CAMPOS (TERMINAL RODOVIARIO FREDERICO OZANAM),to aqui no terminal rodoviario de lorena e quero saber como ir para sao jose dos campos.
LORENA (TERMINAL RODOVIARIO DE LORENA),SAO JOSE DOS CAMPOS (TERMINAL RODOVIARIO FREDERICO OZANAM),to na lorena e quero saber como ir para sao jose dos campos.
LORENA (TERMINAL RODOVIARIO DE LORENA),SAO JOSE DOS CAMPOS (TERMINAL RODOVIARIO FREDERICO OZANAM),como eu faco para ir do terminal rodoviario de lorena para o terminal rodoviario fredrico ozanam?
LORENA (TERMINAL RODOVIARIO DE LORENA),TAUBATE (TERMINAL RODOVIARIO NOVO DE TAUBATE),como eu chego do terminal rodoviario de lorena ate o terminal rodoviario novo de taubate?
LORENA (TERMINAL RODOVIARIO DE LORENA),TAUBATE (TERMINAL RODOVIARIO NOVO DE TAUBATE),como eu faco para ir do terminal rodoviario de lorena para o novo de taubate?
LORENA (TERMINAL RODOVIARIO DE LORENA),TAUBATE (TERMINAL RODOVIARIO NOVO DE TAUBATE),como eu chego do terminal rodoviario de lorena ate o terminal rodoviario novo de taubate?
LORENA (TERMINAL RODOVIARIO DE LORENA),APARECIDA (TERMINAL RODOVIARIO DE APARECIDA),como eu chego da lorena para a aparecida?
LORENA (TERMINAL RODOVIARIO DE LORENA),APARECIDA (TERMINAL RODOVIARIO DE APARECIDA),como eu chego da lorena para a aparecida?
LORENA (TERMINAL RODOVIARIO DE LORENA),APARECIDA (TERMINAL RODOVIARIO DE APARECIDA),como eu chego da lorena para a aparecida?
PIQUETE (TERMINAL RODOVIARIO DE PIQUETE),CRUZEIRO (TERMINAL RODOVIARIO DE CRUZEIRO),como eu chego do piquete ao cruzeiro?
PIQUETE (TERMINAL RODOVIARIO DE PIQUETE),CRUZEIRO (TERMINAL RODOVIARIO DE CRUZEIRO),como eu chego do piquete ao cruzeiro?
PIQUETE (TERMINAL RODOVIARIO DE PIQUETE),CRUZEIRO (TERMINAL RODOVIARIO DE CRUZEIRO),como eu chego do piquete ao cruzeiro?
POTIM (MIGUEL VIEIRA),APARECIDA (TERMINAL RODOVIARIO DE APARECIDA),to em potim (miguel vieira) e quero saber como ir pra aparecida.
POTIM (MIGUEL VIEIRA),APARECIDA (TERMINAL RODOVIARIO DE APARECIDA),to em potim (miguel vieira) e preciso ir pra aparecida.
POTIM (MIGUEL VIEIRA),APARECIDA (TERMINAL RODOVIARIO DE APARECIDA),como eu vou do potim (miguel vieira) a aparecida?
POTIM (MINAS GERAIS),APARECIDA (TERMINAL RODOVIARIO DE APARECIDA),to em potim e quero saber como ir pra aparecida.
POTIM (MINAS GERAIS),APARECIDA (TERMINAL RODOVIARIO DE APARECIDA),como eu vou do potim em minas gerais para a aparecida?
POTIM (MINAS GERAIS),APARECIDA (TERMINAL RODOVIARIO DE APARECIDA),como eu vou do potim em minas gerais para a aparecida terminal rodoviario?
CACHOEIRA PAULISTA (TERMINAL RODOVIARIO DE CACHOEIRA PAULISTA),CRUZEIRO (TERMINAL RODOVIARIO DE CRUZEIRO),como eu vou do terminal rodoviario de cachoeira paulista para o terminal rodoviario de cruzeiro?
CACHOEIRA PAULISTA (TERMINAL RODOVIARIO DE CACHOEIRA PAULISTA),CRUZEIRO (TERMINAL RODOVIARIO DE CRUZEIRO),como eu chego do terminal rodoviario de cachoeira paulista ate o cruzeiro?
CACHOEIRA PAULISTA (TERMINAL RODOVIARIO DE CACHOEIRA PAULISTA),CRUZEIRO (TERMINAL RODOVIARIO DE CRUZEIRO),como eu vou do terminal rodoviario de cachoeira paulista ate o cruzeiro?
ITAPECERICA DA SERRA (RECREIO PRIMAVERA),SAO PAULO (METRO CAPAO REDONDO),como eu faco pra ir do itapecerica da serra (recreio primavera) para o metro capao redondo?
ITAPECERICA DA SERRA (RECREIO PRIMAVERA),SAO PAULO (METRO CAPAO REDONDO),to aqui em itapecerica da serra (recreio primavera) e quero saber como ir para o metro capao redondo.
ITAPECERICA DA SERRA (RECREIO PRIMAVERA),SAO PAULO (METRO CAPAO REDONDO),como eu chego do itapecerica da serra (recreio primavera) ate o metro capao redondo?
CACHOEIRA PAULISTA (TERMINAL RODOVIARIO DE CACHOEIRA PAULISTA ),CRUZEIRO (TERMINAL RODOVIARIO DE CRUZEIRO),como eu vou do terminal rodoviario de cachoeira paulista ate o cruzeiro?
CACHOEIRA PAULISTA (TERMINAL RODOVIARIO DE CACHOEIRA PAULISTA ),CRUZEIRO (TERMINAL RODOVIARIO DE CRUZEIRO),como eu vou do terminal rodoviario de cachoeira paulista para o cruzeiro?
CACHOEIRA PAULISTA (TERMINAL RODOVIARIO DE CACHOEIRA PAULISTA ),CRUZEIRO (TERMINAL RODOVIARIO DE CRUZEIRO),como eu saio da cachoeira paulista e chego no cruziero?
GUARATINGUETA (TERMINAL RODOVIARIO DE GUARATINGUETA),PINDAMONHANGABA (TERMINAL RODOVIARIO DE PINDAMONHANGABA),como eu vou do terminal rodoviario de guaratingueta para pindamonhangaba?
GUARATINGUETA (TERMINAL RODOVIARIO DE GUARATINGUETA),PINDAMONHANGABA (TERMINAL RODOVIARIO DE PINDAMONHANGABA),como eu chego do terminal rodoviario de guaratingueta ate pindamonhangaba?
GUARATINGUETA (TERMINAL RODOVIARIO DE GUARATINGUETA),PINDAMONHANGABA (TERMINAL RODOVIARIO DE PINDAMONHANGABA),como eu vou do terminal rodoviario de guaratingueta pra pindamonhangaba?
LORENA (TERMINAL RODOVIARIO DE LORENA),GUARATINGUETA (TERMINAL RODOVIARIO DE GUARATINGUETA),como eu chego do terminal rodoviario de lorena para o terminal rodoviario de guaratingueta?
LORENA (TERMINAL RODOVIARIO DE LORENA),GUARATINGUETA (TERMINAL RODOVIARIO DE GUARATINGUETA),como eu chego da terminal rodoviario de lorena para a terminal rodoviario de guaratingueta?
LORENA (TERMINAL RODOVIARIO DE LORENA),GUARATINGUETA (TERMINAL RODOVIARIO DE GUARATINGUETA),como eu chego da terminal rodoviario de lorena ate a terminal rodoviario de guaratingueta?
CACHOEIRA PAULISTA (TERMINAL RODOVIARIO DE CACHOEIRA PAULISTA),LORENA (TERMINAL RODOVIARIO DE LORENA),como eu chego da cachoeira paulista ate a lorena?
CACHOEIRA PAULISTA (TERMINAL RODOVIARIO DE CACHOEIRA PAULISTA),LORENA (TERMINAL RODOVIARIO DE LORENA),como eu chego da cachoeira paulista ate a lorena?
CACHOEIRA PAULISTA (TERMINAL RODOVIARIO DE CACHOEIRA PAULISTA),LORENA (TERMINAL RODOVIARIO DE LORENA),como eu chego da cachoeira paulista ate a lorena?
CACHOEIRA PAULISTA (TERMINAL RODOVIARIO DE CACHOEIRA PAULISTA),LORENA (TERMINAL RODOVIARIO DE LORENA),como eu chego da cachoeira paulista ate a lorena?
CACHOEIRA PAULISTA (TERMINAL RODOVIARIO DE CACHOEIRA PAULISTA),LORENA (TERMINAL RODOVIARIO DE LORENA),como eu chego da cachoeira paulista ate a lorena?
CACHOEIRA PAULISTA (TERMINAL RODOVIARIO DE CACHOEIRA PAULISTA),LORENA (TERMINAL RODOVIARIO DE LORENA),como eu faco pra ir da cachoeira paulista ate a lorena?
APARECIDA (CENTRO),GUARATINGUETA (CENTRO),to aqui em aparecida e quero saber como ir para guaratingueta.
APARECIDA (CENTRO),GUARATINGUETA (CENTRO),to aqui em aparecida e quero saber como ir para guaratingueta.
APARECIDA (CENTRO),GUARATINGUETA (CENTRO),to aqui em aparecida e quero saber como ir para guaratingueta.
ROSEIRA (TERMINAL RODOVIARIO DE ROSEIRA),APARECIDA (TERMINAL RODOVIARIO DE APARECIDA),como eu vou da roseira para a aparecida?
ROSEIRA (TERMINAL RODOVIARIO DE ROSEIRA),APARECIDA (TERMINAL RODOVIARIO DE APARECIDA),como eu chego da roseira para a aparecida?
ROSEIRA (TERMINAL RODOVIARIO DE ROSEIRA),APARECIDA (TERMINAL RODOVIARIO DE APARECIDA),como eu vou da roseira para a aparecida?
ROSEIRA (TERMINAL RODOVIARIO DE ROSEIRA),APARECIDA (TERMINAL RODOVIARIO DE APARECIDA),como eu chego da roseira ate a aparecida?
ROSEIRA (TERMINAL RODOVIARIO DE ROSEIRA),APARECIDA (TERMINAL RODOVIARIO DE APARECIDA),como eu faco pra chegar na aparecida a partir do terminal rodoviario de roseira?
ROSEIRA (TERMINAL RODOVIARIO DE ROSEIRA),APARECIDA (TERMINAL RODOVIARIO DE APARECIDA),como eu chego da roseira ate a aparecida?
POTIM (LOTEAMENTO DOS VIEIRAS),GUARATINGUETA (TERMINAL RODOVIARIO DE GUARATINGUETA),como eu vou do potim para o terminal rodoviario de guarantueta?
POTIM (LOTEAMENTO DOS VIEIRAS),GUARATINGUETA (TERMINAL RODOVIARIO DE GUARATINGUETA),como eu vou do potim para o terminal rodoviario de guarantueta?
POTIM (LOTEAMENTO DOS VIEIRAS),GUARATINGUETA (TERMINAL RODOVIARIO DE GUARATINGUETA),como eu faco para ir de potim para o terminal rodoviario de guarantueta?
CUNHA (TERMINAL RODOVIARIO DE CUNHA),GUARATINGUETA (TERMINAL RODOVIARIO DE GUARATINGUETA),como eu faco para ir de cunha para guaratingueta?
CUNHA (TERMINAL RODOVIARIO DE CUNHA),GUARATINGUETA (TERMINAL RODOVIARIO DE GUARATINGUETA),to no cunha e quero saber como ir para guaratingueta.
CUNHA (TERMINAL RODOVIARIO DE CUNHA),GUARATINGUETA (TERMINAL RODOVIARIO DE GUARATINGUETA),como eu vou da cunha para guaratingueta?
GUARULHOS (TERMINAL METROPOLITANO TABOAO),SAO PAULO (METRO TUCURUVI),como eu vou do terminal metropolitano taboa para o metro tucuruvi?
GUARULHOS (TERMINAL METROPOLITANO TABOAO),SAO PAULO (METRO TUCURUVI),como eu vou do terminal metropolitano taboa para o metro tucuruvi?
GUARULHOS (TERMINAL METROPOLITANO TABOAO),SAO PAULO (METRO TUCURUVI),como eu vou do terminal metropolitano taboa para o metro tucuruvi?
CANAS (CENTRO),LORENA (TERMINAL RODOVIARIO DE LORENA),como eu vou da canass (centro) para a lorena?
CANAS (CENTRO),LORENA (TERMINAL RODOVIARIO DE LORENA),como eu vou do canas (centro) para a lorena (terminal rodoviario de lorena)?
CANAS (CENTRO),LORENA (TERMINAL RODOVIARIO DE LORENA),como eu vou de canas para a lorena?
JANDIRA (JARDIM NOSSA SENHORA DE FATIMA),BARUERI (PARQUE IMPERIAL),como eu chego do jandira para o barueri?
JANDIRA (JARDIM NOSSA SENHORA DE FATIMA),BARUERI (PARQUE IMPERIAL),como eu faco para ir do jandira para o barueri?
JANDIRA (JARDIM NOSSA SENHORA DE FATIMA),BARUERI (PARQUE IMPERIAL),como eu vou de jandira para barueri?
JANDIRA (JARDIM NOSSA SENHORA DE FATIMA),SANTANA DE PARNAIBA (GENESIS II),como eu vou de jandira para santana de paranaiba?
JANDIRA (JARDIM NOSSA SENHORA DE FATIMA),SANTANA DE PARNAIBA (GENESIS II),como eu vou de jandira para santana de paranaiba?
JANDIRA (JARDIM NOSSA SENHORA DE FATIMA),SANTANA DE PARNAIBA (GENESIS II),como eu vou de jandira para santana de paranaiba?
GUARULHOS (PARQUE CONTINENTAL III),SAO PAULO (METRO ARMENIA),como eu faco pra ir do guarulhos (parque continental iii) ate o sao paulo (metro armenia)?
GUARULHOS (PARQUE CONTINENTAL III),SAO PAULO (METRO ARMENIA),como eu saio de guarulhos e chego no metro armenia?
GUARULHOS (PARQUE CONTINENTAL III),SAO PAULO (METRO ARMENIA),to em guarulhos e quero saber como ir do parque continental iii.
FRANCO DA ROCHA (CENTRO),CAIEIRAS (VILA DOS PINHEIROS),"to aqui no franco da rocha e preciso ir para cairias, vila dos pinheiros."
FRANCO DA ROCHA (CENTRO),CAIEIRAS (VILA DOS PINHEIROS),"to aqui no centro de franco da rocha e quero ir para cairias, vila dos pinheiros."
FRANCO DA ROCHA (CENTRO),CAIEIRAS (VILA DOS PINHEIROS),"to aqui em franco da rocha e quero saber como chegar em cairias, vila dos pinheiros."
ARUJA (PARQUE RODRIGO BARRETO),GUARULHOS (JARDIM SANTA MENA),como eu vou do aruja para o jardim santa mena?
ARUJA (PARQUE RODRIGO BARRETO),GUARULHOS (JARDIM SANTA MENA),como eu vou do aruja pra guarulhos?
ARUJA (PARQUE RODRIGO BARRETO),GUARULHOS (JARDIM SANTA MENA),to em aruja e quero saber como ir para guarulhos.
ARUJA (CENTRO),GUARULHOS (AEROPORTO INTERNACIONAL DE SAO PAULO),to no aruja e quero saber como pegar o guarulhos.
ARUJA (CENTRO),GUARULHOS (AEROPORTO INTERNACIONAL DE SAO PAULO),como eu vou do aruja para o guarulhos?
ARUJA (CENTRO),GUARULHOS (AEROPORTO INTERNACIONAL DE SAO PAULO),como eu vou do aruja para o guarulhos?
BARUERI (ALDEIA DA SERRA),COTIA (TERMINAL METROPOLITANO DE COTIA),"to na barueri (aldeia da serra) e quero saber como ir pro cotia, o terminal metro."
BARUERI (ALDEIA DA SERRA),COTIA (TERMINAL METROPOLITANO DE COTIA),to em barueri (aldeia da serra) e quero saber como ir para o terminal metropolitano de cotia.
BARUERI (ALDEIA DA SERRA),COTIA (TERMINAL METROPOLITANO DE COTIA),como eu faco pra ir do barueri (aldeia da serra) para o terminal metropolitano de cotia?
CRUZEIRO (TERMINAL RODOVIARIO DE CRUZEIRO),SAO JOSE DOS CAMPOS (TERMINAL RODOVIARIO FREDERICO OZANAM),como eu vou do cruzeiro (terminal rodoviario de cruzeiro) ate o sao jose dos campos (terminal rodoviario frederico ozanam)?
CRUZEIRO (TERMINAL RODOVIARIO DE CRUZEIRO),SAO JOSE DOS CAMPOS (TERMINAL RODOVIARIO FREDERICO OZANAM),como eu vou do cruzeiro (terminal rodoviario de cruzeiro) para o sao jose dos campos?
CRUZEIRO (TERMINAL RODOVIARIO DE CRUZEIRO),SAO JOSE DOS CAMPOS (TERMINAL RODOVIARIO FREDERICO OZANAM),como eu faco pra ir do cruzeiro (terminal rodoviario de cruzeiro) para o sao jose dos campos (terminal rodoviario frederico ozanam)?
BANANAL (TERMINAL RODOVIARIO AQUINO CARVALHO DOS SANTOS),GUARATINGUETA (TERMINAL RODOVIARIO DE GUARATINGUETA),como eu chego do terminal rodoviario aquino dos santos em guaratingueta?
BANANAL (TERMINAL RODOVIARIO AQUINO CARVALHO DOS SANTOS),GUARATINGUETA (TERMINAL RODOVIARIO DE GUARATINGUETA),como eu vou do terminal rodoaviario aquino dos santos para guaratingueta?
BANANAL (TERMINAL RODOVIARIO AQUINO CARVALHO DOS SANTOS),GUARATINGUETA (TERMINAL RODOVIARIO DE GUARATINGUETA),como eu faco pra chegar no terminal rodoviario aquino no guaratingueta?
AREIAS (CENTRO),CRUZEIRO (TERMINAL RODOVIARIO DE CRUZEIRO),como eu faco pra ir do areias (centro) pra cruzeiro (terminal rodoviario de cruzeiro)?
AREIAS (CENTRO),CRUZEIRO (TERMINAL RODOVIARIO DE CRUZEIRO),como eu faco pra ir do areias (centro) ate o cruzeiro de cruzeiro?
AREIAS (CENTRO),CRUZEIRO (TERMINAL RODOVIARIO DE CRUZEIRO),como eu vou do areias (centro) para o cruzeiro (terminal rodoviario de cruzeiro)?
QUELUZ (TERMINAL RODOVIARIO DE QUELUZ),CRUZEIRO (TERMINAL RODOVIARIO DE CRUZEIRO),como eu chego do queluz ao cruzeiro?
QUELUZ (TERMINAL RODOVIARIO DE QUELUZ),CRUZEIRO (TERMINAL RODOVIARIO DE CRUZEIRO),como eu vou do queluz para o cruzeiro?
QUELUZ (TERMINAL RODOVIARIO DE QUELUZ),CRUZEIRO (TERMINAL RODOVIARIO DE CRUZEIRO),como eu vou do queluz para o cruzeiro?
QUELUZ (TERMINAL RODOVIARIO DE QUELUZ),CRUZEIRO (VILA BRASIL),como eu vou do queluz para o cruzeiro na vila brasil?
QUELUZ (TERMINAL RODOVIARIO DE QUELUZ),CRUZEIRO (VILA BRASIL),como eu chego do queluz ao cruzeiro na vila brasil?
QUELUZ (TERMINAL RODOVIARIO DE QUELUZ),CRUZEIRO (VILA BRASIL),como eu faco pra ir do queluz ate o cruzeiro na vila brasil?
LAVRINHAS (CAPELA DO JACU),CRUZEIRO (TERMINAL RODOVIARIO DE CRUZEIRO),como eu faco para ir da lavrinhas (capela do jac) para o cruzeiro (terminal rodoviario de cruzeiro)?
LAVRINHAS (CAPELA DO JACU),CRUZEIRO (TERMINAL RODOVIARIO DE CRUZEIRO),como eu vou do lavrinhas (capela do jacu) para o cruzeiro?
LAVRINHAS (CAPELA DO JACU),CRUZEIRO (TERMINAL RODOVIARIO DE CRUZEIRO),como eu vou do lavrinhas (capela do jac) para o cruzeiro (terminal rodoviario de cruzeiro)?
CRUZEIRO (TERMINAL RODOVIARIO DE CRUZEIRO),SAO JOSE DOS CAMPOS (TERMINAL RODOVIARIO FREDERICO OZANAM),como eu chego do cruzeiro (terminal rodoviario de cruzeiro) a sao jose dos campos?
CRUZEIRO (TERMINAL RODOVIARIO DE CRUZEIRO),SAO JOSE DOS CAMPOS (TERMINAL RODOVIARIO FREDERICO OZANAM),como eu chego do cruzeiro (terminal rodoviario de cruzeiro) a sao jose dos campos?
CRUZEIRO (TERMINAL RODOVIARIO DE CRUZEIRO),SAO JOSE DOS CAMPOS (TERMINAL RODOVIARIO FREDERICO OZANAM),como eu vou do cruzeiro (terminal rodoviario de cruzeiro) para o sao jose dos campos?
LORENA (TERMINAL RODOVIARIO DE LORENA),CRUZEIRO (TERMINAL RODOVIARIO DE CRUZEIRO),como eu chego do terminal rodoviario de lorena ao cruzeiro?
LORENA (TERMINAL RODOVIARIO DE LORENA),CRUZEIRO (TERMINAL RODOVIARIO DE CRUZEIRO),como eu chego do terminal rodoviario de lorena ao cruzeiro?
LORENA (TERMINAL RODOVIARIO DE LORENA),CRUZEIRO (TERMINAL RODOVIARIO DE CRUZEIRO),como eu chego do terminal rodoviario de lorena ate o cruzeiro?
LORENA (TERMINAL RODOVIARIO DE LORENA),CACHOEIRA PAULISTA (BAIRRO MARGEM ESQUERDA),"como eu chego da terminal rodoaviario de lorena em cachoeira paulista, baixada?"
LORENA (TERMINAL RODOVIARIO DE LORENA),CACHOEIRA PAULISTA (BAIRRO MARGEM ESQUERDA),como eu faco pra ir do terminal rodoviario de lorena ate a cachoeira paulista?
LORENA (TERMINAL RODOVIARIO DE LORENA),CACHOEIRA PAULISTA (BAIRRO MARGEM ESQUERDA),como eu chego da rodoviaria de lorena ate a cachoeira paulista?
CACHOEIRA PAULISTA (TERMINAL RODOVIARIO DE CACHOEIRA PAULISTA),CRUZEIRO ((TERMINAL RODOVIARIO DE CRUZEIRO),como eu vou do terminal rodoviario de cachoeira paulista ate o cruzeiro?
CACHOEIRA PAULISTA (TERMINAL RODOVIARIO DE CACHOEIRA PAULISTA),CRUZEIRO ((TERMINAL RODOVIARIO DE CRUZEIRO),como eu vou do terminal rodoviario de cachoeira paulista ate o cruziero?
CACHOEIRA PAULISTA (TERMINAL RODOVIARIO DE CACHOEIRA PAULISTA),CRUZEIRO ((TERMINAL RODOVIARIO DE CRUZEIRO),como eu chego do terminal rodoviario de cruzeiro?
ARUJA (TERMINAL RODOVIARIO DE ARUJA),GUARULHOS (SHOPPING BONSUCESSO),como eu vou do terminal rodoviario de arju para o shopping bonuceso?
ARUJA (TERMINAL RODOVIARIO DE ARUJA),GUARULHOS (SHOPPING BONSUCESSO),como eu chego do terminal rodoaviario de arju para o shopping bonucesso?
ARUJA (TERMINAL RODOVIARIO DE ARUJA),GUARULHOS (SHOPPING BONSUCESSO),como eu faco para ir do terminal rodoaviario de arju para o shopping successoso?
CARAPICUIBA (ALDEIA),SANTANA DE PARNAIBA (ALPHAVILLE 10),como eu chego de carapicuiba para santana de paranaiba?
CARAPICUIBA (ALDEIA),SANTANA DE PARNAIBA (ALPHAVILLE 10),como eu vou de carapicuiba para santana de paranaiba?
CARAPICUIBA (ALDEIA),SANTANA DE PARNAIBA (ALPHAVILLE 10),como eu chego de carapicuiba para santana de paranaiba?
COTIA (JARDIM SANTA ISABEL),SAO PAULO (METRO MORUMBI),to em cotia e quero saber como ir do jardim santa isabel para o metro morumbi.
COTIA (JARDIM SANTA ISABEL),SAO PAULO (METRO MORUMBI),to em cotia (jardim santa isabel) e quero saber como ir para o metro morumbi.
COTIA (JARDIM SANTA ISABEL),SAO PAULO (METRO MORUMBI),como eu faco pra ir do cotia (jardim santa isabel) para o metro morumbi?
ARUJA (MIRANTE),SAO PAULO (SAO MIGUEL PAULISTA),to em arju (mirante) e quero saber como ir para sao paulo.
ARUJA (MIRANTE),SAO PAULO (SAO MIGUEL PAULISTA),to em arju (mirante) e quero saber como ir de aqui para sao paulo.
ARUJA (MIRANTE),SAO PAULO (SAO MIGUEL PAULISTA),to em arju (mirante) e queria saber como ir de aqui para sao paulo.
PIRAPORA DO BOM JESUS (JARDIM BOM JESUS),BARUERI (ALPHAVILLE 3 / BRADESCO),como eu vou do pirapora do bom jesus para o barueri?
PIRAPORA DO BOM JESUS (JARDIM BOM JESUS),BARUERI (ALPHAVILLE 3 / BRADESCO),como eu chego do pirapora do bom jesus ao barreu do althere?
PIRAPORA DO BOM JESUS (JARDIM BOM JESUS),BARUERI (ALPHAVILLE 3 / BRADESCO),"como eu faco pra chegar no barreu do bom jesus, daqui do jardim bom jesus?"
SAO SEBASTIAO (TERMINAL RODOVIARIO DE SAO SEBASTIAO),TAUBATE (TERMINAL RODOVIARIO NOVO DE TAUBATE),como eu vou do terminal rodoviario de sao sebastiao pra taubate?
SAO SEBASTIAO (TERMINAL RODOVIARIO DE SAO SEBASTIAO),TAUBATE (TERMINAL RODOVIARIO NOVO DE TAUBATE),como eu vou do terminal rodoviario de sao sebastiao ate o terminal rodoviario novo de sao sebastiao?
SAO SEBASTIAO (TERMINAL RODOVIARIO DE SAO SEBASTIAO),TAUBATE (TERMINAL RODOVIARIO NOVO DE TAUBATE),como eu chego do terminal rodoviario de sao sebastiao ate o novo taubate?
SAO SEBASTIAO (TERMINAL RODOVIARIO DE SAO SEBASTIAO),SAO JOSE DOS CAMPOS (TERMINAL RODOVIARIO FREDERICO OZANAM),como eu vou do terminal rodoviario de sao sebastiao para o terminal rodoviario de sao jose dos campos?
SAO SEBASTIAO (TERMINAL RODOVIARIO DE SAO SEBASTIAO),SAO JOSE DOS CAMPOS (TERMINAL RODOVIARIO FREDERICO OZANAM),como eu faco pra ir do terminal rodoviario de sao sebastiao pro terminal rodoviario de sao jose dos campos?
SAO SEBASTIAO (TERMINAL RODOVIARIO DE SAO SEBASTIAO),SAO JOSE DOS CAMPOS (TERMINAL RODOVIARIO FREDERICO OZANAM),como eu faco pra ir do terminal rodoviario de sao sebastiao pro terminal rodoviario de sao jose dos campos?
CARAGUATATUBA (TERMINAL RODOVIARIO DE CARAGUATATUBA),SAO JOSE DOS CAMPOS (TERMINAL RODOVIARIO FREDERICO OZANAM),como eu faco pra ir do terminal rodoviario de caraguattuba para o terminal rodoviario de sao jose dos campos?
CARAGUATATUBA (TERMINAL RODOVIARIO DE CARAGUATATUBA),SAO JOSE DOS CAMPOS (TERMINAL RODOVIARIO FREDERICO OZANAM),como eu vou de caraguaratuba para sao jose dos campos?
CARAGUATATUBA (TERMINAL RODOVIARIO DE CARAGUATATUBA),SAO JOSE DOS CAMPOS (TERMINAL RODOVIARIO FREDERICO OZANAM),como eu faco para ir do terminal rodoviario de caraguatatuba ate o terminal rodoviario de sao jose dos campos?
SAO SEBASTIAO (BALSA),CARAGUATATUBA (TERMINAL RODOVIARIO DE CARAGUATATUBA),"como eu faco pra ir do sao sebast pra caraguaratuba, no terminal rodoviario de caraguaratuba?"
SAO SEBASTIAO (BALSA),CARAGUATATUBA (TERMINAL RODOVIARIO DE CARAGUATATUBA),como eu faco pra ir do sao sebastiao ate o terminal rodoviario de caraguatoria?
SAO SEBASTIAO (BALSA),CARAGUATATUBA (TERMINAL RODOVIARIO DE CARAGUATATUBA),como eu faco para ir do sao sebastiao ate o terminal rodoviario de caraguatoria?
UBATUBA (TERMINAL RODOVIARIO NAIM ELIAS ABDALLA),CARAGUATATUBA (TERMINAL RODOVIARIO DE CARAGUATATUBA),como eu vou do terminal rodoviario namel elias abdalla para caraguatuba?
UBATUBA (TERMINAL RODOVIARIO NAIM ELIAS ABDALLA),CARAGUATATUBA (TERMINAL RODOVIARIO DE CARAGUATATUBA),como eu faco pra ir do terminal rodoaviario nain elias abdalla em ubatuba ate caraguatuba?
UBATUBA (TERMINAL RODOVIARIO NAIM ELIAS ABDALLA),CARAGUATATUBA (TERMINAL RODOVIARIO DE CARAGUATATUBA),como eu faco pra ir do terminal rodoaviario naim elias abdalla em ubatuba ate caraguatoria?
UBATUBA (TERMINAL RODOVIARIO NAIM ELIAS ABDALLA),CARAGUATATUBA (TERMINAL RODOVIARIO DE CARAGUATATUBA),como eu faco pra ir do terminal rodoviario namiel elias abdalla em ubatuba pra caraguatuba?
UBATUBA (TERMINAL RODOVIARIO NAIM ELIAS ABDALLA),CARAGUATATUBA (TERMINAL RODOVIARIO DE CARAGUATATUBA),como eu chego do terminal rodoaviario nain elias abdalla em caraguatatuba?
UBATUBA (TERMINAL RODOVIARIO NAIM ELIAS ABDALLA),CARAGUATATUBA (TERMINAL RODOVIARIO DE CARAGUATATUBA),como eu vou do terminal rodoaviario nain elias abdalla em ubatuba para caraguatuba?
UBATUBA (TERMINAL RODOVIARIO DE UBATUBA - LITORANEA),SAO JOSE DOS CAMPOS (TERMINAL RODOVIARIO FREDERICO OZANAM),como eu faco pra ir do terminal rodoviario de ubatuba ate o terminal rodoviario de sao jose dos campos?
UBATUBA (TERMINAL RODOVIARIO DE UBATUBA - LITORANEA),SAO JOSE DOS CAMPOS (TERMINAL RODOVIARIO FREDERICO OZANAM),como eu faco pra ir do terminal rodoviario de ubatuba ate o terminal rodoviario de sao jose dos campos?
UBATUBA (TERMINAL RODOVIARIO DE UBATUBA - LITORANEA),SAO JOSE DOS CAMPOS (TERMINAL RODOVIARIO FREDERICO OZANAM),como eu vou do terminal rodoviario de ubatuba ate o terminal rodoviario de sao jose dos campos?
NATIVIDADE DA SERRA (BAIRRO ALTO),CARAGUATATUBA (TERMINAL RODOVIARIO DE CARAGUATATUBA),como eu saio do natividade da serra no bairro alto e chego no terminal rodoviario de caraguattuba?
NATIVIDADE DA SERRA (BAIRRO ALTO),CARAGUATATUBA (TERMINAL RODOVIARIO DE CARAGUATATUBA),como eu vou do natividade da serra no bairro alto ate o terminal rodoviario de caraguatuba?
NATIVIDADE DA SERRA (BAIRRO ALTO),CARAGUATATUBA (TERMINAL RODOVIARIO DE CARAGUATATUBA),to no natividade da serra e quero ir pro caraguattuba.
EMBU DAS ARTES (JARDIM MIMAS),SAO PAULO (METRO CAPAO REDONDO),como eu vou do embu das artes para o metro capa redondo?
EMBU DAS ARTES (JARDIM MIMAS),SAO PAULO (METRO CAPAO REDONDO),to em embuas artes e quero saber como chegar no metro capao redondo.
EMBU DAS ARTES (JARDIM MIMAS),SAO PAULO (METRO CAPAO REDONDO),como eu vou do embu das artes para o metro capao redondo?
UBATUBA (TERMINAL RODOVIARIO DE UBATUBA - SAO JOSE),PINDAMONHANGABA (TERMINAL RODOVIARIO DE PINDAMONHANGABA),"como eu faco pra ir do terminal rodoviario de ubatuba, sao jose, ate o pindamonhangbafa?"
UBATUBA (TERMINAL RODOVIARIO DE UBATUBA - SAO JOSE),PINDAMONHANGABA (TERMINAL RODOVIARIO DE PINDAMONHANGABA),como eu vou do terminal rodoviario de ubatuba - sao jose ate pindamonhangaba?
UBATUBA (TERMINAL RODOVIARIO DE UBATUBA - SAO JOSE),PINDAMONHANGABA (TERMINAL RODOVIARIO DE PINDAMONHANGABA),"como eu vou do terminal rodoviario de ubatuba, sao jose?"
UBATUBA (TERMINAL RODOVIARIO DE UBATUBA - SAO JOSE),TAUBATE (TERMINAL RODOVIARIO NOVO DE TAUBATE),como eu vou do terminal rodoviario de ubatuba - sao jose ate taubate?
UBATUBA (TERMINAL RODOVIARIO DE UBATUBA - SAO JOSE),TAUBATE (TERMINAL RODOVIARIO NOVO DE TAUBATE),como eu vou do terminal rodoviario de ubatuba - sao jose ate taubate?
UBATUBA (TERMINAL RODOVIARIO DE UBATUBA - SAO JOSE),TAUBATE (TERMINAL RODOVIARIO NOVO DE TAUBATE),como eu vou do terminal rodoviario de ubatuba - sao jose ate taubate?
EMBU DAS ARTES (JARDIM SANTA TEREZA),SAO PAULO (METRO CAPAO REDONDO),como eu saio do embu das artes e chego no metro capa redondo?
EMBU DAS ARTES (JARDIM SANTA TEREZA),SAO PAULO (METRO CAPAO REDONDO),como eu vou do embu das artes para o metro capao redondo?
EMBU DAS ARTES (JARDIM SANTA TEREZA),SAO PAULO (METRO CAPAO REDONDO),como eu faco pra ir do embu das artes (jardim santa tereza) para o metro capao redondo?
GUARULHOS (PARQUE SANTOS DUMONT),SAO PAULO (METRO ARMENIA),to em guarulhos e quero saber como ir pra sao paulo.
GUARULHOS (PARQUE SANTOS DUMONT),SAO PAULO (METRO ARMENIA),to em guarulhos e preciso saber como ir para sao paulo.
GUARULHOS (PARQUE SANTOS DUMONT),SAO PAULO (METRO ARMENIA),como eu vou do guarulhos ao sao paulo?
GUARULHOS (COCAIA),SAO PAULO (METRO ARMENIA),to em guarulhos e quero saber como ir de aqui para sao paulo.
GUARULHOS (COCAIA),SAO PAULO (METRO ARMENIA),to em guarulhos e preciso saber como ir para sao paulo.
GUARULHOS (COCAIA),SAO PAULO (METRO ARMENIA),to em guarulhos e preciso saber como ir para sao paulo.
JANDIRA (JARDIM NOSSA SENHORA DE FATIMA),OSASCO (VILA YARA),"como eu vou de jandira para osasco, vila yara?"
JANDIRA (JARDIM NOSSA SENHORA DE FATIMA),OSASCO (VILA YARA),como eu vou da jardim nossa senhora de fatima para osasco?
JANDIRA (JARDIM NOSSA SENHORA DE FATIMA),OSASCO (VILA YARA),to em jandira (jardim nossa senhora de fatima) e queria saber como ir para osasco (vila yara)?
EMBU-GUACU (CHACARA FLORIDA),SAO PAULO (METRO CAPAO REDONDO),como eu faco pra ir do embu-guacu pra sao paulo no metro capao redondo?
EMBU-GUACU (CHACARA FLORIDA),SAO PAULO (METRO CAPAO REDONDO),to em embu-guacu e quero saber como pegar no metro capao redondo.
EMBU-GUACU (CHACARA FLORIDA),SAO PAULO (METRO CAPAO REDONDO),como eu vou de embu-guacu para o metro capao rondao?
CARAPICUIBA (COHAB V),SANTANA DE PARNAIBA (TERMINAL RODOVIARIO ALPHAVILLE),como eu saio de carapicuiba e chego no terminal rodoviario alphaville?
CARAPICUIBA (COHAB V),SANTANA DE PARNAIBA (TERMINAL RODOVIARIO ALPHAVILLE),como eu faco pra ir do carapicuiba para o santana de parnaiba?
CARAPICUIBA (COHAB V),SANTANA DE PARNAIBA (TERMINAL RODOVIARIO ALPHAVILLE),to em carapicuiba e preciso saber como ir pra santana de paraniba.
OSASCO (LARGO DE OSASCO),SAO PAULO (METRO ARMENIA),como eu vou do osasco para o metro armenia?
OSASCO (LARGO DE OSASCO),SAO PAULO (METRO ARMENIA),como eu faco pra ir do osasco (largo de osasco) pra sao paulo no metro?
OSASCO (LARGO DE OSASCO),SAO PAULO (METRO ARMENIA),como eu faco pra ir do osasco pra sao paulo de trem?
EMBU-GUACU (VILA LOURO),SAO PAULO (METRO CAPAO REDONDO),"to em embu-guacu (vila louro) e quero saber como ir para sao paulo, no metro capao redondo."
EMBU-GUACU (VILA LOURO),SAO PAULO (METRO CAPAO REDONDO),to em embu-guacu (vila louro) e quero saber como chegar no metro capao redondo.
EMBU-GUACU (VILA LOURO),SAO PAULO (METRO CAPAO REDONDO),to em embu-guacu (vila louro) e quero saber como ir do meu lugar pra sao paulo.
SANTANA DE PARNAIBA (CENTRO),SAO PAULO (MORRO DOCE),to em santana de parnaiba (centro) e quero ir para sao paulo (morro doce).
SANTANA DE PARNAIBA (CENTRO),SAO PAULO (MORRO DOCE),to em santana de parnaiba (centro) e quero saber como ir para sao paulo (morro do cego).
SANTANA DE PARNAIBA (CENTRO),SAO PAULO (MORRO DOCE),to em santana de parnaiba (centro) e quero saber como ir pra sao paulo (morro doce).
SANTANA DE PARNAIBA (CIDADE DE SAO PEDRO,GLEBA C) - SAO PAULO (LAPA),como eu vou de santana de paraiba para a gleba c em sao paulo?
SANTANA DE PARNAIBA (CIDADE DE SAO PEDRO,GLEBA C) - SAO PAULO (LAPA),"como eu faco pra ir de santana de parnaiba pra gleba c, em sao paulo?"
SANTANA DE PARNAIBA (CIDADE DE SAO PEDRO,GLEBA C) - SAO PAULO (LAPA),como eu vou de santana de parnaiba pra gleba c em sao paulo?
MAIRIPORA (TERMINAL RODOVIARIO SIGUEMI AIACYDA),SAO PAULO (TERMINAL RODOVIARIO TIETE),como eu saio de mairipora para o terminal rodoviario tiete?
MAIRIPORA (TERMINAL RODOVIARIO SIGUEMI AIACYDA),SAO PAULO (TERMINAL RODOVIARIO TIETE),como eu vou do terminal rodoviario sigua aiacyda para o terminal rodoviario tiete?
MAIRIPORA (TERMINAL RODOVIARIO SIGUEMI AIACYDA),SAO PAULO (TERMINAL RODOVIARIO TIETE),como eu chego do terminal rodoviario tiete ate sao paulo?
ARUJA (VILA PEDROSO),SAO PAULO (METRO ARMENIA),to em aruja (vila pedroso) e quero saber como ir para sao paulo.
ARUJA (VILA PEDROSO),SAO PAULO (METRO ARMENIA),to na aruja (vila pedroso) e quero saber como ir para o metro armenia em sao paulo.
ARUJA (VILA PEDROSO),SAO PAULO (METRO ARMENIA),to em aruja (vila pedroso) e quero saber como pegar o metro pra sao paulo.
OSASCO (JARDIM SANTA MARIA),SAO PAULO (METRO MORUMBI),como eu vou do jardim santa maria para o metro morumbi?
OSASCO (JARDIM SANTA MARIA),SAO PAULO (METRO MORUMBI),como eu chego do jardim santa maria em osasco para o metro morumbi?
OSASCO (JARDIM SANTA MARIA),SAO PAULO (METRO MORUMBI),to em osasco e quero saber como chegar no metro morumbi.
GUARULHOS (PARQUE CONTINENTAL II),SAO PAULO (METRO CARRAO),to em guarulhos e preciso saber como chegar no metro carrao.
GUARULHOS (PARQUE CONTINENTAL II),SAO PAULO (METRO CARRAO),como eu vou do guarulhos ao metro carrao?
GUARULHOS (PARQUE CONTINENTAL II),SAO PAULO (METRO CARRAO),to em guarulhos e quero saber como ir do parque continental ii?
GUARULHOS (JARDIM CUMBICA),SAO PAULO (METRO CARRAO),como eu faco para ir do guarulhos (jardim cumbica) para o sao paulo (metro carrao)?
GUARULHOS (JARDIM CUMBICA),SAO PAULO (METRO CARRAO),como eu faco pra ir do guarulhos (jardim cumbica) ate o sao paulo (metro carrao)?
GUARULHOS (JARDIM CUMBICA),SAO PAULO (METRO CARRAO),como eu faco pra ir do guarulhos (jardim cumbica) para o sao paulo (metro carrao)?
GUARULHOS (VILA MOREIRA),SAO PAULO (METRO ARMENIA),como eu vou de guarulhos (vila moreira) para sao paulo?
GUARULHOS (VILA MOREIRA),SAO PAULO (METRO ARMENIA),to em guarulhos (vila moreira) e quero saber como ir de la para sao paulo.
GUARULHOS (VILA MOREIRA),SAO PAULO (METRO ARMENIA),como eu chego de guarulhos (vila moreira) para sao paulo?
OSASCO (VILA YOLANDA),BARUERI (ALPHAVILLE / GREEN VALLEY),como eu vou do osasco (vila yolanda) para o barueri?
OSASCO (VILA YOLANDA),BARUERI (ALPHAVILLE / GREEN VALLEY),como eu vou do osasco (vila yolanda) para o barueri?
OSASCO (VILA YOLANDA),BARUERI (ALPHAVILLE / GREEN VALLEY),como eu chego do osasco (vila yolanda) ao barueri?
GUARULHOS (CIDADE SOBERANA),SAO PAULO (METRO ARMENIA),como eu chego de guarulhos para o metro sao paulo?
GUARULHOS (CIDADE SOBERANA),SAO PAULO (METRO ARMENIA),to em guarulhos e quero saber como pegar no metro armenia.
GUARULHOS (CIDADE SOBERANA),SAO PAULO (METRO ARMENIA),como eu vou de guarulhos para sao paulo?
OSASCO (TERMINAL METROPOLITANO LUIZ BORTOLOSSO - KM 21),COTIA (KM 24 - RODOVIA RAPOSO TAVARES),como eu vou do terminal metropolitano luiz bortolo (km 21) para cotia?
OSASCO (TERMINAL METROPOLITANO LUIZ BORTOLOSSO - KM 21),COTIA (KM 24 - RODOVIA RAPOSO TAVARES),como eu vou do terminal metropolitano luiz bortolo (km 21) para cotia?
OSASCO (TERMINAL METROPOLITANO LUIZ BORTOLOSSO - KM 21),COTIA (KM 24 - RODOVIA RAPOSO TAVARES),como eu vou do terminal metropolitano luiz bortolo (km 21) para cotia?
EMBU-GUACU (VILA DIRCE),SAO PAULO (CIPO DO MEIO),to em embu-guacu (vila dirce) e quero saber como ir de la para sao paulo.
EMBU-GUACU (VILA DIRCE),SAO PAULO (CIPO DO MEIO),to em embu-guacu (vila dirce) e quero saber como ir do meu lugar ate o cipo do meio em sao paulo.
EMBU-GUACU (VILA DIRCE),SAO PAULO (CIPO DO MEIO),to na embu-guacu (vila dirce) e quero saber como ir para sao paulo.
GUARULHOS (PARQUE PRIMAVERA),SAO PAULO (METRO CARRAO),como eu vou do guarulhos ao metro carrao?
GUARULHOS (PARQUE PRIMAVERA),SAO PAULO (METRO CARRAO),como eu faco pra ir do guarulhos ao metro carrao?
GUARULHOS (PARQUE PRIMAVERA),SAO PAULO (METRO CARRAO),como eu vou do guarulhos ao metro carrao?
GUARULHOS (COCAIA),SAO PAULO (METRO ARMENIA),to em guarulhos e quero saber como ir para sao paulo.
GUARULHOS (COCAIA),SAO PAULO (METRO ARMENIA),como eu faco para ir de guarulhos (cocaia) para sao paulo?
GUARULHOS (COCAIA),SAO PAULO (METRO ARMENIA),to em guarulhos e quero saber como ir de la para sao paulo.
TABOAO DA SERRA (JARDIM MONTE ALEGRE),SAO PAULO (METRO CAMPO LIMPO),to em taboao da serra e quero saber como ir do jardim monte alegre para sao paulo.
TABOAO DA SERRA (JARDIM MONTE ALEGRE),SAO PAULO (METRO CAMPO LIMPO),to em taboao da serra e quero saber como ir do jardim monte alegre para sao paulo.
TABOAO DA SERRA (JARDIM MONTE ALEGRE),SAO PAULO (METRO CAMPO LIMPO),to em taboao da serra e quero saber como ir de jardim monte alegre para sao paulo.
GUARULHOS (VILA ANY),SAO PAULO (METRO ARMENIA),to em vila any e quero saber como ir de guarulhos para sao paulo.
GUARULHOS (VILA ANY),SAO PAULO (METRO ARMENIA),to em vila any e quero saber como ir para sao paulo.
GUARULHOS (VILA ANY),SAO PAULO (METRO ARMENIA),como eu vou de vila any para sao paulo?
POA (TERMINAL RODOVIARIO JARDIM SAO JOSE),SAO PAULO (PENHA),como eu vou do jardim sao jose para penha?
POA (TERMINAL RODOVIARIO JARDIM SAO JOSE),SAO PAULO (PENHA),como eu chego do terminal rodoviario jardim sao jose em penha?
POA (TERMINAL RODOVIARIO JARDIM SAO JOSE),SAO PAULO (PENHA),como eu faco para ir do terminal rodoviario jardim sao jose para penha?
GUARULHOS (JARDIM PARAISO),SAO PAULO (METRO PENHA),to em guarulhos (jardim paraiso) e quero saber como ir de la pra sao paulo.
GUARULHOS (JARDIM PARAISO),SAO PAULO (METRO PENHA),como eu faco para ir do guarulhos (jardim paraiso) para sao paulo?
GUARULHOS (JARDIM PARAISO),SAO PAULO (METRO PENHA),como eu faco para ir do guarulhos (jardim paraiso) em sao paulo?
GUARULHOS (JARDIM PARAISO),SAO PAULO (METRO PENHA),to em guarulhos (jardim paraiso) e quero saber como ir para sao paulo.
GUARULHOS (JARDIM PARAISO),SAO PAULO (METRO PENHA),to em guarulhos (jardim paraiso) e quero ir para sao paulo.
GUARULHOS (JARDIM PARAISO),SAO PAULO (METRO PENHA),como eu vou do guarulhos para sao paulo?
GUARULHOS (VILA ANY),SAO PAULO (ESTACAO CPTM SAO MIGUEL PAULISTA),como eu faco para ir de guarulhos (vila any) para sao paulo (estacao cptm sao miguel paulista)?
GUARULHOS (VILA ANY),SAO PAULO (ESTACAO CPTM SAO MIGUEL PAULISTA),to na vila any em guarulhos e quero saber como ir para sao paulo.
GUARULHOS (VILA ANY),SAO PAULO (ESTACAO CPTM SAO MIGUEL PAULISTA),to na vila any da vila any e quero saber como ir para sao paulo.
GUARULHOS (VILA ANY),SAO PAULO (METRO BRAS),to em vila any e quero ir para sao paulo.
GUARULHOS (VILA ANY),SAO PAULO (METRO BRAS),como eu faco pra ir de guarulhos (vila any) para sao paulo no metro?
GUARULHOS (VILA ANY),SAO PAULO (METRO BRAS),como eu vou de vila any para sao paulo pelo metro?
ARUJA (MIRANTE),GUARULHOS (JARDIM SANTA MENA),como eu chego do arju para o jardim santa maria?
ARUJA (MIRANTE),GUARULHOS (JARDIM SANTA MENA),to em arju e quero saber como ir para guarulhos.
ARUJA (MIRANTE),GUARULHOS (JARDIM SANTA MENA),to em aruja e quero saber como ir para guarulhos.
INDAIATUBA (TERMINAL RODOVIARIO VEREADOR MAURILIO GONCALVES PINTO),CAMPINAS (TERMINAL METROPOLITANO MAGALHAES TEIXEIRA),como eu faco pra chegar em campinas a partir de indaiatuba?
INDAIATUBA (TERMINAL RODOVIARIO VEREADOR MAURILIO GONCALVES PINTO),CAMPINAS (TERMINAL METROPOLITANO MAGALHAES TEIXEIRA),como eu vou do terminal rodoviario vereador maurilio goncalves pinto para as cidades de campinas?
INDAIATUBA (TERMINAL RODOVIARIO VEREADOR MAURILIO GONCALVES PINTO),CAMPINAS (TERMINAL METROPOLITANO MAGALHAES TEIXEIRA),como eu faco pra chegar em campinas a partir de indaiatuba?
INDAIATUBA (TERMINAL RODOVIARIO VEREADOR MAURILIO GONCALVES PINTO),CAMPINAS (TERMINAL METROPOLITANO MAGALHAES TEIXEIRA),to em indaiatuba e quero saber como ir para a campinas.
INDAIATUBA (TERMINAL RODOVIARIO VEREADOR MAURILIO GONCALVES PINTO),CAMPINAS (TERMINAL METROPOLITANO MAGALHAES TEIXEIRA),como eu faco pra chegar em campinas a partir de indaiatuba?
INDAIATUBA (TERMINAL RODOVIARIO VEREADOR MAURILIO GONCALVES PINTO),CAMPINAS (TERMINAL METROPOLITANO MAGALHAES TEIXEIRA),como eu faco pra ir do terminal rodoviario vereador maurilio goncalves pinto pra campinas?
PAULINIA (PAULINIA RODOVIARIA SHOPPING),CAMPINAS (TERMINAL METROPOLITANO PREFEITO MAGALHAES TEIXEIRA),como eu vou da paulinia rodoviaria shopping para o terminal metropolitano prefeito magalhaes teixeira?
PAULINIA (PAULINIA RODOVIARIA SHOPPING),CAMPINAS (TERMINAL METROPOLITANO PREFEITO MAGALHAES TEIXEIRA),como eu chego do paulinia rodoviaria shopping ate o terminal metropolitano prefeito magalhaes teixeira?
PAULINIA (PAULINIA RODOVIARIA SHOPPING),CAMPINAS (TERMINAL METROPOLITANO PREFEITO MAGALHAES TEIXEIRA),to em paulinia rodoviaria shopping e quero saber como ir para o terminal metropolitano prefetura magalhaes teixeira.
PAULINIA (PAULINIA RODOVIARIA SHOPPING),CAMPINAS (TERMINAL METROPOLITANO PREFEITO MAGALHAES TEIXEIRA),to em paulinia rodoviaria shopping e quero saber como ir para o terminal metropolitano do prefeito magalhaes teixeira.
PAULINIA (PAULINIA RODOVIARIA SHOPPING),CAMPINAS (TERMINAL METROPOLITANO PREFEITO MAGALHAES TEIXEIRA),to em paulinia rodoviaria shopping e quero ir para o terminal metropolitano do prefeito magalhaes teixeira.
PAULINIA (PAULINIA RODOVIARIA SHOPPING),CAMPINAS (TERMINAL METROPOLITANO PREFEITO MAGALHAES TEIXEIRA),to em paulinia rodoviaria shopping e quero saber como ir pra campinas.
PAULINIA (PAULINIA RODOVIARIA SHOPPING),CAMPINAS (SHOPPING PARQUE DOM PEDRO I),to em paulinia rodoviaria shopping e quero saber como ir para campinas.
PAULINIA (PAULINIA RODOVIARIA SHOPPING),CAMPINAS (SHOPPING PARQUE DOM PEDRO I),to na paulinia rodoviaria shopping e quero saber como ir pra campinas.
PAULINIA (PAULINIA RODOVIARIA SHOPPING),CAMPINAS (SHOPPING PARQUE DOM PEDRO I),to em paulinia rodoviaria shopping e quero saber como chegar em campinas.
PAULINIA (PAULINIA RODOVIARIA SHOPPING),CAMPINAS (TERMINAL METROPOLITANO PREFEITO MAGALHAES TEIXEIRA),como eu chego do paulinia rodoviaria shopping ate o terminal metropolitano presidente teixeira?
PAULINIA (PAULINIA RODOVIARIA SHOPPING),CAMPINAS (TERMINAL METROPOLITANO PREFEITO MAGALHAES TEIXEIRA),to em paulinia rodoviaria shopping e quero saber como chegar no terminal metropolitano do prefeito magalhaes teixeira.
PAULINIA (PAULINIA RODOVIARIA SHOPPING),CAMPINAS (TERMINAL METROPOLITANO PREFEITO MAGALHAES TEIXEIRA),to em paulinia rodoviaria shopping e quero saber como ir para o terminal metropolitano do prefeito magalhaes teixeira.
COSMOPOLIS (TERMINAL RODOVIARIO DE COSMOPOLIS),CAMPINAS (TERMINAL METROPOLITANO PREFEITO MAGALHAES TEIXEIRA),como eu vou do terminal rodoviario de cosmopolis para a campinas?
COSMOPOLIS (TERMINAL RODOVIARIO DE COSMOPOLIS),CAMPINAS (TERMINAL METROPOLITANO PREFEITO MAGALHAES TEIXEIRA),como eu faco pra ir do terminal rodoviario de cosmopolis pra campinas?
COSMOPOLIS (TERMINAL RODOVIARIO DE COSMOPOLIS),CAMPINAS (TERMINAL METROPOLITANO PREFEITO MAGALHAES TEIXEIRA),como eu vou do terminal rodoviario de cosmopolis para a campinas?
COSMOPOLIS (TERMINAL RODOVIARIO DE COSMOPOLIS),CAMPINAS (TERMINAL METROPOLITANO PREFEITO MAGALHAES TEIXEIRA),como eu vou do terminal rodoviario de cosmopolis para a campinas?
COSMOPOLIS (TERMINAL RODOVIARIO DE COSMOPOLIS),CAMPINAS (TERMINAL METROPOLITANO PREFEITO MAGALHAES TEIXEIRA),como eu vou do terminal rodoviario de cosmopolis para a campinas?
COSMOPOLIS (TERMINAL RODOVIARIO DE COSMOPOLIS),CAMPINAS (TERMINAL METROPOLITANO PREFEITO MAGALHAES TEIXEIRA),como eu vou do terminal rodoviario de cosmopolis para a pampas?
ARTUR NOGUEIRA (CORACAO CRIANCA),CAMPINAS (TERMINAL METROPOLITANO PREFEITO MAGALHAES TEIXEIRA),como eu faco para ir do artur nogueira (coracao crianca) para o terminal metropolitano prefeito magalhaes teixeira em campinas?
ARTUR NOGUEIRA (CORACAO CRIANCA),CAMPINAS (TERMINAL METROPOLITANO PREFEITO MAGALHAES TEIXEIRA),como eu vou do artur nogueira para o terminal metropolitano do prefeito magalhaes teixeira em campinas?
ARTUR NOGUEIRA (CORACAO CRIANCA),CAMPINAS (TERMINAL METROPOLITANO PREFEITO MAGALHAES TEIXEIRA),como eu vou do artur nogueira para o terminal metropolitano presidente magalhaes teixeira em campinas?
COSMOPOLIS (TERMINAL RODOVIARIO DE COSMOPOLIS),CAMPINAS (SHOPPING PARQUE DOM PEDRO I),como eu faco pra ir do terminal rodoviario de cosmopolis pra shopping parque pedro i?
COSMOPOLIS (TERMINAL RODOVIARIO DE COSMOPOLIS),CAMPINAS (SHOPPING PARQUE DOM PEDRO I),como eu vou do terminal rodoviario de cosmopolis para o shopping parque pedro i?
COSMOPOLIS (TERMINAL RODOVIARIO DE COSMOPOLIS),CAMPINAS (SHOPPING PARQUE DOM PEDRO I),como eu faco pra chegar no shopping parque pedro i a partir do terminal rodoviario de cosmopolis?
COSMOPOLIS (VILA FONTANA),ENGENHEIRO COELHO (TERMINAL RODOVIARIO DE ENGENHEIRO COELHO),como eu vou do cosmopolis para o engenheiro coelho?
COSMOPOLIS (VILA FONTANA),ENGENHEIRO COELHO (TERMINAL RODOVIARIO DE ENGENHEIRO COELHO),como eu vou do cosmopolis para o engenheiro coelho?
COSMOPOLIS (VILA FONTANA),ENGENHEIRO COELHO (TERMINAL RODOVIARIO DE ENGENHEIRO COELHO),como eu vou do cosmopolis para o engenheiro coelho?
PAULINIA (PAULINIA RODOVIARIA SHOPPING),COSMOPOLIS (TERMINAL RODOVIARIO DE COSMOPOLIS),to em paulinia rodoviaria shopping e quero saber como ir para o terminal rodoviario de cosmopolis.
PAULINIA (PAULINIA RODOVIARIA SHOPPING),COSMOPOLIS (TERMINAL RODOVIARIO DE COSMOPOLIS),to em paulinia rodoviaria shopping e quero saber como ir para cosmopolis.
PAULINIA (PAULINIA RODOVIARIA SHOPPING),COSMOPOLIS (TERMINAL RODOVIARIO DE COSMOPOLIS),to em paulinia rodoviaria shopping e quero ir para cosmopolis.
BOITUVA (CENTRO),SOROCABA (CENTRO),como eu vou do boituva (centro) para sorocaba?
BOITUVA (CENTRO),SOROCABA (CENTRO),como eu chego de boituva (centro) para sorocaba?
BOITUVA (CENTRO),SOROCABA (CENTRO),to no boituva e quero saber como ir pra sorocaba.
CAPELA DO ALTO (JARDIM NOVA CAPELA),IPERO (CENTRO),como eu vou do jardim nova capela para o iepero?
CAPELA DO ALTO (JARDIM NOVA CAPELA),IPERO (CENTRO),como eu vou do jardim nova capela para o iepero?
CAPELA DO ALTO (JARDIM NOVA CAPELA),IPERO (CENTRO),como eu vou do jardim nova capela para o ipero?
SARAPUI (CENTRO),SOROCABA (CENTRO),to em sarapu e quero saber como ir do centro para sorocaba.
SARAPUI (CENTRO),SOROCABA (CENTRO),como eu vou do sarapui ate o sorocaba?
SARAPUI (CENTRO),SOROCABA (CENTRO),to em sarapui e quero saber como ir pra sorocaba.
SARAPUI (CENTRO),SOROCABA (CENTRO),como eu vou do sarapui para o sorocaba?
SARAPUI (CENTRO),SOROCABA (CENTRO),como eu vou do sarapui para o sorocaba?
SARAPUI (CENTRO),SOROCABA (CENTRO),to aqui em sarapui e quero saber como ir para sorocaba.
SARAPUI (CENTRO),SOROCABA (UNISO - UNIP - FACENS),como eu chego de sarapui para sorocaba?
SARAPUI (CENTRO),SOROCABA (UNISO - UNIP - FACENS),como eu chego do sarapui para a uniso-unip?
SARAPUI (CENTRO),SOROCABA (UNISO - UNIP - FACENS),como eu vou do sarapui para o sorocaba?
TIETE (CENTRO),CERQUILHO (JARDIM NOVA CERQUILHO),to no tiete (centro) e quero saber como ir para o cerquilho.
TIETE (CENTRO),CERQUILHO (JARDIM NOVA CERQUILHO),to no tiete (centro) e quero saber como ir para o cerquilho.
TIETE (CENTRO),CERQUILHO (JARDIM NOVA CERQUILHO),como eu vou do tiete (centro) para o cerquilho (jardim nova cerquilho)?
TIETE (CENTRO),CERQUILHO (JARDIM NOVA CERQUILHO),to em tiete (centro) e queria saber como ir para cerquilio.
TIETE (CENTRO),CERQUILHO (JARDIM NOVA CERQUILHO),como eu chego do tiete (centro) ate o cerquilho (jardim nova cerquilho)?
TIETE (CENTRO),CERQUILHO (JARDIM NOVA CERQUILHO),to em tiete (centro) e preciso ir para o cerquilho (jardim nova cerquilho).
TATUI (CENTRO),SOROCABA (CENTRO),como eu faco pra ir do tatui para o sorocaba?
TATUI (CENTRO),SOROCABA (CENTRO),como eu chego do tatui (centro) ate o sorocaba?
TATUI (CENTRO),SOROCABA (CENTRO),to aqui no tatui (centro) e preciso saber como chegar no sorocaba.
TATUI (CENTRO),SOROCABA (FACENS),como eu faco pra ir do tatui ate o sorocaba?
TATUI (CENTRO),SOROCABA (FACENS),como eu vou do tatui para o sorocaba?
TATUI (CENTRO),SOROCABA (FACENS),como eu vou do tatui para o sorocaba?
TATUI (CENTRO),SOROCABA (UNIP),como eu faco pra ir do tatui (centro) ate o sorocaba da unip?
TATUI (CENTRO),SOROCABA (UNIP),como eu vou do tatui (centro) para o sorocaba?
TATUI (CENTRO),SOROCABA (UNIP),como eu vou do tatui (centro) para o sorocaba?
TATUI (CENTRO),SOROCABA (UNIP),como eu vou do tatui (centro) para o sorocaba?
TATUI (CENTRO),SOROCABA (UNIP),como eu vou do tatui (centro) para sorocaba?
TATUI (CENTRO),SOROCABA (UNIP),como eu vou do tatui (centro) para o sorocaba?
CAPELA DO ALTO (CENTRO),TATUI (JARDIM AEROPORTO),como eu vou da capela do alto para o tatui?
CAPELA DO ALTO (CENTRO),TATUI (JARDIM AEROPORTO),como eu vou da capela do alto ate o tatui?
CAPELA DO ALTO (CENTRO),TATUI (JARDIM AEROPORTO),como eu vou da capela do alto para o tatui?
TATUI (CENTRO),ARACOIABA DA SERRA (CENTRO),como eu vou do tatui ate aracoiaba da serra?
TATUI (CENTRO),ARACOIABA DA SERRA (CENTRO),como eu vou do tatui para aracoiaba da serra?
TATUI (CENTRO),ARACOIABA DA SERRA (CENTRO),como eu vou do tatui ate aracoiaba da serra?
CESARIO LANGE (HARAS DO SUL),TIETE (CENTRO),como eu faco pra ir de cesario lange (haras do sul) para tiete?
CESARIO LANGE (HARAS DO SUL),TIETE (CENTRO),como eu faco para ir de cesario lange (haras do sul) para tiete?
CESARIO LANGE (HARAS DO SUL),TIETE (CENTRO),como eu chego de cesario lange (haras do sul) a tiete?
TATUI (CENTRO),SOROCABA (CENTRO),como eu saio do tatui (centro) e chego no sorocaba?
TATUI (CENTRO),SOROCABA (CENTRO),como eu vou do tatui para o sorocaba?
TATUI (CENTRO),SOROCABA (CENTRO),como eu vou do tatui para o sorocaba?
TATUI (CENTRO),SOROCABA (CENTRO),to no tatui e quero saber como chegar no sorocaba.
TATUI (CENTRO),SOROCABA (CENTRO),como eu vou do tatui para o sorocaba?
TATUI (CENTRO),SOROCABA (CENTRO),como eu faco pra ir do tatui (centro) pra sorocaba?
ITAPETININGA (TERMINAL RODOVIARIO DE ITAPETININGA),SOROCABA (TERMINAL RODOVIARIO DE SOROCABA),como eu chego do terminal rodoviario de itapetininga para o terminal rodoviario de sorocaba?
ITAPETININGA (TERMINAL RODOVIARIO DE ITAPETININGA),SOROCABA (TERMINAL RODOVIARIO DE SOROCABA),como eu faco pra ir do itapetininga pra sorocaba?
ITAPETININGA (TERMINAL RODOVIARIO DE ITAPETININGA),SOROCABA (TERMINAL RODOVIARIO DE SOROCABA),como eu chego do terminal rodoviario de itapetinga para o terminal rodoviario de sorocaba?
ITAPETININGA (TERMINAL RODOVIARIO DE ITAPETININGA),SOROCABA (TERMINAL RODOVIARIO DE SOROCABA),como eu vou do terminal rodoviario de itaperneita para o terminal rodoviario de sorocaba?
ITAPETININGA (TERMINAL RODOVIARIO DE ITAPETININGA),SOROCABA (TERMINAL RODOVIARIO DE SOROCABA),como eu chego do terminal rodoviario de itapetininga para o terminal rodoviario de sorocaba?
ITAPETININGA (TERMINAL RODOVIARIO DE ITAPETININGA),SOROCABA (TERMINAL RODOVIARIO DE SOROCABA),como eu chego do terminal rodoviario de itapetininga ate o terminal rodoviario de sorocaba?
ITAPETININGA (TERMINAL RODOVIARIO DE ITAPETININGA),TATUI (TERMINAL RODOVIARIO DE TATUI),como eu chego do terminal rodoviario de itapetininga ate o tatui?
ITAPETININGA (TERMINAL RODOVIARIO DE ITAPETININGA),TATUI (TERMINAL RODOVIARIO DE TATUI),como eu chego do terminal rodoviario de itapetinga ate o terminal rodoviario de tatui?
ITAPETININGA (TERMINAL RODOVIARIO DE ITAPETININGA),TATUI (TERMINAL RODOVIARIO DE TATUI),como eu chego do terminal rodoviario de itapetita para o terminal rodoviario de tatui?
SARAPUI (CENTRO),ITAPETININGA (CENTRO),como eu chego de sarapui ate itapetininga?
SARAPUI (CENTRO),ITAPETININGA (CENTRO),como eu faco para ir do sarapui (centro) para itapetininga?
SARAPUI (CENTRO),ITAPETININGA (CENTRO),to na sarapu (centro) e preciso saber como ir para itapetininga.
JAGUARIUNA (JOAO NASSIF),CAMPINAS (TERMINAL METROPOLITANO PREFEITO MAGALHAES TEIXEIRA),to na jaguariuna e quero saber como chegar na campinas.
JAGUARIUNA (JOAO NASSIF),CAMPINAS (TERMINAL METROPOLITANO PREFEITO MAGALHAES TEIXEIRA),to em jaguariuna (joao nassif) e quero saber como ir para a campinas.
JAGUARIUNA (JOAO NASSIF),CAMPINAS (TERMINAL METROPOLITANO PREFEITO MAGALHAES TEIXEIRA),como eu vou do jaguariuna para o terminal metropolitano prefeito magalhaes teixeira?
JAGUARIUNA (JOAO NASSIF),CAMPINAS (TERMINAL METROPOLITANO PREFEITO MAGALHAES TEIXEIRA),to na jaguariuna e quero saber como chegar na campina.
JAGUARIUNA (JOAO NASSIF),CAMPINAS (TERMINAL METROPOLITANO PREFEITO MAGALHAES TEIXEIRA),to em jaguariuna (joao nassif) e quero saber como ir para a campina?
JAGUARIUNA (JOAO NASSIF),CAMPINAS (TERMINAL METROPOLITANO PREFEITO MAGALHAES TEIXEIRA),to em jaguariuna (joao nassif) e quero saber como ir para a campina.
ITATIBA (TERMINAL RODOVIARIO ELIAS BAPTISTA ALVES),CAMPINAS (TERMINAL MULTIMODAL RAMOS AZEVEDO),como eu faco pra ir do itatiba ate a campinas?
ITATIBA (TERMINAL RODOVIARIO ELIAS BAPTISTA ALVES),CAMPINAS (TERMINAL MULTIMODAL RAMOS AZEVEDO),to no itatiba e quero saber como ir para as campinas.
ITATIBA (TERMINAL RODOVIARIO ELIAS BAPTISTA ALVES),CAMPINAS (TERMINAL MULTIMODAL RAMOS AZEVEDO),to no itatiba e quero saber como ir pra campinas.
ITATIBA (TERMINAL RODOVIARIO ELIAS BAPTISTA ALVES),CAMPINAS (TERMINAL MULTIMODAL RAMOS DE AZEVEDO),como eu faco para ir do itatiba ate a campinas?
ITATIBA (TERMINAL RODOVIARIO ELIAS BAPTISTA ALVES),CAMPINAS (TERMINAL MULTIMODAL RAMOS DE AZEVEDO),como eu vou de itatiba para campinas?
ITATIBA (TERMINAL RODOVIARIO ELIAS BAPTISTA ALVES),CAMPINAS (TERMINAL MULTIMODAL RAMOS DE AZEVEDO),como eu vou do itatiba para a campinas?
PEDREIRA (JARDIM ANDRADE),CAMPINAS (TERMINAL METROPOLITANO PREFEITO MAGALHAES TEIXEIRA),"como eu faco pra ir do pedreira (jardim andrade) pra campinas, no terminal metropolitano prefectura teixeira?"
PEDREIRA (JARDIM ANDRADE),CAMPINAS (TERMINAL METROPOLITANO PREFEITO MAGALHAES TEIXEIRA),to na pedreira (jardim andrade) e quero saber como pegar no terminal metropolitano do pedreira.
PEDREIRA (JARDIM ANDRADE),CAMPINAS (TERMINAL METROPOLITANO PREFEITO MAGALHAES TEIXEIRA),to em pedreira (jardim andrade) e quero ir para a campinas.
JAGUARIUNA (CENTRO),HOLAMBRA (CENTRO),como eu vou do jaguariuna para o holambra?
JAGUARIUNA (CENTRO),HOLAMBRA (CENTRO),como eu chego do jaguariuna (centro) ate holambra (centro)?
JAGUARIUNA (CENTRO),HOLAMBRA (CENTRO),como eu vou do jaguariuna para holambra?
JAGUARIUNA (CENTRO),HOLAMBRA (CENTRO),como eu vou do jaguariuna para holambra?
JAGUARIUNA (CENTRO),HOLAMBRA (CENTRO),como eu vou do jaguariuna para holambra?
JAGUARIUNA (CENTRO),HOLAMBRA (CENTRO),como eu vou do jaguariuna para o holambra?
JAGUARIUNA (VILA SAO JOSE),HOLAMBRA (CENTRO),to em jaguariuna (vila sao jose) e quero saber como ir para holambra (centro).
JAGUARIUNA (VILA SAO JOSE),HOLAMBRA (CENTRO),to na jaguariuna (vila sao jose) e preciso ir para holambra (centro).
JAGUARIUNA (VILA SAO JOSE),HOLAMBRA (CENTRO),to na jaguariuna (vila sao jose) e quero saber como ir para holambra (centro).
SANTO ANTONIO DE POSSE (JARDIM SAO JUDAS),CAMPINAS (TERMINAL METROPOLITANO PREFEITO MAGALHAES TEIXEIRA),to em santo antonio de posse e quero saber como ir pra campinas.
SANTO ANTONIO DE POSSE (JARDIM SAO JUDAS),CAMPINAS (TERMINAL METROPOLITANO PREFEITO MAGALHAES TEIXEIRA),como eu vou do santo antonio de posse ate o terminal metropolitano presidente magalhaes teixeira?
SANTO ANTONIO DE POSSE (JARDIM SAO JUDAS),CAMPINAS (TERMINAL METROPOLITANO PREFEITO MAGALHAES TEIXEIRA),como eu vou do santo antonio de posse para o terminal metropolitano presidente magalhaes teixeira?
AMERICANA (TERMINAL RODOVIARIO FRANCISCO LUIZ BENDILATTI),SANTA BARBARA D OESTE (CIDADE NOVA),como eu vou da americana (terminal rodoviario francisco luiz bendilatti) para santa barbara d oeste?
AMERICANA (TERMINAL RODOVIARIO FRANCISCO LUIZ BENDILATTI),SANTA BARBARA D OESTE (CIDADE NOVA),como eu vou da americana (terminal rodoviario francisco luiz bendilatti) para santa barbara d oeste?
AMERICANA (TERMINAL RODOVIARIO FRANCISCO LUIZ BENDILATTI),SANTA BARBARA D OESTE (CIDADE NOVA),como eu faco para ir da americana (terminal rodoviario francisco luiz bendilatti) para santa barbara d oeste?
AMERICANA (TERMINAL METROPOLITANO DE AMERICANA),SANTA BARBARA D OESTE (CIDADE NOVA),como eu faco para ir da americana de americas pra santa barbara d oeste?
AMERICANA (TERMINAL METROPOLITANO DE AMERICANA),SANTA BARBARA D OESTE (CIDADE NOVA),to na americana e quero saber como pegar na santa barbara d'este.
AMERICANA (TERMINAL METROPOLITANO DE AMERICANA),SANTA BARBARA D OESTE (CIDADE NOVA),to na americana e quero saber como ir para santa barbara d oeste.
AMERICANA (TERMINAL RODOVIARIO FRANCISCO LUIZ BENDILATTI),SANTA BARBARA D OESTE (JARDIM MOLLON),como eu vou da americana (terminal rodoviario francisco luiz bendilatti) para santa barbara d oeste?
AMERICANA (TERMINAL RODOVIARIO FRANCISCO LUIZ BENDILATTI),SANTA BARBARA D OESTE (JARDIM MOLLON),como eu chego da americana (terminal rodoviario francisco luiz bendilatti) ate santa barbara d oeste?
AMERICANA (TERMINAL RODOVIARIO FRANCISCO LUIZ BENDILATTI),SANTA BARBARA D OESTE (JARDIM MOLLON),como eu vou da americana (terminal rodoviario francisco luiz bendilatti) para santa barbara d oeste?
PORTO FELIZ (CENTRO),SOROCABA (CENTRO),to em porto feliz e preciso saber como ir para sorocaba.
PORTO FELIZ (CENTRO),SOROCABA (CENTRO),to em porto feliz e quero saber como ir para sorocaba.
PORTO FELIZ (CENTRO),SOROCABA (CENTRO),to no porto feliz e quero saber como ir para sorocaba.
SALTO (CENTRO),ITU (CENTRO),como eu vou do salto (centro) para o itu?
SALTO (CENTRO),ITU (CENTRO),como eu faco para ir do salto (centro) para o itu?
SALTO (CENTRO),ITU (CENTRO),como eu faco para ir do salto (centro) para o itu?
SALTO (CENTRO),ITU (CENTRO),como eu vou do salto (centro) para o itu?
SALTO (CENTRO),ITU (CENTRO),como eu faco para ir do salto (centro) para o itu?
SALTO (CENTRO),ITU (CENTRO),como eu vou do salto (centro) para o itu?
SALTO (AVENIDA DOS TRABALHADORES),ITU (CENTRO),como eu vou do salto (avenida dos trabalhadores) para o itu?
SALTO (AVENIDA DOS TRABALHADORES),ITU (CENTRO),como eu vou do salto (avenida dos trabalhadores) para o itu?
SALTO (AVENIDA DOS TRABALHADORES),ITU (CENTRO),como eu vou do salto (avenida dos trabalhadores) para o itu?
SALTO (CENTRO),SOROCABA (CENTRO),como eu faco pra ir do salto (centro) pra sorocaba?
SALTO (CENTRO),SOROCABA (CENTRO),como eu vou do salto (centro) para sorocaba?
SALTO (CENTRO),SOROCABA (CENTRO),to no salto e quero ir pra sorocaba.
ITU (CENTRO),SOROCABA (CENTRO),como eu vou do itu para o sorocaba?
ITU (CENTRO),SOROCABA (CENTRO),como eu faco para ir do itu para o sorocaba?
ITU (CENTRO),SOROCABA (CENTRO),como eu faco para ir do itu para o sorocaba?
AMERICANA (TERMINAL METROPOLITANO DE AMERICANA),SANTA BARBARA D OESTE (JARDIM MOLLON),como eu vou da americana de volta para a santa barbara d'estee?
AMERICANA (TERMINAL METROPOLITANO DE AMERICANA),SANTA BARBARA D OESTE (JARDIM MOLLON),to na americana e quero saber como ir para santa barbara d'est.
AMERICANA (TERMINAL METROPOLITANO DE AMERICANA),SANTA BARBARA D OESTE (JARDIM MOLLON),como eu vou da americana de volta para a santa barbara d'este?
AMERICANA (TERMINAL RODOVIARIO FRANCISCO LUIZ BENDILATTI),SANTA BARBARA D OESTE (CONJ. HAB. ROBERTO ROMANO),como eu saio da americana (terminal rodoviario francisco luiz bendilatti) e chego na santa barbara d oeste?
AMERICANA (TERMINAL RODOVIARIO FRANCISCO LUIZ BENDILATTI),SANTA BARBARA D OESTE (CONJ. HAB. ROBERTO ROMANO),como eu chego da americana (terminal rodoviario francisco luiza bendilatti ate santa barbara d oeste?)
AMERICANA (TERMINAL RODOVIARIO FRANCISCO LUIZ BENDILATTI),SANTA BARBARA D OESTE (CONJ. HAB. ROBERTO ROMANO),como eu vou da americana (terminal rodoviario francisco luios bendilatti) para santa barbara d oeste?
IBIUNA (CENTRO),SOROCABA (TERMINAL RODOVIARIO DE SOROCABA),to em ibiuna e quero saber como ir para sorocaba.
IBIUNA (CENTRO),SOROCABA (TERMINAL RODOVIARIO DE SOROCABA),to em ibiuna e quero saber como ir para o sorocaba.
IBIUNA (CENTRO),SOROCABA (TERMINAL RODOVIARIO DE SOROCABA),to em ibiuna e quero saber como chegar em sorocaba.
IBIUNA (CENTRO),PIEDADE (CENTRO),como eu vou de ibiuna para piedesa?
IBIUNA (CENTRO),PIEDADE (CENTRO),como eu chego de ibiuna para piedesa?
IBIUNA (CENTRO),PIEDADE (CENTRO),como eu faco para ir de ibiuna para piedesa?
BOITUVA (CENTRO),TATUI (CENTRO),como eu vou do boituva (centro) para o tatui?
BOITUVA (CENTRO),TATUI (CENTRO),como eu vou do boituva (centro) para o tatui?
BOITUVA (CENTRO),TATUI (CENTRO),como eu vou do boituva (centro) para o tatui?
PORTO FELIZ (CENTRO),BOITUVA (CENTRO),to aqui em porto feliz e queria saber como ir do centro pra boituva.
PORTO FELIZ (CENTRO),BOITUVA (CENTRO),to em porto feliz e quero saber como ir para o boituva.
PORTO FELIZ (CENTRO),BOITUVA (CENTRO),to no porto feliz e quero saber como chegar no boituva.
TATUI (CENTRO),BOITUVA (FACULDADE IFSP),como eu chego do tatui em boituva?
TATUI (CENTRO),BOITUVA (FACULDADE IFSP),como eu vou do tatui ate o boituva?
TATUI (CENTRO),BOITUVA (FACULDADE IFSP),como eu vou do tatui ate o boituva?
MAIRINQUE (JARDIM CRUZEIRO),SAO ROQUE (TERMINAL INTERMUNICIPAL ALCIDES DE SOUZA),como eu chego do jardim cruzeiro em mairinque ate o terminal internacional alcidas de souza?
MAIRINQUE (JARDIM CRUZEIRO),SAO ROQUE (TERMINAL INTERMUNICIPAL ALCIDES DE SOUZA),como eu chego do jardim cruzeiro ate o terminal internacional alcidas souza?
MAIRINQUE (JARDIM CRUZEIRO),SAO ROQUE (TERMINAL INTERMUNICIPAL ALCIDES DE SOUZA),como eu vou do jardim cruzeiro para o terminal internacional alcedo de souza?
MAIRINQUE (JARDIM CRUZEIRO),SAO ROQUE (JARDIM VILLACA),como eu faco pra ir de mairinque (jardim cruzeiro) para sao rocha (jardim villaca)?
MAIRINQUE (JARDIM CRUZEIRO),SAO ROQUE (JARDIM VILLACA),to em mairinque (jardim cruzeiro) e quero saber como ir para sao roque (jardim villaca).
MAIRINQUE (JARDIM CRUZEIRO),SAO ROQUE (JARDIM VILLACA),como eu vou do jardim cruzeiro para sao roque?
MAIRINQUE (JARDIM CRUZEIRO),SAO ROQUE (CATARINA FASHION OUTLET),como eu vou do jardim cruzeiro em mairinque para o saaro roque?
MAIRINQUE (JARDIM CRUZEIRO),SAO ROQUE (CATARINA FASHION OUTLET),como eu vou do jardim cruzeiro em mairinque ate o sao rocha?
MAIRINQUE (JARDIM CRUZEIRO),SAO ROQUE (CATARINA FASHION OUTLET),como eu vou do jardim cruzeiro para sao roque?
SAO ROQUE (TERMINAL INTERMUNICIPAL ALCIDES DE SOUZA),IBIUNA (CENTRO),como eu vou do terminal internacional alcidas souza ate ibiuna?
SAO ROQUE (TERMINAL INTERMUNICIPAL ALCIDES DE SOUZA),IBIUNA (CENTRO),como eu faco para ir do terminal intermunicipal alcidas souza em ibiuna?
SAO ROQUE (TERMINAL INTERMUNICIPAL ALCIDES DE SOUZA),IBIUNA (CENTRO),como eu vou do terminal intermunicipal alcidas souza a ibiuna?
SAO ROQUE (TERMINAL INTERMUNICIPAL ALCIDES DE SOUZA),ALUMINIO (BAIRRO PEDAGIO),como eu vou do terminal intermunicipal alcidas souza em sao roque para aluminio?
SAO ROQUE (TERMINAL INTERMUNICIPAL ALCIDES DE SOUZA),ALUMINIO (BAIRRO PEDAGIO),como eu faco para ir do terminal intermunicipal alcidas de souza para o bairro pedagio?
SAO ROQUE (TERMINAL INTERMUNICIPAL ALCIDES DE SOUZA),ALUMINIO (BAIRRO PEDAGIO),como eu vou do terminal internacional de aloe de souza para o bairro pedagio?
AMERICANA (TERMINAL METROPOLITANO DE AMERICANA),SANTA BARBARA D OESTE (RODOTERMINAL DE STA BARBARA D OESTE),como eu vou da americana de volta a santa barbara d oeste?
AMERICANA (TERMINAL METROPOLITANO DE AMERICANA),SANTA BARBARA D OESTE (RODOTERMINAL DE STA BARBARA D OESTE),como eu faco para ir da americana de americas para a santa barbara d'este?
AMERICANA (TERMINAL METROPOLITANO DE AMERICANA),SANTA BARBARA D OESTE (RODOTERMINAL DE STA BARBARA D OESTE),como eu vou da americana de volta para a santa barbara d'este?
ALUMINIO (BAIRRO PEDAGIO),SAO ROQUE (CATARINA FASHION OUTLET),"como eu faco pra chegar em sao roque a partir de aluminio, pedagio?"
ALUMINIO (BAIRRO PEDAGIO),SAO ROQUE (CATARINA FASHION OUTLET),"to aqui em aluminio, pedagio e quero saber como ir para sao roque."
ALUMINIO (BAIRRO PEDAGIO),SAO ROQUE (CATARINA FASHION OUTLET),como eu vou do pedagio para sao rocha?
SAO ROQUE (CENTRO),SAO ROQUE (CATARINA FASHION OUTLET),como eu vou do sao roque para o sao roque?
SAO ROQUE (CENTRO),SAO ROQUE (CATARINA FASHION OUTLET),como eu vou do sao roque para o sao roque?
SAO ROQUE (CENTRO),SAO ROQUE (CATARINA FASHION OUTLET),to no sao roque e quero saber como ir para o sao rocha.
PORTO FELIZ (CENTRO),ITU (CENTRO),como eu vou do porto feliz (centro) para o itu?
PORTO FELIZ (CENTRO),ITU (CENTRO),como eu faco para ir do porto feliz (centro) para o itu?
PORTO FELIZ (CENTRO),ITU (CENTRO),como eu faco para ir do porto feliz (centro) para o itu?
PORTO FELIZ (JARDIM VANTE),ITU (CENTRO),to em porto feliz e quero saber como ir para o itu.
PORTO FELIZ (JARDIM VANTE),ITU (CENTRO),como eu faco pra ir do porto feliz (jardim vante) para o itu?
PORTO FELIZ (JARDIM VANTE),ITU (CENTRO),to em porto feliz e quero saber como ir para o itu.
PORTO FELIZ (VILA POPULAR),ITU (CENTRO),como eu faco para ir do porto feliz (vila popular) para o itu?
PORTO FELIZ (VILA POPULAR),ITU (CENTRO),como eu chego do porto feliz (vila popular) para o itu?
PORTO FELIZ (VILA POPULAR),ITU (CENTRO),como eu vou do porto feliz vila popular para o itu?
IBIUNA (CENTRO),PIEDADE (CENTRO),como eu chego de ibiuna para a piedesa?
IBIUNA (CENTRO),PIEDADE (CENTRO),como eu faco para ir de ibiuna pra piedesa?
IBIUNA (CENTRO),PIEDADE (CENTRO),como eu chego de ibiuna para a piedesa?
MAIRINQUE (CENTRO),SOROCABA (CENTRO),to na mairinque e quero saber como ir para o sorocaba.
MAIRINQUE (CENTRO),SOROCABA (CENTRO),to em mairinque e quero saber como ir pro sorocaba.
MAIRINQUE (CENTRO),SOROCABA (CENTRO),to na mairinque e quero saber como ir para sorocaba.
SAO ROQUE (CENTRO),SOROCABA (CENTRO),to em sao roque e quero saber como ir para sorocaba.
SAO ROQUE (CENTRO),SOROCABA (CENTRO),como eu faco pra ir do sao roke pro sorocaba?
SAO ROQUE (CENTRO),SOROCABA (CENTRO),como eu faco pra ir do sao roque pro centro?
ALUMINIO (CENTRO),SOROCABA (CENTRO),to aqui no aluminum (centro) e quero saber como ir para sorocaba.
ALUMINIO (CENTRO),SOROCABA (CENTRO),to na alumino (centro) e quero saber como ir pra sorocaba.
ALUMINIO (CENTRO),SOROCABA (CENTRO),to aqui em aluminio e quero saber como ir para sorocaba.
ITU (TERMINAL CIDADE NOVA - PIRAPITINGUI),SAO ROQUE (CATARINA FASHION OUTLET),como eu faco pra ir do itu para sao roque?
ITU (TERMINAL CIDADE NOVA - PIRAPITINGUI),SAO ROQUE (CATARINA FASHION OUTLET),como eu vou do itu para o sao roque?
ITU (TERMINAL CIDADE NOVA - PIRAPITINGUI),SAO ROQUE (CATARINA FASHION OUTLET),como eu vou do itu para o sao roque?
ARACARIGUAMA (CENTRO),ITU (TERMINAL CIDADE NOVA - PIRAPITINGUI),to aqui em aracariguama e quero saber como ir para o itu.
ARACARIGUAMA (CENTRO),ITU (TERMINAL CIDADE NOVA - PIRAPITINGUI),to aqui em aracariguama e preciso ir para o itu.
ARACARIGUAMA (CENTRO),ITU (TERMINAL CIDADE NOVA - PIRAPITINGUI),to aqui em aracariguama (centro) e quero saber como ir para o itu.
ITU (TERMINAL CIDADE NOVA - PIRAPITINGUI),MAIRINQUE (BAIRRO SAO JOSE),como eu faco para ir do itu para o bairro saao jose?
ITU (TERMINAL CIDADE NOVA - PIRAPITINGUI),MAIRINQUE (BAIRRO SAO JOSE),como eu faco pra ir do itu para o bairro sao jose?
ITU (TERMINAL CIDADE NOVA - PIRAPITINGUI),MAIRINQUE (BAIRRO SAO JOSE),como eu vou do itu para o bairro sao jose?
AMERICANA (TERMINAL RODOVIARIO FRANCISCO LUIZ BENDILATTI),SANTA BARBARA D OESTE (RODOTERMINAL DE STA BARBARA D OESTE),como eu vou da americana (terminal rodoviario francisco luios bendilatti ate santa barbara d'este?
AMERICANA (TERMINAL RODOVIARIO FRANCISCO LUIZ BENDILATTI),SANTA BARBARA D OESTE (RODOTERMINAL DE STA BARBARA D OESTE),como eu vou da americana (terminal rodoviario francisco luiz bendilatti) ate santa barbara d oeste?
AMERICANA (TERMINAL RODOVIARIO FRANCISCO LUIZ BENDILATTI),SANTA BARBARA D OESTE (RODOTERMINAL DE STA BARBARA D OESTE),como eu vou da americana (terminal rodoviario francisco luios bendilatti ate a santa barbara d oeste?
AMERICANA (TERMINAL RODOVIARIO FRANCISCO LUIZ BENDILATTI),SANTA BARBARA D OESTE (CIDADE NOVA),como eu chego da americana (terminal rodoviario francisco luiz bendilatti ate santa barbara d oeste?)
AMERICANA (TERMINAL RODOVIARIO FRANCISCO LUIZ BENDILATTI),SANTA BARBARA D OESTE (CIDADE NOVA),como eu vou da americana (terminal rodoviario francisco luiz bendilatti) para santa barbara d oeste?
AMERICANA (TERMINAL RODOVIARIO FRANCISCO LUIZ BENDILATTI),SANTA BARBARA D OESTE (CIDADE NOVA),como eu faco pra ir da americana (terminal rodoviario francisco luiz bendilatti) ate santa barbara d oeste?
AMERICANA (TERMINAL RODOVIARIO FRANCISCO LUIZ BENDILATTI),SANTA BARBARA D OESTE (JARDIM EUROPA),como eu vou da americana (terminal rodoviario francisco luiz bendilatti) ate a santa barbara d oeste?
AMERICANA (TERMINAL RODOVIARIO FRANCISCO LUIZ BENDILATTI),SANTA BARBARA D OESTE (JARDIM EUROPA),como eu chego da americana (terminal rodoviario francisco luiz bendilatti) em santa barbara d oeste?
AMERICANA (TERMINAL RODOVIARIO FRANCISCO LUIZ BENDILATTI),SANTA BARBARA D OESTE (JARDIM EUROPA),como eu faco pra ir do americana (terminal rodoviario francisco luiz bendilatti) ate santa barbara d oeste?
AMERICANA (TERMINAL RODOVIARIO FRANCISCO LUIZ BENDILATTI),SANTA BARBARA D OESTE (JARDIM EUROPA),como eu vou da americana (terminal rodoviario francisco luiz bendilatti) para santa barbara d oeste?
AMERICANA (TERMINAL RODOVIARIO FRANCISCO LUIZ BENDILATTI),SANTA BARBARA D OESTE (JARDIM EUROPA),"como eu faco para ir da americana (terminal rodoviario francisco luicoz bendilatti ate santa barbara d oeste, jardim europa?)"
AMERICANA (TERMINAL RODOVIARIO FRANCISCO LUIZ BENDILATTI),SANTA BARBARA D OESTE (JARDIM EUROPA),como eu vou da americana (terminal rodoviario francisco luiz bendilatti) ate a santa barbara d oeste?
AMERICANA (TERMINAL METROPOLITANO DE AMERICANA),SANTA BARBARA D OESTE (JARDIM EUROPA),como eu faco para ir da americana de americas pra santa barbara d oeste?
AMERICANA (TERMINAL METROPOLITANO DE AMERICANA),SANTA BARBARA D OESTE (JARDIM EUROPA),como eu vou da americana de volta para a santa barbara d'este?
AMERICANA (TERMINAL METROPOLITANO DE AMERICANA),SANTA BARBARA D OESTE (JARDIM EUROPA),como eu chego da americana de sao paulo para a santa barbara d'este?
AMERICANA (TERMINAL METROPOLITANO DE AMERICANA),SANTA BARBARA D OESTE (JARDIM EUROPA),como eu saio da americana de trem e chego na santa barbara d'este?
AMERICANA (TERMINAL METROPOLITANO DE AMERICANA),SANTA BARBARA D OESTE (JARDIM EUROPA),como eu vou da americana de volta para a santa barbara d'este?
AMERICANA (TERMINAL METROPOLITANO DE AMERICANA),SANTA BARBARA D OESTE (JARDIM EUROPA),to na americana e quero saber como ir para santa barbara d'este.
AMERICANA (TERMINAL METROPOLITANO DE AMERICANA),SANTA BARBARA D OESTE (RODOTERMINAL DE STA BARBARA D OESTE),como eu faco para ir da americana de americas pra santa barbara d'este?
AMERICANA (TERMINAL METROPOLITANO DE AMERICANA),SANTA BARBARA D OESTE (RODOTERMINAL DE STA BARBARA D OESTE),como eu faco pra ir da americana de americas para a santa barbara d'este?
AMERICANA (TERMINAL METROPOLITANO DE AMERICANA),SANTA BARBARA D OESTE (RODOTERMINAL DE STA BARBARA D OESTE),como eu faco para ir da americana de americas para a santa barbara d'este?
AMERICANA (TERMINAL RODOVIARIO FRANCISCO LUIZ BENDILATTI),SANTA BARBARA D OESTE (RODOTERMINAL DE STA BARBARA D OESTE),como eu vou da americana (terminal rodoviario francisco luico bendilatti) para santa barbara d'este?
AMERICANA (TERMINAL RODOVIARIO FRANCISCO LUIZ BENDILATTI),SANTA BARBARA D OESTE (RODOTERMINAL DE STA BARBARA D OESTE),como eu vou da americana (terminal rodoviario francisco luios bendilatti ate a santa barbara d'este?)
AMERICANA (TERMINAL RODOVIARIO FRANCISCO LUIZ BENDILATTI),SANTA BARBARA D OESTE (RODOTERMINAL DE STA BARBARA D OESTE),como eu chego da americana (terminal rodoviario francisco luiz bendilatti) ate a santa barbara d oeste?
AMERICANA (TERMINAL METROPOLITANO DE AMERICANA),SANTA BARBARA D OESTE (SAO JOAQUIM),como eu vou da americana de volta para a santa barbara d oeste?
AMERICANA (TERMINAL METROPOLITANO DE AMERICANA),SANTA BARBARA D OESTE (SAO JOAQUIM),como eu chego da americana de americas para santa barbara d oeste?
AMERICANA (TERMINAL METROPOLITANO DE AMERICANA),SANTA BARBARA D OESTE (SAO JOAQUIM),como eu chego da americana de americas para santa barbara deste?
AMERICANA (TERMINAL RODOVIARIO FRANCISCO LUIZ BENDILATTI),SANTA BARBARA D OESTE (SAO JOAQUIM),como eu vou da americana (terminal rodoviario francisco luiz bendilatti para santa barbara d oeste?)
AMERICANA (TERMINAL RODOVIARIO FRANCISCO LUIZ BENDILATTI),SANTA BARBARA D OESTE (SAO JOAQUIM),como eu faco pra ir do americana (terminal rodoviario francisco luiz bendilatti) ate santa barbara d oeste?
AMERICANA (TERMINAL RODOVIARIO FRANCISCO LUIZ BENDILATTI),SANTA BARBARA D OESTE (SAO JOAQUIM),como eu chego da americana (terminal rodoviario francisco luiz bendilatti para santa barbara d oeste?)?
AMERICANA (TERMINAL RODOVIARIO FRANCISCO LUIZ BENDILATTI),SANTA BARBARA D OESTE (SAO JOAQUIM),como eu vou da americana (terminal rodoviario francisco luiz bendilatti para santa barbara d oeste?)
AMERICANA (TERMINAL RODOVIARIO FRANCISCO LUIZ BENDILATTI),SANTA BARBARA D OESTE (SAO JOAQUIM),como eu vou da americana (terminal rodoviario francisco luiz bendilatti para santa barbara d oeste?)
AMERICANA (TERMINAL RODOVIARIO FRANCISCO LUIZ BENDILATTI),SANTA BARBARA D OESTE (SAO JOAQUIM),como eu chego da americana (terminal rodoviario francisco luiz bendilatti) em santa barbara d oeste?
PILAR DO SUL (BAIRRO CAMPO GRANDE),PIEDADE (CENTRO),como eu chego de pilao do sul para piedade?
PILAR DO SUL (BAIRRO CAMPO GRANDE),PIEDADE (CENTRO),como eu vou do campo grande para piedade?
PILAR DO SUL (BAIRRO CAMPO GRANDE),PIEDADE (CENTRO),to no campo grande e quero saber como chegar em piedade.
TAPIRAI (CENTRO),PIEDADE (CENTRO),to aqui em tapirai (centro) e preciso ir para piedade (centro).
TAPIRAI (CENTRO),PIEDADE (CENTRO),to aqui em tapirai e queria saber como ir pra piedade.
TAPIRAI (CENTRO),PIEDADE (CENTRO),"to aqui em tapirai, e quero saber como ir pra piedade."
PIEDADE (CENTRO),SOROCABA (CENTRO),to aqui no piedade e quero saber como chegar em sorocaba.
PIEDADE (CENTRO),SOROCABA (CENTRO),como eu vou do piedade para o sorocaba?
PIEDADE (CENTRO),SOROCABA (CENTRO),to no piedade e quero saber como ir para o sorocaba.
VOTORANTIM (CENTRO),SOROCABA (CENTRO),como eu chego do votorantim (centro) para o sorocaba?
VOTORANTIM (CENTRO),SOROCABA (CENTRO),to no votorantim e quero saber como ir para o sorocaba.
VOTORANTIM (CENTRO),SOROCABA (CENTRO),to aqui no votorantim (centro) e quero saber como ir para sorocaba.
PIEDADE (CENTRO),SOROCABA (CENTRO),to aqui no piedade e quero saber como ir para sorocaba.
PIEDADE (CENTRO),SOROCABA (CENTRO),como eu vou do piedade para o sorocaba?
PIEDADE (CENTRO),SOROCABA (CENTRO),como eu faco pra ir do piedade ao sorocaba?
VOTORANTIM (CENTRO),SOROCABA (CENTRO),to no votorantim e quero saber como ir pro sorocaba.
VOTORANTIM (CENTRO),SOROCABA (CENTRO),como eu vou do votorantim para o sorocaba?
VOTORANTIM (CENTRO),SOROCABA (CENTRO),to no votorantim e quero ir para sorocaba.
VOTORANTIM (CENTRO),SOROCABA (CENTRO),to aqui no votorantim (centro) e quero ir pra sorocaba.
VOTORANTIM (CENTRO),SOROCABA (CENTRO),to aqui no votorantim (centro) e quero ir pra sorocaba.
VOTORANTIM (CENTRO),SOROCABA (CENTRO),to no votorantim e quero saber como ir para o sorocaba.
VOTORANTIM (CENTRO),SOROCABA (CENTRO),to aqui no votorantim (centro) e quero saber como ir pro sorocaba.
VOTORANTIM (CENTRO),SOROCABA (CENTRO),como eu vou do votorantim para o sorocaba?
VOTORANTIM (CENTRO),SOROCABA (CENTRO),to aqui no votorantim (centro) e quero saber como ir para sorocaba.
VOTORANTIM (CENTRO),SOROCABA (CENTRO),como eu vou do votorantim para o sorocaba?
VOTORANTIM (CENTRO),SOROCABA (CENTRO),como eu vou do votorantim para o sorocaba?
VOTORANTIM (CENTRO),SOROCABA (CENTRO),to no votorantim e quero saber como ir pro sorocaba.
VOTORANTIM (JARDIM FORTALEZA),SOROCABA (CENTRO),to em votorantim (jardim fortaleza) e quero saber como ir para sorocaba.
VOTORANTIM (JARDIM FORTALEZA),SOROCABA (CENTRO),to em votorantim (jardim fortaleza) e queria saber como ir para sorocaba.
VOTORANTIM (JARDIM FORTALEZA),SOROCABA (CENTRO),to em votorantim (jardim fortaleza) e quero saber como ir para sorocaba.
AMERICANA (TERMINAL RODOVIARIO FRANCISCO LUIZ BENDILATTI),SANTA BARBARA D OESTE (VILA RICA),como eu chego da americana (terminal rodoviario francisco luiz bendilatti ate santa barbara d oeste vila rica?
AMERICANA (TERMINAL RODOVIARIO FRANCISCO LUIZ BENDILATTI),SANTA BARBARA D OESTE (VILA RICA),como eu chego da americana d oeste (vila rica) ate santa barbara d oeste?
AMERICANA (TERMINAL RODOVIARIO FRANCISCO LUIZ BENDILATTI),SANTA BARBARA D OESTE (VILA RICA),"como eu faco pra ir da americana (terminal rodoviario francisco luico luiz bendilatti pra santa barbara d oeste, vila rica?"
VOTORANTIM (CENTRO),SOROCABA (CENTRO),to no votorantim e quero saber como ir pro sorocaba.
VOTORANTIM (CENTRO),SOROCABA (CENTRO),to no votorantim (centro) e quero saber como ir para o sorocaba.
VOTORANTIM (CENTRO),SOROCABA (CENTRO),como eu vou do votorantim para o sorocaba?
VOTORANTIM (VILA NOVA),SOROCABA (CENTRO),to em votorantim e quero saber como ir para sorocaba.
VOTORANTIM (VILA NOVA),SOROCABA (CENTRO),to em votorantim e quero saber como ir para sorocaba.
VOTORANTIM (VILA NOVA),SOROCABA (CENTRO),to em votorantim e quero saber como ir pro sorocaba.
VOTORANTIM (CENTRO),SOROCABA (CENTRO),to no votorantim (centro) e quero saber como ir para sorocaba.
VOTORANTIM (CENTRO),SOROCABA (CENTRO),to aqui no votorantim e quero saber como ir para sorocaba.
VOTORANTIM (CENTRO),SOROCABA (CENTRO),to aqui no votorantim e quero saber como ir para o sorocaba.
SALTO DE PIRAPORA (BAIRRO CAMPO LARGO),SOROCABA (CENTRO),to em salto de pirapora (campo largo) e quero saber como ir para sorocaba.
SALTO DE PIRAPORA (BAIRRO CAMPO LARGO),SOROCABA (CENTRO),to em salto de pirapora (campo largo) e quero ir pra sorocaba.
SALTO DE PIRAPORA (BAIRRO CAMPO LARGO),SOROCABA (CENTRO),como eu chego do campo largo em sorocaba?
SALTO DE PIRAPORA (CAMPO LARGO),SOROCABA (CENTRO),to em salto de pirapora (campo largo) e quero saber como ir para sorocaba.
SALTO DE PIRAPORA (CAMPO LARGO),SOROCABA (CENTRO),to em salto de pirapora (campo largo) e quero ir para sorocaba.
SALTO DE PIRAPORA (CAMPO LARGO),SOROCABA (CENTRO),to em salto de pirapora (campo largo) e quero saber como ir para sorocaba.
SALTO DE PIRAPORA (JARDIM PRIMAVERA),SOROCABA (CENTRO),to em salto de pirapora (jardim primavera) e quero saber como ir para sorocaba.
SALTO DE PIRAPORA (JARDIM PRIMAVERA),SOROCABA (CENTRO),to em salto de pirapora (jardim primavera) e quero saber como ir para sorocaba.
SALTO DE PIRAPORA (JARDIM PRIMAVERA),SOROCABA (CENTRO),to em salto de pirapora (jardim primavera) e quero saber como ir para sorocaba.
SALTO DE PIRAPORA (CAMPO LARGO),SOROCABA (CENTRO),to em salto de pirapora (campo largo) e quero saber como ir para sorocaba.
SALTO DE PIRAPORA (CAMPO LARGO),SOROCABA (CENTRO),to em salto de pirapora (campo largo) e quero saber como ir para sorocaba.
SALTO DE PIRAPORA (CAMPO LARGO),SOROCABA (CENTRO),to em salto de pirapora (campo largo) e quero saber como ir pra sorocaba.
SALTO DE PIRAPORA (JARDIM PRIMAVERA),SOROCABA (CENTRO),to em salto de pirapora (jardim primavera) e quero saber como ir para sorocaba.
SALTO DE PIRAPORA (JARDIM PRIMAVERA),SOROCABA (CENTRO),to em salto de pirapora (jardim primavera) e quero saber como ir para sorocaba.
SALTO DE PIRAPORA (JARDIM PRIMAVERA),SOROCABA (CENTRO),to em salto de pirapora (jardim primavera) e preciso ir pra sorocaba.
SALTO DE PIRAPORA (CAMPO LARGO),SOROCABA (CENTRO),to em salto de pirapora (campo largo) e quero saber como ir para sorocaba.
SALTO DE PIRAPORA (CAMPO LARGO),SOROCABA (CENTRO),to em salto de pirapora (campo largo) e quero saber como ir para sorocaba.
SALTO DE PIRAPORA (CAMPO LARGO),SOROCABA (CENTRO),to em salto de pirapora (campo largo) e quero saber como chegar em sorocaba.
AMERICANA (TERMINAL RODOVIARIO FRANCISCO LUIZ BENDILATTI),SANTA BARBARA D OESTE (VILA RICA),"como eu faco pra ir do americana (terminal rodoviario francisco luiz bendilatti) ate a santa barbara d oeste, vila rica?"
AMERICANA (TERMINAL RODOVIARIO FRANCISCO LUIZ BENDILATTI),SANTA BARBARA D OESTE (VILA RICA),como eu vou da americana (terminal rodoviario francisco luiz bendilatti) para santa barbara d oeste (vila rica)?
AMERICANA (TERMINAL RODOVIARIO FRANCISCO LUIZ BENDILATTI),SANTA BARBARA D OESTE (VILA RICA),como eu vou da americana (terminal rodoviario francisco luiz bendilatti) para santa barbara d oeste (vila rica)?
ARACOIABA DA SERRA (MARIA PAULA ESPOSITO),SOROCABA (CENTRO),to em aracoiaba da serra e quero saber como ir para sorocaba.
ARACOIABA DA SERRA (MARIA PAULA ESPOSITO),SOROCABA (CENTRO),to em aracoiaba da serra e quero saber como ir para sorocaba.
ARACOIABA DA SERRA (MARIA PAULA ESPOSITO),SOROCABA (CENTRO),to em aracoiaba da serra e quero saber como ir para sorocaba.
ARACOIABA DA SERRA (BAIRRO FARIAS),SOROCABA (CENTRO),to em aracoiba da serra e quero saber como ir pro sorocaba.
ARACOIABA DA SERRA (BAIRRO FARIAS),SOROCABA (CENTRO),"to em aracoiaba da serra, mas quero saber como ir pro sorocaba."
ARACOIABA DA SERRA (BAIRRO FARIAS),SOROCABA (CENTRO),to em aracoiaba da serra e quero saber como ir pro sorocaba.
ARACOIABA DA SERRA (MARIA PAULA ESPOSITO),SOROCABA (CENTRO),to em aracoiaba da serra e quero saber como ir para sorocaba.
ARACOIABA DA SERRA (MARIA PAULA ESPOSITO),SOROCABA (CENTRO),to em aracoiaba da serra e quero saber como ir para sorocaba.
ARACOIABA DA SERRA (MARIA PAULA ESPOSITO),SOROCABA (CENTRO),to em aracoiaba da serra e quero saber como ir para sorocaba.
ARACOIABA DA SERRA (MARIA PAULA ESPOSITO),SOROCABA (CENTRO),to em aracoiaba da serra e quero saber como ir para sorocaba.
ARACOIABA DA SERRA (MARIA PAULA ESPOSITO),SOROCABA (CENTRO),to em aracoiaba da serra e quero ir pra sorocaba.
ARACOIABA DA SERRA (MARIA PAULA ESPOSITO),SOROCABA (CENTRO),to em aracoiaba da serra e quero saber como ir para sorocaba.
IPERO (JARDIM VITORINO),BOITUVA (CENTRO),to no ipero (jardim vitorino) e quero saber como ir para o boituva.
IPERO (JARDIM VITORINO),BOITUVA (CENTRO),to aqui em ipero (jardim vitorino) e queria saber como ir para boituva.
IPERO (JARDIM VITORINO),BOITUVA (CENTRO),to no ipero (jardim vitorino) e quero saber como ir para o boituva.
IPERO (CENTRO),TATUI (CENTRO),como eu vou do ipero para o tatui?
IPERO (CENTRO),TATUI (CENTRO),como eu chego do ipero (centro) ate o tatui (centro)?
IPERO (CENTRO),TATUI (CENTRO),como eu vou do ipero para o tatui?
IPERO (CENTRO),SOROCABA (BAIRRO BOM JESUS),to no ipero (centro) e quero saber como ir para o sorocaba.
IPERO (CENTRO),SOROCABA (BAIRRO BOM JESUS),como eu faco para ir do ipero (centro) para sorocaba no bairro bom jesus?
IPERO (CENTRO),SOROCABA (BAIRRO BOM JESUS),to no ipero (centro) e quero ir pra sorocaba.
IPERO (CENTRO),SOROCABA (CENTRO),to aqui no ipero (centro) e quero saber como ir para sorocaba.
IPERO (CENTRO),SOROCABA (CENTRO),como eu vou do ipero para o sorocaba?
IPERO (CENTRO),SOROCABA (CENTRO),como eu vou do ipero para o sorocaba?
IPERO (PRESIDIO ODON RAMOS MARANHAO),SOROCABA (CENTRO),to na ipero (presidio odon ramos maranhao) e quero saber como ir para o sorocaba.
IPERO (PRESIDIO ODON RAMOS MARANHAO),SOROCABA (CENTRO),to na ipero (presidio odon ramos maranhao) e quero saber como ir pra sorocaba.
IPERO (PRESIDIO ODON RAMOS MARANHAO),SOROCABA (CENTRO),to no ipero (presidio odon ramanhoa) e queria saber como ir para o sorocaba.
IPERO (VILA DO DEPOSITO),BOITUVA (CENTRO),como eu vou do ipero (vila do deposito) para o boituva?
IPERO (VILA DO DEPOSITO),BOITUVA (CENTRO),to em ipero (vila do deposito) e quero saber como ir para boituva.
IPERO (VILA DO DEPOSITO),BOITUVA (CENTRO),como eu vou do ipero (vila do deposito) para o boituva?
IPERO (PRESIDIO ODON RAMOS MARANHAO),BOITUVA (CENTRO),to em ipero (presidio odon ramos maranhao) e quero ir para boituva.
IPERO (PRESIDIO ODON RAMOS MARANHAO),BOITUVA (CENTRO),to no ipero (presidio odon ramos maranhao) e quero saber como ir para boituva.
IPERO (PRESIDIO ODON RAMOS MARANHAO),BOITUVA (CENTRO),to em ipero (presidio odon ramos maranhao) e quero ir pra boituva.
PIEDADE (CENTRO),SOROCABA (TERMINAL RODOVIARIO DE SOROCABA),to aqui em piedade (centro) e quero saber como chegar no terminal rodoviario de sorocaba.
PIEDADE (CENTRO),SOROCABA (TERMINAL RODOVIARIO DE SOROCABA),to no piedade e quero saber como ir pra sorocaba.
PIEDADE (CENTRO),SOROCABA (TERMINAL RODOVIARIO DE SOROCABA),to no piedade e quero saber como ir pro sorocaba.
SANTA BARBARA D OESTE (RODOTERMINAL DE SANTA BARBARA D OESTE),CAMPINAS (TERMINAL MULTIMODAL RAMOS DE AZEVEDO),como eu faco pra ir da santa barbara d oeste ate o terminal ramos de azevedo?
SANTA BARBARA D OESTE (RODOTERMINAL DE SANTA BARBARA D OESTE),CAMPINAS (TERMINAL MULTIMODAL RAMOS DE AZEVEDO),como eu vou da santa barbara d'este para o terminal ramos de azevedo?
SANTA BARBARA D OESTE (RODOTERMINAL DE SANTA BARBARA D OESTE),CAMPINAS (TERMINAL MULTIMODAL RAMOS DE AZEVEDO),como eu chego da santa barbara d'este ate o terminal ramos de azedo em campinas?
IPERO (GEORGE OETTERER),SOROCABA (CENTRO),como eu vou do ipero para o sorocaba?
IPERO (GEORGE OETTERER),SOROCABA (CENTRO),como eu vou do ipero para o sorocaba?
IPERO (GEORGE OETTERER),SOROCABA (CENTRO),to aqui em ipero (george oetterer) e quero saber como ir para sorocaba.
IPERO (G. OETTERER - INDUSTRIA DE ARTEFATOS),SOROCABA (CENTRO),to em ipero (g. oetterer - industria de artefatos) e quero saber como ir para o centro.
IPERO (G. OETTERER - INDUSTRIA DE ARTEFATOS),SOROCABA (CENTRO),to em ipero (g. oetterer - industria de artefatos) e quero saber como ir para o centro.
IPERO (G. OETTERER - INDUSTRIA DE ARTEFATOS),SOROCABA (CENTRO),to em ipero (g. oetterer - industria de artefatos) e quero saber como ir para sorocaba.
SAO MIGUEL ARCANJO (TERMINAL RODOVIARIO BENTO FRANCA),SOROCABA (TERMINAL RODOVIARIO DE SOROCABA),como eu vou do terminal rodoviario bento francisco pra sorocaba?
SAO MIGUEL ARCANJO (TERMINAL RODOVIARIO BENTO FRANCA),SOROCABA (TERMINAL RODOVIARIO DE SOROCABA),como eu faco para ir do terminal rodoviario bento franco em sao miguel arcanjo para o terminal rodoviario de sorocaba?
SAO MIGUEL ARCANJO (TERMINAL RODOVIARIO BENTO FRANCA),SOROCABA (TERMINAL RODOVIARIO DE SOROCABA),como eu faco para ir do terminal rodoviario bento franco em sao miguel arcanjo para sorocaba?
SAO MIGUEL ARCANJO (TERMINAL RODOVIARIO BENTO FRANCA),SOROCABA (TERMINAL RODOVIARIO DE SOROCABA),como eu faco pra ir do terminal rodoviario bento franco ate sorocaba?
SAO MIGUEL ARCANJO (TERMINAL RODOVIARIO BENTO FRANCA),SOROCABA (TERMINAL RODOVIARIO DE SOROCABA),como eu vou do terminal rodoviario bento franco para sorocaba?
SAO MIGUEL ARCANJO (TERMINAL RODOVIARIO BENTO FRANCA),SOROCABA (TERMINAL RODOVIARIO DE SOROCABA),como eu faco pra ir do terminal rodoviario bento franco em sao miguel arcanjo ate o terminal rodoviario de sorocaba?
ARACOIABA DA SERRA (CERCADO),SOROCABA (CENTRO),to em aracoiaba da serra e quero saber como ir para sorocaba.
ARACOIABA DA SERRA (CERCADO),SOROCABA (CENTRO),to em aracoiaba da serra e quero saber como ir para sorocaba.
ARACOIABA DA SERRA (CERCADO),SOROCABA (CENTRO),to em aracoiaba da serra e quero saber como ir para sorocaba.
PIEDADE (CENTRO),SOROCABA (CENTRO),to aqui no piedade e quero saber como ir para o sorocaba.
PIEDADE (CENTRO),SOROCABA (CENTRO),to aqui no piedade e quero saber como ir para sorocaba.
PIEDADE (CENTRO),SOROCABA (CENTRO),to no piedade e quero saber como ir para o sorocaba.
SAO MIGUEL ARCANJO (CENTRO),ITAPETININGA (CENTRO),como eu chego de sao miguel arcanjo ate itapetininga?
SAO MIGUEL ARCANJO (CENTRO),ITAPETININGA (CENTRO),to aqui em sao miguel arcanjo e quero ir pra itapetininga.
SAO MIGUEL ARCANJO (CENTRO),ITAPETININGA (CENTRO),to aqui em sao miguel arcanjo e quero ir pra itapetininga.
AMERICANA (TERMINAL METROPOLITANO DE AMERICANA),CAMPINAS (TERMINAL MULTIMODAL RAMOS DE AZEVEDO),to na americana e quero saber como ir para campinas.
AMERICANA (TERMINAL METROPOLITANO DE AMERICANA),CAMPINAS (TERMINAL MULTIMODAL RAMOS DE AZEVEDO),como eu vou da americana de metro de americas para campinas?
AMERICANA (TERMINAL METROPOLITANO DE AMERICANA),CAMPINAS (TERMINAL MULTIMODAL RAMOS DE AZEVEDO),como eu vou da americana de termal para campinas?
AMERICANA (TERMINAL RODOVIARIO FRANCISCO LUIZ BENDILATTI),NOVA ODESSA (JARDIM SANTA ROSA),como eu faco pra ir da americana (terminal rodoviario francisco luios bendilatti) para a nova odessa (jardim santa rosa)?
AMERICANA (TERMINAL RODOVIARIO FRANCISCO LUIZ BENDILATTI),NOVA ODESSA (JARDIM SANTA ROSA),como eu faco para ir do americana (terminal rodoviario francisco luiz bendilatti) ate a nova odessa?
AMERICANA (TERMINAL RODOVIARIO FRANCISCO LUIZ BENDILATTI),NOVA ODESSA (JARDIM SANTA ROSA),como eu chego da americana (terminal rodoviario francisco luiz bendilatti) em nova odsa?
SAO MIGUEL ARCANJO (CENTRO),ITAPETININGA (CENTRO),to aqui em sao miguel arcanjo e quero saber como ir pra itapetininga.
SAO MIGUEL ARCANJO (CENTRO),ITAPETININGA (CENTRO),to aqui em sao miguel arcanjo e quero saber como ir pra itapejina.
SAO MIGUEL ARCANJO (CENTRO),ITAPETININGA (CENTRO),to aqui em sao miguel arcanjo e quero saber como ir pra itapetitina.
AMERICANA (TERMINAL RODOVIARIO FRANCISCO LUIZ BENDILATTI),CAMPINAS (TERMINAL MULTIMODAL RAMOS DE AZEVEDO),como eu faco para ir da americana (terminal rodoviario francisco luiza bendilatti) ate a campinas (terminal multimodal ramos de azevedo)?
AMERICANA (TERMINAL RODOVIARIO FRANCISCO LUIZ BENDILATTI),CAMPINAS (TERMINAL MULTIMODAL RAMOS DE AZEVEDO),como eu faco pra ir de americana (terminal rodoviario francisco luiz bendilatti) para campinas?
AMERICANA (TERMINAL RODOVIARIO FRANCISCO LUIZ BENDILATTI),CAMPINAS (TERMINAL MULTIMODAL RAMOS DE AZEVEDO),como eu chego da americana (terminal rodoviario francisco luiz bendilatti) em campinas?
SUMARE (TERMINAL RODOVIARIO DE SUMARE),CAMPINAS (TERMINAL METROPOLITANO PREFEITO MAGALHAES TEIXEIRA),como eu chego de sumare para a campinas?
SUMARE (TERMINAL RODOVIARIO DE SUMARE),CAMPINAS (TERMINAL METROPOLITANO PREFEITO MAGALHAES TEIXEIRA),como eu faco para ir do sumare ate a campinas?
SUMARE (TERMINAL RODOVIARIO DE SUMARE),CAMPINAS (TERMINAL METROPOLITANO PREFEITO MAGALHAES TEIXEIRA),como eu vou do sumare para a campinas?
NOVA ODESSA (ESTACAO RODOVIARIA DONA CATHARINA FERNANDEZ WELSH),CAMPINAS (TERMINAL METROPOLITANO PREFEITO MAGALHAES TEIXEIRA),to em nova odessa e quero saber como ir para a campinas.
NOVA ODESSA (ESTACAO RODOVIARIA DONA CATHARINA FERNANDEZ WELSH),CAMPINAS (TERMINAL METROPOLITANO PREFEITO MAGALHAES TEIXEIRA),como eu faco pra ir da nova odessa pro terminal metropolitano prefeito magalhaes teixeira?
NOVA ODESSA (ESTACAO RODOVIARIA DONA CATHARINA FERNANDEZ WELSH),CAMPINAS (TERMINAL METROPOLITANO PREFEITO MAGALHAES TEIXEIRA),como eu faco para ir da nova odessa para o terminal metropolitano prefeito magalhaes teixeira?
SUMARE (JD. JOAO PAULO II),CAMPINAS (TERMINAL METROPOLITANO PREFEITO MAGALHAES TEIXEIRA),to em sumare (jd. joao paulo ii) e quero saber como ir pra campinas.
SUMARE (JD. JOAO PAULO II),CAMPINAS (TERMINAL METROPOLITANO PREFEITO MAGALHAES TEIXEIRA),como eu vou do sumare (jd. joao paulo ii) para o terminal metropolitano prefectura teixeira?
SUMARE (JD. JOAO PAULO II),CAMPINAS (TERMINAL METROPOLITANO PREFEITO MAGALHAES TEIXEIRA),como eu faco pra ir do sumare (jd. joao paulo ii) pra campinas?
SUMARE (JARDIM MACARENKO),CAMPINAS (TERMINAL METROPOLITANO PREFEITO MAGALHAES TEIXEIRA),como eu faco para ir do sumare (jardim macarenko) para o terminal metropolitano prefaz?
SUMARE (JARDIM MACARENKO),CAMPINAS (TERMINAL METROPOLITANO PREFEITO MAGALHAES TEIXEIRA),como eu faco pra ir do sumare (jardim macarenco) para o terminal metropolitano prefaz?
SUMARE (JARDIM MACARENKO),CAMPINAS (TERMINAL METROPOLITANO PREFEITO MAGALHAES TEIXEIRA),como eu vou do sumare (jardim macarenko) para o terminal metropolitano prefaz?
SUMARE (JARDIM LUCELIA),CAMPINAS (TERMINAL METROPOLITANO PREFEITO MAGALHAES TEIXEIRA),to no sumare (jardim lucilia) e quero saber como chegar na campina.
SUMARE (JARDIM LUCELIA),CAMPINAS (TERMINAL METROPOLITANO PREFEITO MAGALHAES TEIXEIRA),to aqui em sumare (jardim lucelia) e quero ir pra campinas.
SUMARE (JARDIM LUCELIA),CAMPINAS (TERMINAL METROPOLITANO PREFEITO MAGALHAES TEIXEIRA),como eu vou do sumare (jardim lucelia) para o terminal metropolitano prefectura?
SUMARE (JARDIM JOAO PAULO II),CAMPINAS (TERMINAL METROPOLITANO PREFEITO MAGALHAES TEIXEIRA),to perto do sumare (jardim joao paulo ii) e quero saber como pegar um onibus pra campinas.
SUMARE (JARDIM JOAO PAULO II),CAMPINAS (TERMINAL METROPOLITANO PREFEITO MAGALHAES TEIXEIRA),como eu faco pra ir do sumare (jardim jopaulo ii) para o terminal metropolitano prefetario magalhaes teixeira?
SUMARE (JARDIM JOAO PAULO II),CAMPINAS (TERMINAL METROPOLITANO PREFEITO MAGALHAES TEIXEIRA),como eu chego do sumare (jardim jopaulo ii) em campinas?
AMERICANA (TERMINAL RODOVIARIO FRANCISCO LUIZ BENDILATTI),SUMARE (TERMINAL RODOVIARIO DE SUMARE),como eu vou do terminal rodoviario francisco luiz bendilatti ate o terminal rodoviario sumare?
AMERICANA (TERMINAL RODOVIARIO FRANCISCO LUIZ BENDILATTI),SUMARE (TERMINAL RODOVIARIO DE SUMARE),como eu chego do terminal rodoviario francisco luiz bendilatti ate o terminal rodoviario sumare?
AMERICANA (TERMINAL RODOVIARIO FRANCISCO LUIZ BENDILATTI),SUMARE (TERMINAL RODOVIARIO DE SUMARE),como eu faco pra ir do terminal rodoviario francisco luiz bendilatt para o terminal rodoviario de sumare?
AMERICANA (TERMINAL RODOVIARIO FRANCISCO LUIZ BENDILATTI),SUMARE (JARDIM RESIDENCIAL BORDON),como eu vou do terminal rodoviario francisco luiz bendilatti para o jardim residencial bordan?
AMERICANA (TERMINAL RODOVIARIO FRANCISCO LUIZ BENDILATTI),SUMARE (JARDIM RESIDENCIAL BORDON),como eu chego do terminal rodoviario francisco luiz bendilatti ate o jardim residencial gordon?
AMERICANA (TERMINAL RODOVIARIO FRANCISCO LUIZ BENDILATTI),SUMARE (JARDIM RESIDENCIAL BORDON),como eu faco pra ir do terminal rodoviario francisco luiz bendilatt para o jardim residencial bordan?
AMERICANA (TERMINAL RODOVIARIO FRANCISCO LUIZ BENDILATTI),SUMARE (JARDIM RESIDENCIAL BORDON),como eu chego do terminal rodoviario francisco luiz bendilatti ate o jardim residencial bordan?
AMERICANA (TERMINAL RODOVIARIO FRANCISCO LUIZ BENDILATTI),SUMARE (JARDIM RESIDENCIAL BORDON),como eu vou do terminal rodoviario francisco luiz bendilatti ate o jardim residencial bordan?
AMERICANA (TERMINAL RODOVIARIO FRANCISCO LUIZ BENDILATTI),SUMARE (JARDIM RESIDENCIAL BORDON),como eu vou do terminal rodoviario francisco luiz bendilatti ate o jardim residencial bordan?
AMERICANA (TERMINAL RODOVIARIO FRANCISCO LUIZ BENDILATTI),CAMPINAS (UNICAMP),to perto do francisco luiz aqui e quero saber como chegar em campinas.
AMERICANA (TERMINAL RODOVIARIO FRANCISCO LUIZ BENDILATTI),CAMPINAS (UNICAMP),como eu vou do americana (terminal rodoviario francisco luico bendilatti) ate a unicamp?
AMERICANA (TERMINAL RODOVIARIO FRANCISCO LUIZ BENDILATTI),CAMPINAS (UNICAMP),to no terminal rodoviario francisco luiz bendilatti e quero saber como ir pra campinas.
AMERICANA (TERMINAL RODOVIARIO FRANCISCO LUIZ BENDILATTI),SUMARE (TERMINAL RODOVIARIO DE SUMARE),como eu vou do americana (terminal rodoviario francisco luios) ate o sumare (terminal rodoviario de sumare)?
AMERICANA (TERMINAL RODOVIARIO FRANCISCO LUIZ BENDILATTI),SUMARE (TERMINAL RODOVIARIO DE SUMARE),como eu chego do terminal rodoviario francisco luiz bendilatti ate o terminal rodoviario sumare?
AMERICANA (TERMINAL RODOVIARIO FRANCISCO LUIZ BENDILATTI),SUMARE (TERMINAL RODOVIARIO DE SUMARE),como eu vou do terminal rodoviario francisco luiz bendilatti para o terminal rodoviario sumare?
AMERICANA (TERMINAL RODOVIARIO FRANCISCO LUIZ BENDILATTI),NOVA ODESSA (JARDIM DAS PALMEIRAS),como eu vou da americana (terminal rodoviario francisco luiz bendilatti) para a nova odessa (jardim das palmeiras)?
AMERICANA (TERMINAL RODOVIARIO FRANCISCO LUIZ BENDILATTI),NOVA ODESSA (JARDIM DAS PALMEIRAS),como eu chego da americana (terminal rodoviario francisco luiz bendilatti) em nova odsa?
AMERICANA (TERMINAL RODOVIARIO FRANCISCO LUIZ BENDILATTI),NOVA ODESSA (JARDIM DAS PALMEIRAS),como eu vou da americana (terminal rodoviario francisco luiz bendilatti) para a nova odessa (jardim das palmeiras)?
PAULINIA (CONJUNTO HABITACIONAL TEREZA Z. VEDOVELO),CAMPINAS (TERMINAL METROPOLITANO PREFEITO MAGALHAES TEIXEIRA),to em paulinia e quero saber como chegar em campinas.
PAULINIA (CONJUNTO HABITACIONAL TEREZA Z. VEDOVELO),CAMPINAS (TERMINAL METROPOLITANO PREFEITO MAGALHAES TEIXEIRA),to em paulinia e quero saber como ir para a terminal metropolitano prefeito magalhaes teixeira.
PAULINIA (CONJUNTO HABITACIONAL TEREZA Z. VEDOVELO),CAMPINAS (TERMINAL METROPOLITANO PREFEITO MAGALHAES TEIXEIRA),como eu vou de paulinia para o terminal metropolitano prefeito magalhaes teixeira?
SUMARE (JARDIM NOVA TERRA),CAMPINAS (TERMINAL METROPOLITANO PREFEITO MAGALHAES TEIXEIRA),como eu vou do sumare (jardim nova terra) para o terminal metropolitano presidente teixeira?
SUMARE (JARDIM NOVA TERRA),CAMPINAS (TERMINAL METROPOLITANO PREFEITO MAGALHAES TEIXEIRA),como eu vou do sumare (jardim nova terra) para o terminal metropolitano prefectura?
SUMARE (JARDIM NOVA TERRA),CAMPINAS (TERMINAL METROPOLITANO PREFEITO MAGALHAES TEIXEIRA),como eu vou do sumare (jardim nova terra) para o terminal metropolitano prefeito magalhaes teixeira?
SUMARE (RESIDENCIAL REAL PARQUE),CAMPINAS (TERMINAL METROPOLITANO PREFEITO MAGALHAES TEIXEIRA),to em sumare (residencial real parque) e quero saber como ir para a campinas.
SUMARE (RESIDENCIAL REAL PARQUE),CAMPINAS (TERMINAL METROPOLITANO PREFEITO MAGALHAES TEIXEIRA),to na sumare (residencial real parque) e quero saber como ir para a campinas.
SUMARE (RESIDENCIAL REAL PARQUE),CAMPINAS (TERMINAL METROPOLITANO PREFEITO MAGALHAES TEIXEIRA),como eu vou da sumare (residencial real parque) para o terminal metropolitano presidente magalhaes teixeira?
SUMARE (JARDIM JOAO PAULO II),CAMPINAS (UNICAMP),como eu vou do sumare (jardim jo paulo ii) para a unicamp?
SUMARE (JARDIM JOAO PAULO II),CAMPINAS (UNICAMP),to em sumare (jardim jopaulo ii) e quero saber como ir para campinas.
SUMARE (JARDIM JOAO PAULO II),CAMPINAS (UNICAMP),to em sumare (jardim joao paulo ii) e queria saber como ir para a campinas.
SUMARE (JARDIM DALL ORTO),CAMPINAS (UNICAMP),to em sumare (jardim dall orto) e quero saber como pegar no caminho para a campinas.
SUMARE (JARDIM DALL ORTO),CAMPINAS (UNICAMP),to no sumare (jardim dall orto) e quero saber como ir para a campinas.
SUMARE (JARDIM DALL ORTO),CAMPINAS (UNICAMP),to em sumare (jardim dall orto) e quero saber como ir para a campinas.
SUMARE (JARDIM DALL ORTO),CAMPINAS (CAMPINAS SHOPPING IGUATEMI),como eu vou do sumare (jardim dall orto) para a campinas shopping iguatemi?
SUMARE (JARDIM DALL ORTO),CAMPINAS (CAMPINAS SHOPPING IGUATEMI),como eu vou do sumare (jardim dall orto) para a campinas shopping iguatemi?
SUMARE (JARDIM DALL ORTO),CAMPINAS (CAMPINAS SHOPPING IGUATEMI),como eu vou do sumare (jardim dall orto) para a campinas shopping iguatemi?
SUMARE (TERMINAL RODOVIARIO DE SUMARE),CAMPINAS (UNICAMP),to no sumare e quero saber como pegar no campinas.
SUMARE (TERMINAL RODOVIARIO DE SUMARE),CAMPINAS (UNICAMP),to no sumare (terminal rodoviario de sumare) e quero saber como chegar em campinas.
SUMARE (TERMINAL RODOVIARIO DE SUMARE),CAMPINAS (UNICAMP),como eu vou do sumare para o campin?
SUMARE (TERMINAL RODOVIARIO DE SUMARE),CAMPINAS (SHOPPING IGUATEMI),to no sumare (terminal rodoviario de sumare) e queria saber como ir pra campinas.
SUMARE (TERMINAL RODOVIARIO DE SUMARE),CAMPINAS (SHOPPING IGUATEMI),to no sumare e quero saber como chegar em campinas.
SUMARE (TERMINAL RODOVIARIO DE SUMARE),CAMPINAS (SHOPPING IGUATEMI),como eu chego de sumare pra campinas?
SUMARE (PARQUE RESIDENCIAL IPIRANGA),CAMPINAS (SHOPPING IGUATEMI),to no sumare e quero saber como ir pra campinas.
SUMARE (PARQUE RESIDENCIAL IPIRANGA),CAMPINAS (SHOPPING IGUATEMI),to no sumare (parque residencial ipiranga) e quero ir para a campinas.
SUMARE (PARQUE RESIDENCIAL IPIRANGA),CAMPINAS (SHOPPING IGUATEMI),como eu vou do sumare (parque residencial ipiranga) para a campinas (shopping iguatemi)?
SUMARE (TERMINAL RODOVIARIO DE SUMARE),CAMPINAS (SHOPPING IGUATEMI),to no sumare em sumare e quero saber como ir para o shopping iguatemi.
SUMARE (TERMINAL RODOVIARIO DE SUMARE),CAMPINAS (SHOPPING IGUATEMI),como eu vou do sumare para o shopping iguatemi?
SUMARE (TERMINAL RODOVIARIO DE SUMARE),CAMPINAS (SHOPPING IGUATEMI),como eu faco para ir do sumare para o shopping iguatemi?
SUMARE (TERMINAL RODOVIARIO DE SUMARE),CAMPINAS (SHOPPING IGUATEMI),como eu vou do sumare para o shopping iguatemi?
SUMARE (TERMINAL RODOVIARIO DE SUMARE),CAMPINAS (SHOPPING IGUATEMI),to no sumare em sumare e quero saber como ir para o shopping iguatemi.
SUMARE (TERMINAL RODOVIARIO DE SUMARE),CAMPINAS (SHOPPING IGUATEMI),to no sumare em sumare e quero saber como chegar em campinas.
SUMARE (JARDIM JOAO PAULO II),CAMPINAS (SHOPPING IGUATEMI),to em sumare (jardim jopaulo ii) e quero ir para campinas (shopping iguatemi).
SUMARE (JARDIM JOAO PAULO II),CAMPINAS (SHOPPING IGUATEMI),to em sumare (jardim jopaulo ii) e quero saber como ir pra campinas.
SUMARE (JARDIM JOAO PAULO II),CAMPINAS (SHOPPING IGUATEMI),como eu faco pra ir do sumare (jardim jopaulo ii) para a campinas (shopping iguatemi)?
SUMARE (PARQUE IDEAL),CAMPINAS (TERMINAL METROPOLITANO PREFEITO MAGALHAES TEIXEIRA),como eu chego do sumare (parque ideal) em campinas?
SUMARE (PARQUE IDEAL),CAMPINAS (TERMINAL METROPOLITANO PREFEITO MAGALHAES TEIXEIRA),como eu vou do sumare para o terminal metropolitano prefeito magalhaes teixeira?
SUMARE (PARQUE IDEAL),CAMPINAS (TERMINAL METROPOLITANO PREFEITO MAGALHAES TEIXEIRA),to no sumare (parque ideal) e quero saber como chegar em campinas.
SUMARE (ESTACAO DE TRANSFERENCIA KM 110 - JARDIM MARIA ANTONIA),CAMPINAS (TERMINAL METROPOLITANO PREFEITO MAGALHAES TEIXEIRA),como eu faco pra ir da sumare (estacao de transferencia km 110 - jardim maria antonia) pra campinas?
SUMARE (ESTACAO DE TRANSFERENCIA KM 110 - JARDIM MARIA ANTONIA),CAMPINAS (TERMINAL METROPOLITANO PREFEITO MAGALHAES TEIXEIRA),como eu faco pra ir do sumare (estacao de transferencia km 110 - jardim maria antonia) pra campinas?
SUMARE (ESTACAO DE TRANSFERENCIA KM 110 - JARDIM MARIA ANTONIA),CAMPINAS (TERMINAL METROPOLITANO PREFEITO MAGALHAES TEIXEIRA),como eu vou do sumare (estacao de transferencia km 110 - jardim maria antonia) para o terminal metropolitano magalhaes teixeira?
SUMARE (PARQUE RESIDENCIAL IPIRANGA),CAMPINAS (TERMINAL METROPOLITANO PREFEITO MAGALHAES TEIXEIRA),como eu vou do sumare (parque residencial ipiranga) para o terminal metropolitano presidente teixeira?
SUMARE (PARQUE RESIDENCIAL IPIRANGA),CAMPINAS (TERMINAL METROPOLITANO PREFEITO MAGALHAES TEIXEIRA),como eu vou do sumare (parque residencial ipiranga) pra campinas?
SUMARE (PARQUE RESIDENCIAL IPIRANGA),CAMPINAS (TERMINAL METROPOLITANO PREFEITO MAGALHAES TEIXEIRA),to no sumare (parque residencial ipiranga) e quero saber como ir para a campinas.
SUMARE (JARDIM SAO GERONIMO),CAMPINAS (TERMINAL METROPOLITANO PREFEITO MAGALHAES TEIXEIRA),como eu vou do sumare (jardim sao geronimo) ate o terminal metropolitano governador paulo de oliveira?
SUMARE (JARDIM SAO GERONIMO),CAMPINAS (TERMINAL METROPOLITANO PREFEITO MAGALHAES TEIXEIRA),como eu vou do sumare (jardim sao geronimo) ate o terminal metropolitano aprende?
SUMARE (JARDIM SAO GERONIMO),CAMPINAS (TERMINAL METROPOLITANO PREFEITO MAGALHAES TEIXEIRA),to na sumare (jardim sao geronimo) e quero saber como ir para a campinas.
PAULINIA (CONJUNTO HABITACIONAL TEREZA Z. VEDOVELO),CAMPINAS (TERMINAL METROPOLITANO PREFEITO MAGALHAES TEIXEIRA),to em paulinia e quero saber como ir pra campinas.
PAULINIA (CONJUNTO HABITACIONAL TEREZA Z. VEDOVELO),CAMPINAS (TERMINAL METROPOLITANO PREFEITO MAGALHAES TEIXEIRA),como eu faco para ir da teriaza z. vedeovolo para a campina?
PAULINIA (CONJUNTO HABITACIONAL TEREZA Z. VEDOVELO),CAMPINAS (TERMINAL METROPOLITANO PREFEITO MAGALHAES TEIXEIRA),to em teresinha z. vedevelo em paulinia e quero saber como ir pra campinas.
SUMARE (JARDIM SAO GERONIMO),CAMPINAS (TERMINAL METROPOLITANO PREFEITO MAGALHAES TEIXEIRA),to no sumare (jardim sao geronimo) e quero saber como ir para a campinas.
SUMARE (JARDIM SAO GERONIMO),CAMPINAS (TERMINAL METROPOLITANO PREFEITO MAGALHAES TEIXEIRA),to no sumare (jardim sao geronimo) e quero saber como ir para a campinas.
SUMARE (JARDIM SAO GERONIMO),CAMPINAS (TERMINAL METROPOLITANO PREFEITO MAGALHAES TEIXEIRA),como eu vou do sumare (jardim sao geronimo) ate o terminal metropolitano governador pereira?
SUMARE (PARQUE RESIDENCIAL SALERNO),CAMPINAS (TERMINAL METROPOLITANO PREFEITO MAGALHAES TEIXEIRA),to no sumare (parque residencial salerno) e quero saber como chegar em campinas.
SUMARE (PARQUE RESIDENCIAL SALERNO),CAMPINAS (TERMINAL METROPOLITANO PREFEITO MAGALHAES TEIXEIRA),como eu vou do sumare (parque residencial salerno) para a campinas?
SUMARE (PARQUE RESIDENCIAL SALERNO),CAMPINAS (TERMINAL METROPOLITANO PREFEITO MAGALHAES TEIXEIRA),como eu vou do sumare (parque residencial salerno) para o terminal metropolitano prefeito magalhaes teixeira?
PAULINIA (CONJUNTO HABITACIONAL TEREZA Z. VEDOVELO),CAMPINAS (TERMINAL METROPOLITANO PREFEITO MAGALHAES TEIXEIRA),to em paulinia e quero saber como chegar na terminal metropolitano prefeito magalhaes teixeira.
PAULINIA (CONJUNTO HABITACIONAL TEREZA Z. VEDOVELO),CAMPINAS (TERMINAL METROPOLITANO PREFEITO MAGALHAES TEIXEIRA),to em paulinia e quero saber como ir para a campinas.
PAULINIA (CONJUNTO HABITACIONAL TEREZA Z. VEDOVELO),CAMPINAS (TERMINAL METROPOLITANO PREFEITO MAGALHAES TEIXEIRA),como eu faco pra chegar na campinas?
SUMARE (TERMINAL RODOVIARIO DE SUMARE),PAULINIA (CENTRO),to no sumare de sumare e quero saber como pegar na paulinia.
SUMARE (TERMINAL RODOVIARIO DE SUMARE),PAULINIA (CENTRO),to no sumare e quero saber como ir para paulinia.
SUMARE (TERMINAL RODOVIARIO DE SUMARE),PAULINIA (CENTRO),como eu chego do sumare de sumare para a paulinia?
SUMARE (TERMINAL RODOVIARIO DE SUMARE),HORTOLANDIA (ROSOLEM),como eu vou do sumare (terminal rodoviario de sumare) para o rosolem?
SUMARE (TERMINAL RODOVIARIO DE SUMARE),HORTOLANDIA (ROSOLEM),como eu vou do sumare (terminal rodoviario de sumare) para o rosolem?
SUMARE (TERMINAL RODOVIARIO DE SUMARE),HORTOLANDIA (ROSOLEM),to no sumare (terminal rodoviario de sumare) e queria saber como ir para o rosolem.
SANTO ANTONIO DE POSSE (CENTRO),HOLAMBRA (CENTRO),"to em santo antonio de pose, como posso ir para holambra?"
SANTO ANTONIO DE POSSE (CENTRO),HOLAMBRA (CENTRO),como eu vou de santo antonio de posse para holambra?
SANTO ANTONIO DE POSSE (CENTRO),HOLAMBRA (CENTRO),to em santo antonio de posse e quero saber como ir do centro para holambra.
SANTO ANTONIO DE POSSE (CENTRO),HOLAMBRA (CENTRO),"to em santo antonio de pose, e quero saber como pegar no centro."
SANTO ANTONIO DE POSSE (CENTRO),HOLAMBRA (CENTRO),to em santo antonio de posse e quero saber como ir para holambra.
SANTO ANTONIO DE POSSE (CENTRO),HOLAMBRA (CENTRO),to aqui em santo antonio de posse e quero saber como ir do centro pra holambra.
SANTO ANTONIO DE POSSE (CENTRO),HOLAMBRA (CENTRO),"to em santo antonio de pose, como faco pra ir pro centro de holambra?"
SANTO ANTONIO DE POSSE (CENTRO),HOLAMBRA (CENTRO),to em santo antonio de posse e preciso saber como ir do centro para holambra.
SANTO ANTONIO DE POSSE (CENTRO),HOLAMBRA (CENTRO),"to em santo antonio de pose, como posso ir para holambra?"
VINHEDO (CAPELA),CAMPINAS (TERMINAL METROPOLITANO PREFEITO MAGALHAES TEIXEIRA),como eu vou da vinhedo (capela) para o campinas (terminal metropolitano prefeito magalhaes teixeira)?
VINHEDO (CAPELA),CAMPINAS (TERMINAL METROPOLITANO PREFEITO MAGALHAES TEIXEIRA),como eu chego de vinhedo (capela) para a campinas (terminal metropolitano presidente teixeira)?
VINHEDO (CAPELA),CAMPINAS (TERMINAL METROPOLITANO PREFEITO MAGALHAES TEIXEIRA),como eu chego de vinhedo para o terminal metro presidente teofilo machado?
VINHEDO (CAPELA),VALINHOS (TERMINAL RODOVIARIO MARIO ROLIM TELLES),to em vinhedo e quero saber como ir para valinhos.
VINHEDO (CAPELA),VALINHOS (TERMINAL RODOVIARIO MARIO ROLIM TELLES),como eu faco pra ir do vinhedo (capela) para o valinhos (terminal rodoviario mario rolim telles)?
VINHEDO (CAPELA),VALINHOS (TERMINAL RODOVIARIO MARIO ROLIM TELLES),como eu vou do vinhedo (capela) para o valinhos (terminal rodoviario mario rolim telles)?
VINHEDO (TERMINAL RODOVIARIO DE VINHEDO),CAMPINAS (TERMINAL METROPOLITANO PREFEITO MAGALHAES TEIXEIRA),como eu vou de vinhedo para a campinas pelo terminal metropolitano do prefeito magalhaes teixeira?
VINHEDO (TERMINAL RODOVIARIO DE VINHEDO),CAMPINAS (TERMINAL METROPOLITANO PREFEITO MAGALHAES TEIXEIRA),como eu chego da vinhedo para a campinas?
VINHEDO (TERMINAL RODOVIARIO DE VINHEDO),CAMPINAS (TERMINAL METROPOLITANO PREFEITO MAGALHAES TEIXEIRA),como eu vou de vinhedo para a estacao de trem da campinas?
VALINHOS (TERMINAL RODOVIARIO MARIO ROLIM TELLES),CAMPINAS (CENTRO),como eu faco para ir do terminal rodoviario mario rolim enquanto da campinas?
VALINHOS (TERMINAL RODOVIARIO MARIO ROLIM TELLES),CAMPINAS (CENTRO),to no terminal rodoviario mario rolim telles e quero saber como ir pra campinas.
VALINHOS (TERMINAL RODOVIARIO MARIO ROLIM TELLES),CAMPINAS (CENTRO),"to no terminal rodoviario mario rolim apesar, como faco pra ir pra campinas?"
VALINHOS (JARDIM DO LAGO),CAMPINAS (CENTRO),to em valinhos (jardim do lago) e quero saber como ir para campinas.
VALINHOS (JARDIM DO LAGO),CAMPINAS (CENTRO),to em valinhos (jardim do lago) e quero saber como ir pra campinas.
VALINHOS (JARDIM DO LAGO),CAMPINAS (CENTRO),to em valinhos (jardim do lago) e quero saber como ir pra campinas.
VALINHOS (PARQUE DAS COLINAS),CAMPINAS (TERMINAL METROPOLITANO PREFEITO MAGALHAES TEIXEIRA),to no valinhos e quero saber como chegar no terminal metropolitano do campinas.
VALINHOS (PARQUE DAS COLINAS),CAMPINAS (TERMINAL METROPOLITANO PREFEITO MAGALHAES TEIXEIRA),to no valinhos e quero saber como chegar no terminal metropolitano do campinas.
VALINHOS (PARQUE DAS COLINAS),CAMPINAS (TERMINAL METROPOLITANO PREFEITO MAGALHAES TEIXEIRA),como eu vou do valinhos (parque das colinas) para o terminal metropolitano prefectura?
VALINHOS (PARQUE DAS COLINAS),CAMPINAS (TERMINAL METROPOLITANO PREFEITO MAGALHAES TEIXEIRA),como eu chego do parque das colinas ate o terminal metropolitano do prefeito teixeu?
VALINHOS (PARQUE DAS COLINAS),CAMPINAS (TERMINAL METROPOLITANO PREFEITO MAGALHAES TEIXEIRA),to em valinhos (parque das colinas) e quero saber como ir para a campinas.
VALINHOS (PARQUE DAS COLINAS),CAMPINAS (TERMINAL METROPOLITANO PREFEITO MAGALHAES TEIXEIRA),to em valinhos (parque das colinas) e quero saber como ir para a campinas.
VALINHOS (TERMINAL RODOVIARIO MARIO ROLIM TELLES),CAMPINAS (ESCOLA DE CADETES),como eu saio do terminal rodoviario mario rolim apesar?
VALINHOS (TERMINAL RODOVIARIO MARIO ROLIM TELLES),CAMPINAS (ESCOLA DE CADETES),to no terminal rodoviario mario rolim ainda e quero saber como ir pra campinas.
VALINHOS (TERMINAL RODOVIARIO MARIO ROLIM TELLES),CAMPINAS (ESCOLA DE CADETES),como eu faco pra ir do terminal rodoaviario mario rolim teil ate a escola de cadetes de engenharia?
VALINHOS (PARQUE DAS FIGUEIRAS),CAMPINAS (TREVO DA BOSCH),como eu faco pra ir do valinhos (parque das figueiras) pra campinas?
VALINHOS (PARQUE DAS FIGUEIRAS),CAMPINAS (TREVO DA BOSCH),to em valinhos (parque das figueiras) e queria saber como ir para campinas (trevo da bosch).
VALINHOS (PARQUE DAS FIGUEIRAS),CAMPINAS (TREVO DA BOSCH),to no valinhos (parque das figueiras) e quero ir para as pampas de campinas.
VALINHOS (PARQUE DAS FIGUEIRAS),CAMPINAS (TREVO DA BOSCH),to em valinhos (parque das figueiras) e quero ir pra campinas (trevo da bosch).
VALINHOS (PARQUE DAS FIGUEIRAS),CAMPINAS (TREVO DA BOSCH),to no valinhos (parque das figueiras) e quero saber como ir para campinas.
VALINHOS (PARQUE DAS FIGUEIRAS),CAMPINAS (TREVO DA BOSCH),to no valinhos (parque das figueiras) e quero saber como ir para campinas.
VALINHOS (TERMINAL RODOVIARIO MARIO ROLIM TELLES),CAMPINAS (TREVO DA BOSCH),como eu vou do terminal rodoviario mario rolim telefone para campinas?
VALINHOS (TERMINAL RODOVIARIO MARIO ROLIM TELLES),CAMPINAS (TREVO DA BOSCH),to no terminal rodoaviario mario rolim teil e quero saber como chegar em campinas.
VALINHOS (TERMINAL RODOVIARIO MARIO ROLIM TELLES),CAMPINAS (TREVO DA BOSCH),to na valinhos e quero saber como ir para campinas.
VALINHOS (JARDIM SAO LUIZ),CAMPINAS (TERMINAL METROPOLITANO PREFEITO MAGALHAES TEIXEIRA),como eu faco pra ir do valinhos (jardim sao luiz) para o terminal metro sao jose?
VALINHOS (JARDIM SAO LUIZ),CAMPINAS (TERMINAL METROPOLITANO PREFEITO MAGALHAES TEIXEIRA),como eu vou de valinhos para o terminal metropolitano do prefeito magalhaes teixeira?
VALINHOS (JARDIM SAO LUIZ),CAMPINAS (TERMINAL METROPOLITANO PREFEITO MAGALHAES TEIXEIRA),to em valinhos e quero saber como ir para o terminal metropolitano do prefeito magalhaes teixeira.
VALINHOS (TERMINAL RODOVIARIO MARIO ROLIM TELLES),VINHEDO (TERMINAL RODOVIARIO DE VINHEDO),como eu faco para ir do terminal rodoviario mario rolim velho em vinhedo para o terminal rodoviario de vinhedo?
VALINHOS (TERMINAL RODOVIARIO MARIO ROLIM TELLES),VINHEDO (TERMINAL RODOVIARIO DE VINHEDO),como eu chego do terminal rodoviario mario rolim vieles em vinho?
VALINHOS (TERMINAL RODOVIARIO MARIO ROLIM TELLES),VINHEDO (TERMINAL RODOVIARIO DE VINHEDO),como eu faco pra ir do terminal rodoviario mario rolim vieles para vinho?
VINHEDO (TERMINAL RODOVIARIO DE VINHEDO),CAMPINAS (JARDIM SAO DOMINGOS),como eu faco pra ir do vinhedo ate o jardim sao domingos?
VINHEDO (TERMINAL RODOVIARIO DE VINHEDO),CAMPINAS (JARDIM SAO DOMINGOS),como eu chego de vinhedo para o jardim sao domingos?
VINHEDO (TERMINAL RODOVIARIO DE VINHEDO),CAMPINAS (JARDIM SAO DOMINGOS),to em vinhedo e quero saber como ir para o jardim sao domingos.
VINHEDO (CAPELA),CAMPINAS (JARDIM SAO DOMINGOS),como eu chego de vinhedo para o jardim sao domingos?
VINHEDO (CAPELA),CAMPINAS (JARDIM SAO DOMINGOS),como eu chego de vinhedo para o jardim sao domingos?
VINHEDO (CAPELA),CAMPINAS (JARDIM SAO DOMINGOS),to em vinhedo e quero saber como ir para campinas.
VINHEDO (TERMINAL RODOVIARIO DE VINHEDO),CAMPINAS (AEROPORTO INTERNACIONAL DE VIRACOPOS),como eu faco pra ir do vinhedo ao aeroporto internacional de viracoops?
VINHEDO (TERMINAL RODOVIARIO DE VINHEDO),CAMPINAS (AEROPORTO INTERNACIONAL DE VIRACOPOS),como eu vou da vinhedo para o aeroporto internacional de viracoops?
VINHEDO (TERMINAL RODOVIARIO DE VINHEDO),CAMPINAS (AEROPORTO INTERNACIONAL DE VIRACOPOS),como eu saio do vinhedo e chego na aeroportos internacional de viracoops?
VINHEDO (TERMINAL RODOVIARIO DE VINHEDO),CAMPINAS (JARDIM CAMPO BELO),como eu vou do terminal rodoviario de vinhedo para o jardim campo belo?
VINHEDO (TERMINAL RODOVIARIO DE VINHEDO),CAMPINAS (JARDIM CAMPO BELO),to no vinhedo e quero saber como ir para jardim campo belo.
VINHEDO (TERMINAL RODOVIARIO DE VINHEDO),CAMPINAS (JARDIM CAMPO BELO),como eu faco pra ir do vinhedo para jardim campo belo?
VINHEDO (TERMINAL RODOVIARIO DE VINHEDO),CAMPINAS (JARDIM CAMPO BELO),como eu faco pra ir do vinhedo para o jardim campo belo?
VINHEDO (TERMINAL RODOVIARIO DE VINHEDO),CAMPINAS (JARDIM CAMPO BELO),to aqui no vinhedo e quero ir pra jardim campo belo.
VINHEDO (TERMINAL RODOVIARIO DE VINHEDO),CAMPINAS (JARDIM CAMPO BELO),to em vinhedo e quero saber como pegar no jardim campo belo.
VINHEDO (TERMINAL RODOVIARIO DE VINHEDO),CAMPINAS (TERMINAL METROPOLITANO PREFEITO MAGALHAES TEIXEIRA),como eu chego de vinhedo para o terminal metropolitano presidente teixeira em campinas?
VINHEDO (TERMINAL RODOVIARIO DE VINHEDO),CAMPINAS (TERMINAL METROPOLITANO PREFEITO MAGALHAES TEIXEIRA),como eu vou de vinhedo para a estacao central do metro de campinas?
VINHEDO (TERMINAL RODOVIARIO DE VINHEDO),CAMPINAS (TERMINAL METROPOLITANO PREFEITO MAGALHAES TEIXEIRA),to em vinhedo e quero ir para as caldas.
VINHEDO (CAPELA),CAMPINAS (TERMINAL METROPOLITANO PREFEITO MAGALHAES TEIXEIRA),como eu vou da vinhedo (capela) para o campinas (terminal metropolitano prefeito magalhaes teixeira)?
VINHEDO (CAPELA),CAMPINAS (TERMINAL METROPOLITANO PREFEITO MAGALHAES TEIXEIRA),to em vinhedo e quero saber como chegar em campinas.
VINHEDO (CAPELA),CAMPINAS (TERMINAL METROPOLITANO PREFEITO MAGALHAES TEIXEIRA),to aqui em vinhedo e quero saber como chegar em campinas.
VALINHOS (TERMINAL RODOVIARIO MARIO ROLIM TELLES),VINHEDO (TERMINAL RODOVIARIO DE VINHEDO),como eu faco para ir do terminal rodoviario mario rolim velho em vinhedo ate o terminal rodoviario de vinhedo?
VALINHOS (TERMINAL RODOVIARIO MARIO ROLIM TELLES),VINHEDO (TERMINAL RODOVIARIO DE VINHEDO),como eu chego do terminal rodoaviario mario rolim villez para vinho?
VALINHOS (TERMINAL RODOVIARIO MARIO ROLIM TELLES),VINHEDO (TERMINAL RODOVIARIO DE VINHEDO),como eu vou do terminal rodoviario mario rolim anteses ate vinho?
ARTUR NOGUEIRA (CORACAO CRIANCA),CAMPINAS (TERMINAL METROPOLITANO PREFEITO MAGALHAES TEIXEIRA),como eu vou do artur nogueira para o terminal metropolitano prefeito magalhaes teixeira em campinas?
ARTUR NOGUEIRA (CORACAO CRIANCA),CAMPINAS (TERMINAL METROPOLITANO PREFEITO MAGALHAES TEIXEIRA),como eu faco pra ir do artur nogueira (coracao crianca) para o terminal metropolitano prefeito magalhaes teixeira em campinas?
ARTUR NOGUEIRA (CORACAO CRIANCA),CAMPINAS (TERMINAL METROPOLITANO PREFEITO MAGALHAES TEIXEIRA),como eu vou do artur nogueira para o terminal metropolitano presidente magalhaes teixeira em campinas?
HORTOLANDIA (BOA ESPERANCA),CAMPINAS (TERMINAL METROPOLITANO PREFEITO MAGALHAES TEIXEIRA),como eu vou da hortolandia para o terminal metropolitano prefeito teixeira?
HORTOLANDIA (BOA ESPERANCA),CAMPINAS (TERMINAL METROPOLITANO PREFEITO MAGALHAES TEIXEIRA),to em hortolandia e quero saber como ir para o terminal metropolitano presidente teixeira.
HORTOLANDIA (BOA ESPERANCA),CAMPINAS (TERMINAL METROPOLITANO PREFEITO MAGALHAES TEIXEIRA),to em hortolandia e quero ir pra campinas.
SAO PAULO (SAO MIGUEL PAULISTA),GUARULHOS (CENTRO),como eu chego do sao paulo (sao miguel paulista) para o guarulhos (centro)?
SAO PAULO (SAO MIGUEL PAULISTA),GUARULHOS (CENTRO),to em sao paulo e quero saber como ir para guarulhos.
SAO PAULO (SAO MIGUEL PAULISTA),GUARULHOS (CENTRO),como eu faco pra ir de sao paulo para guarulhos?
HORTOLANDIA (JARDIM SANTIAGO),CAMPINAS (TERMINAL METROPOLITANO PREFEITO MAGALHAES TEIXEIRA),"to em jardim santiago e quero saber como ir pra campinas, no terminal metropolitano do governador."
HORTOLANDIA (JARDIM SANTIAGO),CAMPINAS (TERMINAL METROPOLITANO PREFEITO MAGALHAES TEIXEIRA),"to em jardim santiago e quero ir pra campinas, no terminal metropolitano presidente teixeira."
HORTOLANDIA (JARDIM SANTIAGO),CAMPINAS (TERMINAL METROPOLITANO PREFEITO MAGALHAES TEIXEIRA),to em jardim santiago e quero saber como ir pra campinas.
HORTOLANDIA (PARQUE DO HORTO),CAMPINAS (TERMINAL METROPOLITANO PREFEITO MAGALHAES TEIXEIRA),to no parque do hortolanda e quero saber como ir pra campinas.
HORTOLANDIA (PARQUE DO HORTO),CAMPINAS (TERMINAL METROPOLITANO PREFEITO MAGALHAES TEIXEIRA),to no parque do hortolanda e quero saber como ir para a campina.
HORTOLANDIA (PARQUE DO HORTO),CAMPINAS (TERMINAL METROPOLITANO PREFEITO MAGALHAES TEIXEIRA),to em hortolandia e quero saber como ir pra campinas.
HORTOLANDIA (TERMINAL METROPOLITANO HORTOLANDIA),CAMPINAS (TERMINAL METROPOLITANO PREFEITO MAGALHAES TEIXEIRA),como eu vou do terminal metropolitano hortolandia para o terminal metropolitano campos do povo?
HORTOLANDIA (TERMINAL METROPOLITANO HORTOLANDIA),CAMPINAS (TERMINAL METROPOLITANO PREFEITO MAGALHAES TEIXEIRA),to perto do metro hortolandia e quero ir pra campinas.
HORTOLANDIA (TERMINAL METROPOLITANO HORTOLANDIA),CAMPINAS (TERMINAL METROPOLITANO PREFEITO MAGALHAES TEIXEIRA),como eu faco pra ir do terminal metropolitano hortolandia ate o terminal metropolitano presidente teixeira?
HORTOLANDIA (TERMINAL METROPOLITANO HORTOLANDIA),CAMPINAS (TERMINAL METROPOLITANO PREFEITO MAGALHAES TEIXEIRA),to no terminal metropolitano hortolandia e quero saber como chegar no terminal metropolitano prefeito teixeira.
HORTOLANDIA (TERMINAL METROPOLITANO HORTOLANDIA),CAMPINAS (TERMINAL METROPOLITANO PREFEITO MAGALHAES TEIXEIRA),to no terminal metropolitano hortolandia e quero saber como chegar no terminal metropolitano prefeito teixeira.
HORTOLANDIA (TERMINAL METROPOLITANO HORTOLANDIA),CAMPINAS (TERMINAL METROPOLITANO PREFEITO MAGALHAES TEIXEIRA),to no terminal metropolitano hortolandia e quero saber como ir pra campinas.
HORTOLANDIA (NOVA HORTOLANDIA),CAMPINAS (TERMINAL METROPOLITANO PREFEITO MAGALHAES TEIXEIRA),to em hortolanda e quero saber como ir pra campinas.
HORTOLANDIA (NOVA HORTOLANDIA),CAMPINAS (TERMINAL METROPOLITANO PREFEITO MAGALHAES TEIXEIRA),to em hortolanda e quero saber como chegar na campinas.
HORTOLANDIA (NOVA HORTOLANDIA),CAMPINAS (TERMINAL METROPOLITANO PREFEITO MAGALHAES TEIXEIRA),to em hortolandia e quero saber como chegar em campinas.
HORTOLANDIA (PARQUE DOS PINHEIROS),CAMPINAS (TERMINAL METROPOLITANO PREFEITO MAGALHAES TEIXEIRA),to em hortolandia e quero saber como chegar na terminal metropolitano do parque dos pinheiros.
HORTOLANDIA (PARQUE DOS PINHEIROS),CAMPINAS (TERMINAL METROPOLITANO PREFEITO MAGALHAES TEIXEIRA),to em hortolandia e quero saber como ir pra campinas.
HORTOLANDIA (PARQUE DOS PINHEIROS),CAMPINAS (TERMINAL METROPOLITANO PREFEITO MAGALHAES TEIXEIRA),to no parque dos pinheiros e quero saber como ir para a campinas.
HORTOLANDIA (JARDIM AMANDA),CAMPINAS (TERMINAL METROPOLITANO PREFEITO MAGALHAES TEIXEIRA),to em jardim amanda e quero ir pro terminal metropolitano do prefeito magalhaes teixeira.
HORTOLANDIA (JARDIM AMANDA),CAMPINAS (TERMINAL METROPOLITANO PREFEITO MAGALHAES TEIXEIRA),to em jardim amanda e quero saber como ir para o terminal metropolitano do prefeito magalhaes teixeira.
HORTOLANDIA (JARDIM AMANDA),CAMPINAS (TERMINAL METROPOLITANO PREFEITO MAGALHAES TEIXEIRA),to em jardim mandava e quero saber como ir pra campinas.
HORTOLANDIA (JARDIM AMANDA),CAMPINAS (TERMINAL METROPOLITANO PREFEITO MAGALHAES TEIXEIRA),to em jardim amanda e quero saber como pegar no terminal metropolitano do prefeito magalhaes teixeira.
HORTOLANDIA (JARDIM AMANDA),CAMPINAS (TERMINAL METROPOLITANO PREFEITO MAGALHAES TEIXEIRA),to em jardim amanda e quero saber como ir para o terminal metropolitano presidente teixeira.
HORTOLANDIA (JARDIM AMANDA),CAMPINAS (TERMINAL METROPOLITANO PREFEITO MAGALHAES TEIXEIRA),to em jardim amanda e quero saber como ir para o terminal metropolitano presidente teixeira.
HORTOLANDIA (PARQUE ORESTE ONGARO),CAMPINAS (TERMINAL METROPOLITANO PREFEITO MAGALHAES TEIXEIRA),to em hortolandia e quero saber como pegar no terminal metropolitano de campos do py.
HORTOLANDIA (PARQUE ORESTE ONGARO),CAMPINAS (TERMINAL METROPOLITANO PREFEITO MAGALHAES TEIXEIRA),to em hortolandia e quero saber como chegar em campinas.
HORTOLANDIA (PARQUE ORESTE ONGARO),CAMPINAS (TERMINAL METROPOLITANO PREFEITO MAGALHAES TEIXEIRA),como eu faco pra ir do parque orestes ongar pra terminal metropolitano prefeito magalhaes teixeira?
HORTOLANDIA (JARDIM NOVO CAMBUI),CAMPINAS (TERMINAL METROPOLITANO PREFEITO MAGALHAES TEIXEIRA),to em jardim novo cambui e quero saber como ir pra campinas.
HORTOLANDIA (JARDIM NOVO CAMBUI),CAMPINAS (TERMINAL METROPOLITANO PREFEITO MAGALHAES TEIXEIRA),to em jardim novo cambui e quero saber como ir pra campinas.
HORTOLANDIA (JARDIM NOVO CAMBUI),CAMPINAS (TERMINAL METROPOLITANO PREFEITO MAGALHAES TEIXEIRA),to em jardim novo cambui e quero ir pra campinas.
HORTOLANDIA (JARDIM SANTA FE),CAMPINAS (TERMINAL METROPOLITANO PREFEITO MAGALHAES TEIXEIRA),to em jardim santa fe e quero saber como ir pra campinas.
HORTOLANDIA (JARDIM SANTA FE),CAMPINAS (TERMINAL METROPOLITANO PREFEITO MAGALHAES TEIXEIRA),to em jardim santa fe e quero saber como chegar na estacao metro presidente pedro.
HORTOLANDIA (JARDIM SANTA FE),CAMPINAS (TERMINAL METROPOLITANO PREFEITO MAGALHAES TEIXEIRA),to em jardim santa fe e quero saber como pegar no terminal metro presidente portugal.
HORTOLANDIA (SUMAREZINHO),CAMPINAS (TERMINAL METROPOLITANO PREFEITO MAGALHAES TEIXEIRA),to em hortolandia e quero saber como ir pra campinas.
HORTOLANDIA (SUMAREZINHO),CAMPINAS (TERMINAL METROPOLITANO PREFEITO MAGALHAES TEIXEIRA),to em hortolandia e quero saber como chegar na campinas.
HORTOLANDIA (SUMAREZINHO),CAMPINAS (TERMINAL METROPOLITANO PREFEITO MAGALHAES TEIXEIRA),to em hortolandia e quero saber como ir para o terminal metropolitano do prefeito magalhaes teixeira.
HORTOLANDIA (JARDIM ROSOLEM),CAMPINAS (TERMINAL METROPOLITANO PREFEITO MAGALHAES TEIXEIRA),to em jardim roselem e quero saber como chegar no terminal metropolitano presidente teixeira.
HORTOLANDIA (JARDIM ROSOLEM),CAMPINAS (TERMINAL METROPOLITANO PREFEITO MAGALHAES TEIXEIRA),to em jardim rosolemem e quero saber como chegar na campinas.
HORTOLANDIA (JARDIM ROSOLEM),CAMPINAS (TERMINAL METROPOLITANO PREFEITO MAGALHAES TEIXEIRA),"to em jardim rosolem e quero saber como ir pra campinas, no terminal metropolitano prefectura teixeira."
HORTOLANDIA (CHACARA ASSAY),CAMPINAS (TERMINAL METROPOLITANO PREFEITO MAGALHAES TEIXEIRA),to em hortolandia e quero saber como chegar no terminal metropolianico do prefeito teixeira.
HORTOLANDIA (CHACARA ASSAY),CAMPINAS (TERMINAL METROPOLITANO PREFEITO MAGALHAES TEIXEIRA),to em hortolandia e quero ir para o terminal metropolitano prefeito magalhaes teixeira.
HORTOLANDIA (CHACARA ASSAY),CAMPINAS (TERMINAL METROPOLITANO PREFEITO MAGALHAES TEIXEIRA),to em hortolandia e quero ir para o terminal metro de campinas.
HORTOLANDIA (JARDIM NOVA AMERICA),CAMPINAS (TERMINAL METROPOLITANO PREFEITO MAGALHAES TEIXEIRA),como eu chego da hortolandia para o terminal metropolitano do prefeito magalhaes teixeira?
HORTOLANDIA (JARDIM NOVA AMERICA),CAMPINAS (TERMINAL METROPOLITANO PREFEITO MAGALHAES TEIXEIRA),to em jardim nova america e quero saber como ir para a pampas do metro.
HORTOLANDIA (JARDIM NOVA AMERICA),CAMPINAS (TERMINAL METROPOLITANO PREFEITO MAGALHAES TEIXEIRA),to em jardim nova america e quero saber como ir pra campinas.
MONTE MOR (TERMINAL RODOVIARIO VEREADOR GERALDO BENINI),CAMPINAS (TERMINAL METROPOLITANO PREFEITO MAGALHAES TEIXEIRA),to na monte mor e quero saber como ir para as cidades de campinas.
MONTE MOR (TERMINAL RODOVIARIO VEREADOR GERALDO BENINI),CAMPINAS (TERMINAL METROPOLITANO PREFEITO MAGALHAES TEIXEIRA),to aqui no monte mor e quero saber como chegar em campinas.
MONTE MOR (TERMINAL RODOVIARIO VEREADOR GERALDO BENINI),CAMPINAS (TERMINAL METROPOLITANO PREFEITO MAGALHAES TEIXEIRA),to perto do monte mor e quero ir para as cidades de campinas.
MONTE MOR (JARDIM SAO SEBASTIAO),CAMPINAS (TERMINAL METROPOLITANO PREFEITO MAGALHAES TEIXEIRA),to em monte mor (jardim sao sebastiao) e quero saber como ir pra campinas.
MONTE MOR (JARDIM SAO SEBASTIAO),CAMPINAS (TERMINAL METROPOLITANO PREFEITO MAGALHAES TEIXEIRA),to aqui em monte mor (jardim sao sebastiaio) e quero ir pra campinas.
MONTE MOR (JARDIM SAO SEBASTIAO),CAMPINAS (TERMINAL METROPOLITANO PREFEITO MAGALHAES TEIXEIRA),to na monte mor e quero saber como ir para a campinas.
MONTE MOR (JARDIM PAULISTA),CAMPINAS (TERMINAL METROPOLITANO PREFEITO MAGALHAES TEIXEIRA),to em monte mor (jardimpaulista) e quero saber como ir para o terminal metropolitano do prefeito teixeira.
MONTE MOR (JARDIM PAULISTA),CAMPINAS (TERMINAL METROPOLITANO PREFEITO MAGALHAES TEIXEIRA),"to em monte mor (jardimpaulista) e quero saber como ir para a campinas, pelo terminal metropolitano presidente teixeira."
MONTE MOR (JARDIM PAULISTA),CAMPINAS (TERMINAL METROPOLITANO PREFEITO MAGALHAES TEIXEIRA),to em monte mor (jardimpaulista) e quero saber como ir para o terminal metropolitano presidente teixeira.
MONTE MOR (TERMINAL RODOVIARIO DE MONTE MOR),CAMPINAS (TERMINAL METROPOLITANO PREFEITO MAGALHAES TEIXEIRA),to perto do monte mor e quero saber como pegar no terminal metropolitano do prefeito magalhaes teixeira.
MONTE MOR (TERMINAL RODOVIARIO DE MONTE MOR),CAMPINAS (TERMINAL METROPOLITANO PREFEITO MAGALHAES TEIXEIRA),to no monte mor e quero saber como ir para campinas.
MONTE MOR (TERMINAL RODOVIARIO DE MONTE MOR),CAMPINAS (TERMINAL METROPOLITANO PREFEITO MAGALHAES TEIXEIRA),to aqui em monte mor e quero ir pra campinas.
MONTE MOR (JARDIM CAPUAVINHA),CAMPINAS (TERMINAL METROPOLITANO PREFEITO MAGALHAES TEIXEIRA),to em monte mor e quero saber como ir para a campinas.
MONTE MOR (JARDIM CAPUAVINHA),CAMPINAS (TERMINAL METROPOLITANO PREFEITO MAGALHAES TEIXEIRA),to aqui em monte mor (jardim capuavinha) e queria saber como pegar no terminal metropolitano do jardim capavinha.
MONTE MOR (JARDIM CAPUAVINHA),CAMPINAS (TERMINAL METROPOLITANO PREFEITO MAGALHAES TEIXEIRA),"to em monte mor e quero ir pra campinas, no terminal metropolitano do jardim capavinha."
JAGUARIUNA (DISTRITO INDUSTRIAL),CAMPINAS (TERMINAL METROPOLITANO PREFEITO MAGALHAES TEIXEIRA),to aqui no jaguariuna (distrito industrial) e quero saber como ir para campinas.
JAGUARIUNA (DISTRITO INDUSTRIAL),CAMPINAS (TERMINAL METROPOLITANO PREFEITO MAGALHAES TEIXEIRA),to aqui no jaguariuna (distrito industrial) e preciso saber como chegar em campinas.
JAGUARIUNA (DISTRITO INDUSTRIAL),CAMPINAS (TERMINAL METROPOLITANO PREFEITO MAGALHAES TEIXEIRA),to aqui no jaguariuna (distrito industrial) e quero saber como ir pra campinas.
JAGUARIUNA (JOAO NASSIF),CAMPINAS (TERMINAL METROPOLITANO PREFEITO MAGALHAES TEIXEIRA),como eu faco pra chegar no terminal metropolitano presidente teixeira daqui da campina?
JAGUARIUNA (JOAO NASSIF),CAMPINAS (TERMINAL METROPOLITANO PREFEITO MAGALHAES TEIXEIRA),to em jaguariuna (joao nassif) e quero saber como chegar na campina.
JAGUARIUNA (JOAO NASSIF),CAMPINAS (TERMINAL METROPOLITANO PREFEITO MAGALHAES TEIXEIRA),to na jaguariuna e quero saber como pegar no terminal metropolitano presidente teixeira.
JAGUARIUNA (TERMINAL RODOVIARIO DE JAGUARIUNA),SANTO ANTONIO DE POSSE (CENTRO),to aqui no jaguariuna de voces e quero saber como ir para o santo antonio de posse.
JAGUARIUNA (TERMINAL RODOVIARIO DE JAGUARIUNA),SANTO ANTONIO DE POSSE (CENTRO),to aqui no jaguariuna de urucu e quero saber como ir para o santo antonio de pose.
JAGUARIUNA (TERMINAL RODOVIARIO DE JAGUARIUNA),SANTO ANTONIO DE POSSE (CENTRO),to aqui no jaguariuna de urubupunga e preciso saber como pegar o santo antonio de posse.
VINHEDO (TERMINAL RODOVIARIO DE VINHEDO),CAMPINAS (UNICAMP),to no vinhedo e quero saber como ir para a unicamp.
VINHEDO (TERMINAL RODOVIARIO DE VINHEDO),CAMPINAS (UNICAMP),to no vinhedo e quero saber como ir para a unicamp.
VINHEDO (TERMINAL RODOVIARIO DE VINHEDO),CAMPINAS (UNICAMP),como eu chego da vinhedo para o unicamp?
VINHEDO (TERMINAL RODOVIARIO DE VINHEDO),CAMPINAS (JARDIM CAMPINEIRO),como eu faco pra ir do vinhedo para o jardim campinho?
VINHEDO (TERMINAL RODOVIARIO DE VINHEDO),CAMPINAS (JARDIM CAMPINEIRO),to em vinhedo e quero saber como chegar em campinas.
VINHEDO (TERMINAL RODOVIARIO DE VINHEDO),CAMPINAS (JARDIM CAMPINEIRO),to em vinhedo e quero saber como ir para o jardim campinario.
VINHEDO (TERMINAL RODOVIARIO DE VINHEDO),CAMPINAS (SHOPPING PARQUE DOM PEDRO I),to no vinhedo e quero saber como pegar a campina.
VINHEDO (TERMINAL RODOVIARIO DE VINHEDO),CAMPINAS (SHOPPING PARQUE DOM PEDRO I),to em vinhedo e quero saber como pegar no terminal rodoviario de vinhedo e ir para campinas.
VINHEDO (TERMINAL RODOVIARIO DE VINHEDO),CAMPINAS (SHOPPING PARQUE DOM PEDRO I),to aqui no vinhedo e quero saber como ir pra campinas.
SANTO ANTONIO DE POSSE (CENTRO),CAMPINAS (TERMINAL METROPOLITANO PREFEITO MAGALHAES TEIXEIRA),to aqui em santo antonio de posse e quero saber como ir para o terminal metropolitano do prefeito magalhaes teixeira.
SANTO ANTONIO DE POSSE (CENTRO),CAMPINAS (TERMINAL METROPOLITANO PREFEITO MAGALHAES TEIXEIRA),como eu vou do santo antonio de posse ate o terminal metropolitano presidente magalhaes teixeira?
SANTO ANTONIO DE POSSE (CENTRO),CAMPINAS (TERMINAL METROPOLITANO PREFEITO MAGALHAES TEIXEIRA),como eu vou do santo antonio de posse ate o terminal metropolitano presidente teixeira?
ARTUR NOGUEIRA (CORACAO CRIANCA),HOLAMBRA (CENTRO),como eu vou de artur nogueira (coracao crianca) para holambra (centro)?
ARTUR NOGUEIRA (CORACAO CRIANCA),HOLAMBRA (CENTRO),como eu vou de artur nogueira (coracao crianca) para holambra (centro)?
ARTUR NOGUEIRA (CORACAO CRIANCA),HOLAMBRA (CENTRO),to em artur nogueira (coracao crianca) e quero saber como ir da holambra para o centro.
COSMOPOLIS (TERMINAL RODOVIARIO DE COSMOPOLIS),HOLAMBRA (CENTRO),to no terminal rodoviario de cosmopolis e quero saber como ir para holambra.
COSMOPOLIS (TERMINAL RODOVIARIO DE COSMOPOLIS),HOLAMBRA (CENTRO),to no terminal rodoviario de cosmopolis e quero saber como ir para holambra no centro.
COSMOPOLIS (TERMINAL RODOVIARIO DE COSMOPOLIS),HOLAMBRA (CENTRO),como eu saio do terminal rodoviario de cosmopolis e chego em holambra no centro?
INDAIATUBA (TERMINAL RODOVIARIO VEREADOR MAURILIO GONCALVES PINTO),VINHEDO (TERMINAL RODOVIARIO DE VINHEDO),como eu vou do terminal rodoviario vereador maurilio goncalves pinto para vinhedo?
INDAIATUBA (TERMINAL RODOVIARIO VEREADOR MAURILIO GONCALVES PINTO),VINHEDO (TERMINAL RODOVIARIO DE VINHEDO),como eu chego do terminal rodoviario vereador maurilio goncalves pinto a vinho?
INDAIATUBA (TERMINAL RODOVIARIO VEREADOR MAURILIO GONCALVES PINTO),VINHEDO (TERMINAL RODOVIARIO DE VINHEDO),como eu faco para ir do terminal rodoviario vereador maurilio goncalves pinto para vinhedo?
INDAIATUBA (TERMINAL RODOVIARIO VEREADOR MAURILIO GONCALVES PINTO),CAMPINAS (AEROPORTO INTERNACIONAL DE VIRACOPOS),como eu faco pra ir do terminal rodoviario vereador maurol goncalves pinto em indaiatuba e chegar no aeroporto internacional de viracopos?
INDAIATUBA (TERMINAL RODOVIARIO VEREADOR MAURILIO GONCALVES PINTO),CAMPINAS (AEROPORTO INTERNACIONAL DE VIRACOPOS),como eu vou de indaiatuba pra campinas pelo aeroporto internacional de viracoops?
INDAIATUBA (TERMINAL RODOVIARIO VEREADOR MAURILIO GONCALVES PINTO),CAMPINAS (AEROPORTO INTERNACIONAL DE VIRACOPOS),como eu vou do terminal rodoviario vereador maurilio goncalves pinto para o aeroporto internacional de viracoops?
HORTOLANDIA (TERMINAL METROPOLITANO DE HORTOLANDIA),CAMPINAS (CAMPINAS SHOPPING CENTER),to no terminal metropolitano de hortolanda e quero saber como ir pra campinas.
HORTOLANDIA (TERMINAL METROPOLITANO DE HORTOLANDIA),CAMPINAS (CAMPINAS SHOPPING CENTER),to no terminal metropolitano de hortolandia e preciso saber como ir pra campinas shopping center.
HORTOLANDIA (TERMINAL METROPOLITANO DE HORTOLANDIA),CAMPINAS (CAMPINAS SHOPPING CENTER),como eu chego do terminal metropolitano de hortolanda para o campinhas shopping center?
SUMARE (JARDIM JOAO PAULO II),CAMPINAS (CAMPINAS SHOPPING CENTER),como eu vou do sumare (jardim jopaulo ii) para a campinas shopping center?
SUMARE (JARDIM JOAO PAULO II),CAMPINAS (CAMPINAS SHOPPING CENTER),to no sumare (jardim joao paulo ii) e quero saber como ir pra campinas.
SUMARE (JARDIM JOAO PAULO II),CAMPINAS (CAMPINAS SHOPPING CENTER),to em sumare (jardim jopaulo ii) e quero saber como chegar em campinas.
HORTOLANDIA (TERMINAL METROPOLITANO HORTOLANDIA),CAMPINAS (TERMINAL METROPOLITANO PREFEITO MAGALHAES TEIXEIRA),como eu vou do terminal metropolitano hortolandia pra terminal metropolitano campos do espirito santo?
HORTOLANDIA (TERMINAL METROPOLITANO HORTOLANDIA),CAMPINAS (TERMINAL METROPOLITANO PREFEITO MAGALHAES TEIXEIRA),como eu faco pra ir do terminal metropolitano hortolanda pra terminal metropolitano teixeira?
HORTOLANDIA (TERMINAL METROPOLITANO HORTOLANDIA),CAMPINAS (TERMINAL METROPOLITANO PREFEITO MAGALHAES TEIXEIRA),como eu vou do terminal metropolitano hortolandia pra terminal metropolitano prefeito teixeira?
HORTOLANDIA (TERMINAL METROPOLITANO DE HORTOLANDIA),CAMPINAS (TERMINAL CAMPO GRANDE),como eu chego do terminal metropolitano de hortolanda ate o campo grande?
HORTOLANDIA (TERMINAL METROPOLITANO DE HORTOLANDIA),CAMPINAS (TERMINAL CAMPO GRANDE),to no terminal metropolitano de hortolandia e quero saber como chegar no campo grande.
HORTOLANDIA (TERMINAL METROPOLITANO DE HORTOLANDIA),CAMPINAS (TERMINAL CAMPO GRANDE),como eu vou do metro hortolanda pra campinas?
COSMOPOLIS (TERMINAL RODOVIARIO DE COSMOPOLIS),CAMPINAS (TERMINAL METROPOLITANO PREFEITO MAGALHAES TEIXEIRA),como eu vou do terminal rodoviario de cosmopolis para a campinas?
COSMOPOLIS (TERMINAL RODOVIARIO DE COSMOPOLIS),CAMPINAS (TERMINAL METROPOLITANO PREFEITO MAGALHAES TEIXEIRA),como eu vou do terminal rodoviario de cosmopolis para a campinas?
COSMOPOLIS (TERMINAL RODOVIARIO DE COSMOPOLIS),CAMPINAS (TERMINAL METROPOLITANO PREFEITO MAGALHAES TEIXEIRA),como eu vou do terminal rodoviario de cosmopolis para a campinas?
HORTOLANDIA (TERMINAL METROPOLITANO DE HORTOLANDIA),MONTE MOR (TERMINAL RODOVIARIO DE MONTE MOR),to no terminal metropolitano de hortolanda e preciso saber como chegar no terminal rodoviario de monte mor.
HORTOLANDIA (TERMINAL METROPOLITANO DE HORTOLANDIA),MONTE MOR (TERMINAL RODOVIARIO DE MONTE MOR),como eu faco pra ir do terminal metropolitano de hortolandia pro terminal rodoviario de monte mor?
HORTOLANDIA (TERMINAL METROPOLITANO DE HORTOLANDIA),MONTE MOR (TERMINAL RODOVIARIO DE MONTE MOR),como eu vou do terminal metropolitano de hortolanda para o terminal rodoviario de monte mor?
HORTOLANDIA (TERMINAL METROPOLITANO HORTOLANDIA),CAMPINAS (UNICAMP),to perto do metro hortolandia e quero saber como ir para o unicamp.
HORTOLANDIA (TERMINAL METROPOLITANO HORTOLANDIA),CAMPINAS (UNICAMP),como eu chego do terminal metro hortolandia ate o unicamp?
HORTOLANDIA (TERMINAL METROPOLITANO HORTOLANDIA),CAMPINAS (UNICAMP),to no terminal metropolitano hortolandia e quero saber como ir pra unicam.
SUMARE (TERMINAL RODOVIARIO DE SUMARE),AMERICANA (TERMINAL METROPOLITANO DE AMERICANA),como eu chego da sumare a americana?
SUMARE (TERMINAL RODOVIARIO DE SUMARE),AMERICANA (TERMINAL METROPOLITANO DE AMERICANA),como eu faco para ir do sumare de sumare para a americana?
SUMARE (TERMINAL RODOVIARIO DE SUMARE),AMERICANA (TERMINAL METROPOLITANO DE AMERICANA),como eu chego da sumare para a americana?
SANTA BARBARA D OESTE (RODOTERMINAL DE SANTA BARBARA D OESTE),AMERICANA ( TERMINAL METROPOLITANO DE AMERICANA),como eu vou da santa barbara d'este ate a americana?
SANTA BARBARA D OESTE (RODOTERMINAL DE SANTA BARBARA D OESTE),AMERICANA ( TERMINAL METROPOLITANO DE AMERICANA),como eu vou da santa barbara d'este a terminal metropolitano de americana?
SANTA BARBARA D OESTE (RODOTERMINAL DE SANTA BARBARA D OESTE),AMERICANA ( TERMINAL METROPOLITANO DE AMERICANA),como eu saio da santa barbara d'este (rotodal) e chego na americana?
SUMARE (CEPAP),HORTOLANDIA (JARDIM AMANDA),to em sumare (jardim amanda) e quero saber como chegar em hortolandia.
SUMARE (CEPAP),HORTOLANDIA (JARDIM AMANDA),como eu consigo ir do sumare (cepap) para o jardim amanda?
SUMARE (CEPAP),HORTOLANDIA (JARDIM AMANDA),to em sumare (jardim amanda) e quero saber como ir daqui.
HORTOLANDIA (NOVA AMERICA),SUMARE (CECAP),to em hortolandia e quero saber como ir para sumare.
HORTOLANDIA (NOVA AMERICA),SUMARE (CECAP),to em hortolandia e quero saber como chegar em sumare.
HORTOLANDIA (NOVA AMERICA),SUMARE (CECAP),to em hortolandia (nova america) e quero saber como ir para sumare.
SUMARE (CECAP),HORTOLANDIA (JARDIM MINDA),como eu vou do sumare (cecap) para o hortolandia?
SUMARE (CECAP),HORTOLANDIA (JARDIM MINDA),como eu chego de sumare (cecap) para hortolandia (jardim minda)?
SUMARE (CECAP),HORTOLANDIA (JARDIM MINDA),como eu faco para ir da sumare (cecap) para o hortolandia (jardim minda)?
SUMARE (CECAP),NOVA ODESSA (MARAJUARA),como eu faco para ir de sumare (cecap) para nova odissa (maj)?
SUMARE (CECAP),NOVA ODESSA (MARAJUARA),como eu vou da sumare (cecap) para a nova odessa (marajuara)?
SUMARE (CECAP),NOVA ODESSA (MARAJUARA),como eu vou de sumare (cecap) para nova odesi?
ITATIBA (TERMINAL RODOVIARIO ELIAS BAPTISTA ALVES),MORUNGABA (BAIRRO BUENOPOLIS),como eu faco pra ir do itatiba ate o morungaba?
ITATIBA (TERMINAL RODOVIARIO ELIAS BAPTISTA ALVES),MORUNGABA (BAIRRO BUENOPOLIS),como eu vou do terminal rodoviario elias batista alves para morungaba?
ITATIBA (TERMINAL RODOVIARIO ELIAS BAPTISTA ALVES),MORUNGABA (BAIRRO BUENOPOLIS),como eu chego do terminal rodoviario elias batista alves em morungaba?
MOGI DAS CRUZES (TERMINAL RODOVIARIO GERALDO SCAVONE),GUARULHOS (AEROPORTO INTERNACIONAL DE SAO PAULO),como eu posso ir do mogi das cruzes para o aeroporto internacional de guarulhos?
MOGI DAS CRUZES (TERMINAL RODOVIARIO GERALDO SCAVONE),GUARULHOS (AEROPORTO INTERNACIONAL DE SAO PAULO),como eu vou do terminal rodoviario geraldo scavone para o aeroporto internacional de guarulhos?
MOGI DAS CRUZES (TERMINAL RODOVIARIO GERALDO SCAVONE),GUARULHOS (AEROPORTO INTERNACIONAL DE SAO PAULO),como eu vou do terminal rodoviario geraldo scavone em mogi das cruzes para o aeroporto internacional de guarulhos?
GUARULHOS (TERMINAL METROPOLITANO TABOAO),SAO PAULO (METRO TUCURUVI),como eu vou do terminal metropolitano taboa para o metro tucuruvi?
GUARULHOS (TERMINAL METROPOLITANO TABOAO),SAO PAULO (METRO TUCURUVI),como eu faco para ir do terminal metropolitano taboa para o metro tucuruvi?
GUARULHOS (TERMINAL METROPOLITANO TABOAO),SAO PAULO (METRO TUCURUVI),como eu vou do terminal metropolitano taboa para o metro tucuruvi?
ITAPECERICA DA SERRA (JARDIM MONTEZANO),ITAPECERICA DA SERRA (JARDIM DAS OLIVEIRAS),como eu vou do itapecerica da serra (jardim montezano) para o itapecerica da serra (jardim das oliveiras)?
ITAPECERICA DA SERRA (JARDIM MONTEZANO),ITAPECERICA DA SERRA (JARDIM DAS OLIVEIRAS),como eu chego do itapecerica da serra (jardim montezano) ate o itapecerica da serra (jardim das oliveiras)?
ITAPECERICA DA SERRA (JARDIM MONTEZANO),ITAPECERICA DA SERRA (JARDIM DAS OLIVEIRAS),como eu vou do itapecerica da serra (jardim montezano) para o itapecerica da serra (jardim das oliveiras)?
ARUJA (PARQUE RODRIGO BARRETO),SAO PAULO (METRO ARMENIA),to em aruja e quero saber como ir para sao paulo.
ARUJA (PARQUE RODRIGO BARRETO),SAO PAULO (METRO ARMENIA),como eu chego do aruja para o sao paulo pelo metro armenia?
ARUJA (PARQUE RODRIGO BARRETO),SAO PAULO (METRO ARMENIA),to em aruja e quero saber como chegar em sao paulo.
JUQUITIBA (FAZENDA SAMA),ITAPECERICA DA SERRA (VALO VELHO),to em juquitiba e queria saber como ir do aqui para o itapecerica da serra velho.
JUQUITIBA (FAZENDA SAMA),ITAPECERICA DA SERRA (VALO VELHO),"como eu vou do juquitiba para o itapecerica da serra, vale velho?"
JUQUITIBA (FAZENDA SAMA),ITAPECERICA DA SERRA (VALO VELHO),como eu vou do juquitiba para o itapecerica da serra?
PIRAPORA DO BOM JESUS (JARDIM BOM JESUS),BARUERI (ALDEIA DA SERRA),to em pirapora do bom jesus e quero saber como ir para o barreu.
PIRAPORA DO BOM JESUS (JARDIM BOM JESUS),BARUERI (ALDEIA DA SERRA),como eu chego do jardim bom jesus para o barreu?
PIRAPORA DO BOM JESUS (JARDIM BOM JESUS),BARUERI (ALDEIA DA SERRA),como eu vou do pirapora do bom jesus para o barueri?
SANTA ISABEL (JARDIM ELDORADO),ARUJA (CENTRO),to na santa isabel e quero saber como chegar no arju.
SANTA ISABEL (JARDIM ELDORADO),ARUJA (CENTRO),to em santa isabel (jardim eldorado) e quero saber como ir para o aruja.
SANTA ISABEL (JARDIM ELDORADO),ARUJA (CENTRO),to em santa isabel e quero saber como ir do jardim eldorado ate a aruja.
EMBU-GUACU (CHACARA FLORIDA),ITAPECERICA DA SERRA (VALO VELHO),"como eu vou de embu-guacu para itapecerica da serra, vale velho?"
EMBU-GUACU (CHACARA FLORIDA),ITAPECERICA DA SERRA (VALO VELHO),como eu faco pra ir de embu-guacu para itapecerca da serra valencia?
EMBU-GUACU (CHACARA FLORIDA),ITAPECERICA DA SERRA (VALO VELHO),como eu faco pra ir de embu-guacu pra itapecerca da serra valencia?
BARUERI (VALE DO SOL),SANTANA DE PARNAIBA (RESIDENCIAL BURLE MARX),como eu vou do barueri (vale do sol) para a santana de paraiba (residencial burle marx)?
BARUERI (VALE DO SOL),SANTANA DE PARNAIBA (RESIDENCIAL BURLE MARX),como eu vou do barueri (vale do sol) para a santana de paraiba (residencial burle marx)?
BARUERI (VALE DO SOL),SANTANA DE PARNAIBA (RESIDENCIAL BURLE MARX),como eu chego da vale do sol para a santana de paraniba?
ITAPEVI (CIDADE DA SAUDE),EMBU DAS ARTES (CENTRO),como eu chego de itapevi (cidade da saude) a embuas artes?
ITAPEVI (CIDADE DA SAUDE),EMBU DAS ARTES (CENTRO),como eu faco pra ir de itapevi para embuas artes?
ITAPEVI (CIDADE DA SAUDE),EMBU DAS ARTES (CENTRO),como eu chego de itapevi (cidade da saude) a embuas artes?
ARUJA (CENTRO),SAO PAULO (METRO ARMENIA),como eu chego do aruja (centro) ate o sao paulo?
ARUJA (CENTRO),SAO PAULO (METRO ARMENIA),to aqui em arju (centro) e quero saber como ir para sao paulo.
ARUJA (CENTRO),SAO PAULO (METRO ARMENIA),to aqui em aruja (centro) e queria saber como ir para sao paulo.
BARUERI (ALPHAVILLE),SAO PAULO (METRO ARMENIA),como eu vou do barueri (alphaville) para sao paulo?
BARUERI (ALPHAVILLE),SAO PAULO (METRO ARMENIA),como eu vou do barueri (alphaville) ate sao paulo?
BARUERI (ALPHAVILLE),SAO PAULO (METRO ARMENIA),como eu chego do barueri (alphaville) em sao paulo?
OSASCO (TERMINAL SANTA MARIA),BARUERI (ALPHAVILLE 3 / BRADESCO),como eu vou do terminal santa maria para o barueri?
OSASCO (TERMINAL SANTA MARIA),BARUERI (ALPHAVILLE 3 / BRADESCO),como eu faco pra ir do terminal santa maria pra barueri?
OSASCO (TERMINAL SANTA MARIA),BARUERI (ALPHAVILLE 3 / BRADESCO),como eu faco para ir do terminal santa maria ate o novoada?
SANTA ISABEL (JARDIM ELDORADO),SAO PAULO (METRO ARMENIA),como eu faco pra ir do jardim eldorado em santa isabel pra sao paulo?
SANTA ISABEL (JARDIM ELDORADO),SAO PAULO (METRO ARMENIA),como eu chego do jardim eldorado em santa isabel para o metro armenia?
SANTA ISABEL (JARDIM ELDORADO),SAO PAULO (METRO ARMENIA),to em santa isabel (jardim eldorado) e quero saber como ir para sao paulo.
BARUERI (SHOPPING TAMBORE),COTIA (JARDIM ROSEMARY),como eu chego do barueri (shopping tambore) para o cotia (jardim rosemary)?
BARUERI (SHOPPING TAMBORE),COTIA (JARDIM ROSEMARY),como eu faco pra ir do barueri (shopping tambore) para o cotia (jardim rosemary)?
BARUERI (SHOPPING TAMBORE),COTIA (JARDIM ROSEMARY),como eu chego do barueri (shopping tambore) para o cotia (jardim rosemary)?
MAIRIPORA (TERMINAL RODOVIARIO SIGUEMI AIACYDA),SAO PAULO (METRO PARADA INGLESA),como eu vou do terminal rodoviario maisarapora para a estacao de metro da princesa isabela?
MAIRIPORA (TERMINAL RODOVIARIO SIGUEMI AIACYDA),SAO PAULO (METRO PARADA INGLESA),como eu vou do terminal rodoviario siguemi aiacyda para o metro da parada inglaterra?
MAIRIPORA (TERMINAL RODOVIARIO SIGUEMI AIACYDA),SAO PAULO (METRO PARADA INGLESA),como eu faco pra ir do terminal rodoviario significo mairipora pro metro da praca inglaterra?
OSASCO (RECANTO DAS ROSAS),SAO PAULO (METRO VILA SONIA),como eu vou do osasco (recanto das rosas) para o metro vila sonia?
OSASCO (RECANTO DAS ROSAS),SAO PAULO (METRO VILA SONIA),como eu vou do osasco (recanto das rosas) para o metro vila sonia?
OSASCO (RECANTO DAS ROSAS),SAO PAULO (METRO VILA SONIA),to em osasco e quero saber como ir de la para sao paulo.
PIRAPORA DO BOM JESUS (JARDIM BOM JESUS),BARUERI (CENTRO),como eu vou do pirapora do bom jesus para o barueri?
PIRAPORA DO BOM JESUS (JARDIM BOM JESUS),BARUERI (CENTRO),to aqui em pirapora do bom jesus e quero saber como chegar no barreu.
PIRAPORA DO BOM JESUS (JARDIM BOM JESUS),BARUERI (CENTRO),como eu faco pra ir do pirapora do bom jesus para o barueri?
PIRAPORA DO BOM JESUS (PARQUE PAIOL),BARUERI (CENTRO),to no pirapora do bom jesus e quero saber como ir para o barreu.
PIRAPORA DO BOM JESUS (PARQUE PAIOL),BARUERI (CENTRO),como eu chego do pirapora do bom jesus ao barueri?
PIRAPORA DO BOM JESUS (PARQUE PAIOL),BARUERI (CENTRO),to no pirapora do bom jesus e quero saber como ir para o barreu.
POA (TERMINAL RODOVIARIO PEDRO FAVA - CIDADE KEMEL),GUARULHOS (CENTRO),to no terminal rodoviario pedro fava e quero saber como ir para guarulhos.
POA (TERMINAL RODOVIARIO PEDRO FAVA - CIDADE KEMEL),GUARULHOS (CENTRO),como eu faco pra ir do terminal rodoviario pedro fava para guarulhos?
POA (TERMINAL RODOVIARIO PEDRO FAVA - CIDADE KEMEL),GUARULHOS (CENTRO),como eu chego do terminal rodoviario pedro fava para guarulhos?
SANTANA DE PARNAIBA (TERMINAL RODOVIARIO DA FAZENDINHA),SAO PAULO (METRO PARAISO),como eu chego do terminal rodoviario da fazendinha para o metro paraiso?
SANTANA DE PARNAIBA (TERMINAL RODOVIARIO DA FAZENDINHA),SAO PAULO (METRO PARAISO),como eu vou do terminal rodoviario da fazendinha para o metro paraiso?
SANTANA DE PARNAIBA (TERMINAL RODOVIARIO DA FAZENDINHA),SAO PAULO (METRO PARAISO),como eu vou do terminal rodoviario da fazendinha para o metro paraiso?
JANDIRA (JARDIM NOSSA SENHORA DE FATIMA),SANTANA DE PARNAIBA (TERMINAL RODOVIARIO ALPHAVILLE),como eu chego do jardim nossa senhora de fatima ate o santana de parnaiba?
JANDIRA (JARDIM NOSSA SENHORA DE FATIMA),SANTANA DE PARNAIBA (TERMINAL RODOVIARIO ALPHAVILLE),como eu vou de jandira para santana de paranaiba?
JANDIRA (JARDIM NOSSA SENHORA DE FATIMA),SANTANA DE PARNAIBA (TERMINAL RODOVIARIO ALPHAVILLE),como eu vou de jandira para santana de parnaiba?
ITAPECERICA DA SERRA (PARQUE PARAISO),TABOAO DA SERRA (CENTRO),como eu vou do itapecerica da serra ate o taboa da serra?
ITAPECERICA DA SERRA (PARQUE PARAISO),TABOAO DA SERRA (CENTRO),como eu vou do itapecerica da serra ate o taboao da serra?
ITAPECERICA DA SERRA (PARQUE PARAISO),TABOAO DA SERRA (CENTRO),como eu faco pra ir do itapecerica da serra (parque paraiso) ate o taboao da serra (centro)?
CARAPICUIBA (JARDIM PLANALTO),BARUERI (ALPHAVILLE),to em carapicuiba e quero saber como ir para o novo bairro do barreu.
CARAPICUIBA (JARDIM PLANALTO),BARUERI (ALPHAVILLE),to em carapicuiba e quero saber como ir para o barreu.
CARAPICUIBA (JARDIM PLANALTO),BARUERI (ALPHAVILLE),to em carapicuiba e quero saber como ir para o barreu.
ITAPEVI (COHAB),SANTANA DE PARNAIBA (COLINAS DA ANHANGUERA),como eu faco para ir do itapevi ate a santana de paranaiba?
ITAPEVI (COHAB),SANTANA DE PARNAIBA (COLINAS DA ANHANGUERA),como eu vou do itapevi para santana de paranaiba?
ITAPEVI (COHAB),SANTANA DE PARNAIBA (COLINAS DA ANHANGUERA),como eu vou do itapevi para o santana de paranaiba?
TABOAO DA SERRA (JARDIM SAINT MORITZ),SAO PAULO (METRO CAMPO LIMPO),como eu vou do taboao da serra para o metro campo limpo?
TABOAO DA SERRA (JARDIM SAINT MORITZ),SAO PAULO (METRO CAMPO LIMPO),como eu vou do taboao da serra para o metro campo limpo?
TABOAO DA SERRA (JARDIM SAINT MORITZ),SAO PAULO (METRO CAMPO LIMPO),como eu vou do taboao da serra para o metro campo limpo?
SAO PAULO (METRO VILA SONIA),BARUERI (ALPHAVILLE/GREEN VALLEY),como eu faco para ir do metro vila sonia para o alphaville/green valley?
SAO PAULO (METRO VILA SONIA),BARUERI (ALPHAVILLE/GREEN VALLEY),como eu vou do metro vila sonia para o alphaville/green valley?
SAO PAULO (METRO VILA SONIA),BARUERI (ALPHAVILLE/GREEN VALLEY),como eu vou do metro vila sonia para o alphaville/green valley?
SUZANO (JARDIM BOA VISTA),ITAQUAQUECETUBA ( ESTACAO CPTM ARACARE),como eu vou de suzano para itaquaquecetuba?
SUZANO (JARDIM BOA VISTA),ITAQUAQUECETUBA ( ESTACAO CPTM ARACARE),como eu faco pra ir de suzano (jardim boa vista) pra itaquaquecetuba ( estacao cptm aracare)?
SUZANO (JARDIM BOA VISTA),ITAQUAQUECETUBA ( ESTACAO CPTM ARACARE),to na suzano (jardim boa vista) e quero saber como ir para itaquaquecetuba (estacao cptm aracare).
SAO PAULO (METRO MORUMBI),BARUERI (ALPHAVILLE / GREEN VALLEY),como eu faco para ir do metro morumbinho para o barueri?
SAO PAULO (METRO MORUMBI),BARUERI (ALPHAVILLE / GREEN VALLEY),como eu chego do sao paulo para o barueri?
SAO PAULO (METRO MORUMBI),BARUERI (ALPHAVILLE / GREEN VALLEY),como eu vou do sao paulo para o barueri?
SAO PAULO (METRO MORUMBI),BARUERI (ALPHAVILLE / GREEN VALLEY),como eu chego do sao paulo (metro morumbi) ao barueri?
SAO PAULO (METRO MORUMBI),BARUERI (ALPHAVILLE / GREEN VALLEY),como eu chego do saopaulo ao bareri?
SAO PAULO (METRO MORUMBI),BARUERI (ALPHAVILLE / GREEN VALLEY),como eu vou do sao paulo para o barueri?
OSASCO (TERMINAL METROPOLITANO LUIZ BORTOLOSSO - KM 21),SAO PAULO (METRO BUTANTA),como eu vou do terminal metropolitano luiz bortolo (km 21) para sao paulo?
OSASCO (TERMINAL METROPOLITANO LUIZ BORTOLOSSO - KM 21),SAO PAULO (METRO BUTANTA),como eu vou do terminal metropolitano luiz bortolo (km 21) para sao paulo?
OSASCO (TERMINAL METROPOLITANO LUIZ BORTOLOSSO - KM 21),SAO PAULO (METRO BUTANTA),como eu faco pra ir do terminal metropolitano luiz bortolso (km 21) para sao paulo?
EMBU DAS ARTES (JARDIM VALO VERDE),SAO PAULO (METRO VILA SONIA),to em embu das artes e quero saber como ir do jardim valo verde ate sao paulo.
EMBU DAS ARTES (JARDIM VALO VERDE),SAO PAULO (METRO VILA SONIA),como eu vou do embu das artes para o metro vila sonia?
EMBU DAS ARTES (JARDIM VALO VERDE),SAO PAULO (METRO VILA SONIA),como eu vou do embu das artes (jardim valo verde) para o metro vila sonia?
COTIA (MIRANTE DA MATA),SAO PAULO (METRO MORUMBI),to em cotia (mirante da mata) e quero saber como ir para o metro morumbi.
COTIA (MIRANTE DA MATA),SAO PAULO (METRO MORUMBI),to em cotia (mirante da mata) e quero saber como ir pra sao paulo.
COTIA (MIRANTE DA MATA),SAO PAULO (METRO MORUMBI),to em cotia (mirante da mata) e quero saber como ir para o metro morumbi.
POA (JARDIM NOVA POA),SUZANO (ESTACAO CPTM SUZANO),como eu vou do jardim nova poa para suzano?
POA (JARDIM NOVA POA),SUZANO (ESTACAO CPTM SUZANO),como eu vou do jardim nova poa para suzano?
POA (JARDIM NOVA POA),SUZANO (ESTACAO CPTM SUZANO),como eu chego do jardim nova poa para suzano?
TABOAO DA SERRA (CONDOMINIO JOAO CANDIDO),SAO PAULO (METRO CAMPO LIMPO),como eu vou do taboao da serra para o metro campo limpo?
TABOAO DA SERRA (CONDOMINIO JOAO CANDIDO),SAO PAULO (METRO CAMPO LIMPO),como eu vou do taboao da serra para o metro campo limpo?
TABOAO DA SERRA (CONDOMINIO JOAO CANDIDO),SAO PAULO (METRO CAMPO LIMPO),como eu vou do taboao da serra ate o metro campo limpo?
OSASCO (TERMINAL METROPOLITANO LUIZ BORTOLOSSO - KM 21),SAO PAULO (LAPA),como eu vou do terminal metropolitano luiz bortolo (km 21) para sao paulo (lapa)?
OSASCO (TERMINAL METROPOLITANO LUIZ BORTOLOSSO - KM 21),SAO PAULO (LAPA),como eu vou do terminal metropolitano luiz bortolosso (km 21) para sao paulo (lapa)?
OSASCO (TERMINAL METROPOLITANO LUIZ BORTOLOSSO - KM 21),SAO PAULO (LAPA),como eu vou do terminal metro luz bortolosso (km 21) para sao paulo?
OSASCO (TERMINAL METROPOLITANO  LUIZ BORTOLOSSO - KM 21),SAO PAULO (LAPA),como eu faco pra ir do terminal metropolitano luiz bortolosso (km 21) para sao paulo (lapa)?
OSASCO (TERMINAL METROPOLITANO  LUIZ BORTOLOSSO - KM 21),SAO PAULO (LAPA),como eu vou do terminal metropolitano luiz bortolosso (km 21) para sao paulo (lapa)?
OSASCO (TERMINAL METROPOLITANO  LUIZ BORTOLOSSO - KM 21),SAO PAULO (LAPA),como eu vou do terminal metropolitano luiz bortolosso (km 21) para sao paulo (lapa)?
FRANCISCO MORATO (CENTRO),SANTANA DE PARNAIBA (TERMINAL RODOVIARIO DA FAZENDINHA),to perto do francisco morato e quero saber como pegar no santana de paranaiba.
FRANCISCO MORATO (CENTRO),SANTANA DE PARNAIBA (TERMINAL RODOVIARIO DA FAZENDINHA),como eu faco pra ir do francisco morato ate a santana de paranaiba?
FRANCISCO MORATO (CENTRO),SANTANA DE PARNAIBA (TERMINAL RODOVIARIO DA FAZENDINHA),to perto do francisco morato e preciso saber como ir para a santana de paraniba.
DIADEMA (TABOAO),SAO PAULO (JABAQUARA),"to em diadema e quero saber como ir para sao paulo, jabaquara."
DIADEMA (TABOAO),SAO PAULO (JABAQUARA),"como eu vou do diadema para o saao paulo, especificamente para jabaquara?"
DIADEMA (TABOAO),SAO PAULO (JABAQUARA),"como eu chego de diadema para sao paulo, jabaquara?"
SAO VICENTE (JOQUEI CLUB),SANTOS (CENTRO),como eu faco pra ir de sao vicente para santos?
SAO VICENTE (JOQUEI CLUB),SANTOS (CENTRO),como eu faco pra ir do sao vicente para os santos?
SAO VICENTE (JOQUEI CLUB),SANTOS (CENTRO),como eu chego do sao vicente para o santos?
SAO VICENTE (VILA MARGARIDA),SANTOS (CENTRO),como eu faco pra ir do sao vicente a santos?
SAO VICENTE (VILA MARGARIDA),SANTOS (CENTRO),como eu chego do sao vicente na vila margarida e depois no santos?
SAO VICENTE (VILA MARGARIDA),SANTOS (CENTRO),to em sao vicente e quero saber como ir para santos.
SAO VICENTE (ESPLANADA DOS BARREIROS),SANTOS (CENTRO),como eu chego do sao vicente ate a avenida dos bandeirantes?
SAO VICENTE (ESPLANADA DOS BARREIROS),SANTOS (CENTRO),como eu chego do sao vicente para os santos?
SAO VICENTE (ESPLANADA DOS BARREIROS),SANTOS (CENTRO),como eu saio da esplanada dos barreiros e vou para os santos?
SAO VICENTE (CONJUNTO TANCREDO NEVES),SANTOS (CENTRO),como eu chego do conjunto tancredo neves ate aos santos?
SAO VICENTE (CONJUNTO TANCREDO NEVES),SANTOS (CENTRO),como eu chego do conjunto tancredo neves ate aos santos?
SAO VICENTE (CONJUNTO TANCREDO NEVES),SANTOS (CENTRO),como eu vou do conjunto tancredo neves para os santos?
SAO VICENTE (JAPUI),SANTOS (PRACA DOS ANDRADAS),como eu saio de sao vicente e chego na santos pratica das madracas?
SAO VICENTE (JAPUI),SANTOS (PRACA DOS ANDRADAS),como eu vou de sao vicente para santos na pratica dos andradas?
SAO VICENTE (JAPUI),SANTOS (PRACA DOS ANDRADAS),como eu vou de sao vicente para santos?
PRAIA GRANDE (TERMINAL RODOVIARIO E URBANO TUDE BASTOS),SANTOS (CENTRO),como eu chego dos terminais rodoviarios e urbanos de praia grande para santos?
PRAIA GRANDE (TERMINAL RODOVIARIO E URBANO TUDE BASTOS),SANTOS (CENTRO),como eu faco pra ir do terminal rodoviario e urbano de praia grande ate santos?
PRAIA GRANDE (TERMINAL RODOVIARIO E URBANO TUDE BASTOS),SANTOS (CENTRO),como eu vou do terminal rodoviario e urbano de praia grande para santos?
PERUIBE (TERMINAL RODOVIARIO DE PERUIBE),SAO VICENTE (TERMINAL BARREIROS),como eu chego do peruibe ao sao vicente?
PERUIBE (TERMINAL RODOVIARIO DE PERUIBE),SAO VICENTE (TERMINAL BARREIROS),como eu vou do peruibe para o sao vicente?
PERUIBE (TERMINAL RODOVIARIO DE PERUIBE),SAO VICENTE (TERMINAL BARREIROS),como eu faco para ir do perube para o sao vicente?
CUBATAO (FABRIL),SANTOS (PONTA DA PRAIA),to em cubatao e quero saber como ir para santos.
CUBATAO (FABRIL),SANTOS (PONTA DA PRAIA),to em cubatao e quero ir para santos.
CUBATAO (FABRIL),SANTOS (PONTA DA PRAIA),to em cubatao e quero ir pra santos.
SAO VICENTE (CONJUNTO TANCREDO NEVES),SANTOS (CENTRO),to em sao vicente e quero saber como ir para santos.
SAO VICENTE (CONJUNTO TANCREDO NEVES),SANTOS (CENTRO),como eu vou do conjunto tancredo neves ate os santos?
SAO VICENTE (CONJUNTO TANCREDO NEVES),SANTOS (CENTRO),como eu chego do conjunto tancredo neves ate os santos?
SAO VICENTE (PARQUE BITARU),SANTOS (PONTA DA PRAIA),como eu chego do sao vicente ao santos?
SAO VICENTE (PARQUE BITARU),SANTOS (PONTA DA PRAIA),como eu chego do parque bitaru para a ponta da praia?
SAO VICENTE (PARQUE BITARU),SANTOS (PONTA DA PRAIA),como eu chego do sao vicente ao santos?
GUARUJA (FERRY BOAT),CUBATAO (JARDIM CASQUEIRO),como eu faco o ferry boat do guaruja pra cubatao?
GUARUJA (FERRY BOAT),CUBATAO (JARDIM CASQUEIRO),como eu faco o ferry boat guaruja para cubatao?
GUARUJA (FERRY BOAT),CUBATAO (JARDIM CASQUEIRO),como eu vou do ferryboat guaruja para o jardim casmere?
PERUIBE (TERMINAL RODOVIARIO DE PERUIBE),SANTOS (TERMINAL RODOVIARIO DE SANTOS),como eu faco para ir do terminal rodoviario de perube para o terminal rodoviario de santos?
PERUIBE (TERMINAL RODOVIARIO DE PERUIBE),SANTOS (TERMINAL RODOVIARIO DE SANTOS),como eu chego do terminal rodoviario de perupibe ate o terminal rodoviario de santos?
PERUIBE (TERMINAL RODOVIARIO DE PERUIBE),SANTOS (TERMINAL RODOVIARIO DE SANTOS),como eu chego do terminal rodoviario de perube para o terminal rodoviario de santos?
PRAIA GRANDE (TERMINAL RODOVIARIO E URBANO TATICO FRANCISCO GOMES DA SILVA),CUBATAO (USIMINAS),como eu faco pra ir do praia grande ate cubatao?
PRAIA GRANDE (TERMINAL RODOVIARIO E URBANO TATICO FRANCISCO GOMES DA SILVA),CUBATAO (USIMINAS),como eu chego do terminal rodoviario e urbano tatico francisco gomes da silva ate cubatao?
PRAIA GRANDE (TERMINAL RODOVIARIO E URBANO TATICO FRANCISCO GOMES DA SILVA),CUBATAO (USIMINAS),como eu vou do terminal rodoviario e urbano tatico francisco gomes da silva para cubatao?
PRAIA GRANDE (TERMINAL RODOVIARIO E URBANO TATICO FRANCISCO GOMES DA SILVA),CUBATAO (USIMINAS),como eu chego do terminal rodoviario e urbano tatonico francisco gomes da silva em cubatao?
PRAIA GRANDE (TERMINAL RODOVIARIO E URBANO TATICO FRANCISCO GOMES DA SILVA),CUBATAO (USIMINAS),como eu chego do terminal rodoviario e urbano tatonico francisco gomes da silva em cubatao?
PRAIA GRANDE (TERMINAL RODOVIARIO E URBANO TATICO FRANCISCO GOMES DA SILVA),CUBATAO (USIMINAS),como eu chego do terminal rodoviario e urbano tatico francisco gomes da silva ate cubatao?
PRAIA GRANDE (TERM. ROD. E URBANO TATICO FRANCISCO GOMES DA SILVA),CUBATAO (USIMINAS),como eu chego de praia grande para cubatao?
PRAIA GRANDE (TERM. ROD. E URBANO TATICO FRANCISCO GOMES DA SILVA),CUBATAO (USIMINAS),como eu chego de praia grande ate cubatao?
PRAIA GRANDE (TERM. ROD. E URBANO TATICO FRANCISCO GOMES DA SILVA),CUBATAO (USIMINAS),como eu faco pra ir de praia grande para cubatao?
PRAIA GRANDE (TERMINAL RODOVIARIO E URBANO TATICO FRANCISCO GOMES DA SILVA),CUBATAO (CENTRO),como eu faco pra ir do terminal rodoviario e urbano tatonico francisco gomes da silva ate cubatao?
PRAIA GRANDE (TERMINAL RODOVIARIO E URBANO TATICO FRANCISCO GOMES DA SILVA),CUBATAO (CENTRO),to no terminal rodoviario e urbano tatico francisco gomes da silva e quero saber como chegar em cubatao.
PRAIA GRANDE (TERMINAL RODOVIARIO E URBANO TATICO FRANCISCO GOMES DA SILVA),CUBATAO (CENTRO),como eu chego do terminal rodoviario e urbano tatico francisco gomes da silva em cuateiro?
PRAIA GRANDE (TERM.ROD. E URBANO TATICO FRANCISCO GOMES DA SILVA),CUBATAO (USIMINAS),como eu chego de praia grande para cubatao?
PRAIA GRANDE (TERM.ROD. E URBANO TATICO FRANCISCO GOMES DA SILVA),CUBATAO (USIMINAS),como eu vou da praia grande para cubatao?
PRAIA GRANDE (TERM.ROD. E URBANO TATICO FRANCISCO GOMES DA SILVA),CUBATAO (USIMINAS),como eu chego de praia grande para cubatao?
SAO VICENTE (PARQUE DAS BANDEIRAS GLEBA II),CUBATAO (USIMINAS),como eu chego do parque das bandeiras gleba ii em cubatao?
SAO VICENTE (PARQUE DAS BANDEIRAS GLEBA II),CUBATAO (USIMINAS),como eu vou do parque das bandeiras gleba ii para cubatao?
SAO VICENTE (PARQUE DAS BANDEIRAS GLEBA II),CUBATAO (USIMINAS),como eu vou do parque das bandeiras gleba ii para cubatao?
SAO VICENTE (HUMAITA),CUBATAO (USIMINAS),como eu vou de sao vicente para cubatao?
SAO VICENTE (HUMAITA),CUBATAO (USIMINAS),como eu vou de sao vicente para cubatao?
SAO VICENTE (HUMAITA),CUBATAO (USIMINAS),como eu vou de sao vicente para cubatao?
SAO VICENTE (NAUTICA III),SANTOS (CANAL 4),como eu faco pra ir do sao vicente (nautica iii) para santos?
SAO VICENTE (NAUTICA III),SANTOS (CANAL 4),como eu chego do sao vicente (nautica iii) para o santos (canal 4)?
SAO VICENTE (NAUTICA III),SANTOS (CANAL 4),como eu faco para ir do sao vicente (nautica iii) para o santos (canal 4)?
CUBATAO (USIMINAS),SANTOS (PONTA DA PRAIA),como eu chego de cubatao (usiminas) a santos (ponta da praia)?
CUBATAO (USIMINAS),SANTOS (PONTA DA PRAIA),to em cubatao (usiminas) e queria saber como ir para santos (ponta da praia).
CUBATAO (USIMINAS),SANTOS (PONTA DA PRAIA),como eu faco pra ir do cubatao (usiminas) para os santos (ponta da praia)?
CUBATAO (JARDIM  CARAGUATA),SANTOS (PONTA DA PRAIA),to em cubatao (jardim  caraguata) e quero saber como ir para santos.
CUBATAO (JARDIM  CARAGUATA),SANTOS (PONTA DA PRAIA),to em cubatao (jardim  caraguata) e quero ir para santos (ponta da praia).
CUBATAO (JARDIM  CARAGUATA),SANTOS (PONTA DA PRAIA),como eu chego de cubatao (jardim caraguata) a santos?
CUBATAO (JARDIM NOVA REPUBLICA),SANTOS (PONTA DA PRAIA),como eu vou do jardim nova republica para santos?
CUBATAO (JARDIM NOVA REPUBLICA),SANTOS (PONTA DA PRAIA),como eu faco para ir do jardim nova republica para santos?
CUBATAO (JARDIM NOVA REPUBLICA),SANTOS (PONTA DA PRAIA),como eu chego do jardim nova republica em cubatao para santos?
ITANHAEM (TERMINAL RODOVIARIO DE ITANHAEM),SANTOS (TERMINAL RODOVIARIO DE SANTOS),como eu faco pra ir do itanhaem para o terminal rodoviario de santos?
ITANHAEM (TERMINAL RODOVIARIO DE ITANHAEM),SANTOS (TERMINAL RODOVIARIO DE SANTOS),como eu faco para ir do itanhaem ate o terminal rodoviario de santos?
ITANHAEM (TERMINAL RODOVIARIO DE ITANHAEM),SANTOS (TERMINAL RODOVIARIO DE SANTOS),como eu vou do itanhaem para o terminal rodoviario de santos?
SAO VICENTE (NAUTICA III),SANTOS (CENTRO),como eu vou do sao vicente (nautica iii) para santos?
SAO VICENTE (NAUTICA III),SANTOS (CENTRO),como eu faco pra ir do sao vicente da nautica iii para santos?
SAO VICENTE (NAUTICA III),SANTOS (CENTRO),como eu chego de sao vicente (nautica iii) para santos?
PRAIA GRANDE (JARDIM SAMAMBAIA),SANTOS (PONTA DA PRAIA),to na praia grande e quero saber como ir para santos.
PRAIA GRANDE (JARDIM SAMAMBAIA),SANTOS (PONTA DA PRAIA),como eu faco pra ir do praia grande ate os santos?
PRAIA GRANDE (JARDIM SAMAMBAIA),SANTOS (PONTA DA PRAIA),como eu vou do praia grande para santos?
SAO VICENTE (HUMAITA),PRAIA GRANDE (TERMINAL RODOVIARIO E URBANO TUDE BASTOS),como eu chego da sao vicente ate a praia grande no terminal rodoviario e urbano de tupia?
SAO VICENTE (HUMAITA),PRAIA GRANDE (TERMINAL RODOVIARIO E URBANO TUDE BASTOS),como eu vou da sao vicente ate a praia grande?
SAO VICENTE (HUMAITA),PRAIA GRANDE (TERMINAL RODOVIARIO E URBANO TUDE BASTOS),como eu chego da sao vicente pra praia grande?
BERTIOGA (RIVIERA DE SAO LOURENCO),GUARUJA (TERMINAL FERRY BOAT),como eu vou de bertioga para o guaruja de ferry boat?
BERTIOGA (RIVIERA DE SAO LOURENCO),GUARUJA (TERMINAL FERRY BOAT),como eu vou de bertioga para o guaruja?
BERTIOGA (RIVIERA DE SAO LOURENCO),GUARUJA (TERMINAL FERRY BOAT),como eu faco para ir do bertioga para o guaruja?
GUARUJA (FERRY BOAT),BERTIOGA (RIVIERA DE SAO LOURENCO),como eu vou do guaru para bertigo?
GUARUJA (FERRY BOAT),BERTIOGA (RIVIERA DE SAO LOURENCO),como eu faco pra ir do ferry boat guaruja pra bertoga?
GUARUJA (FERRY BOAT),BERTIOGA (RIVIERA DE SAO LOURENCO),como eu faco para ir do guaru para bertigo?
PRAIA GRANDE (JARDIM SAMAMBAIA),SANTOS (PAQUETA),como eu faco para ir do praia grande para santos?
PRAIA GRANDE (JARDIM SAMAMBAIA),SANTOS (PAQUETA),"como eu saio da praia grande e vou para os santos, pacotes?"
PRAIA GRANDE (JARDIM SAMAMBAIA),SANTOS (PAQUETA),como eu vou da praia grande para santos?
SAO VICENTE (PARQUE DAS BANDEIRAS GLEBA II),SANTOS (PAQUETA),como eu vou do parque das bandeiras gleba ii para santos?
SAO VICENTE (PARQUE DAS BANDEIRAS GLEBA II),SANTOS (PAQUETA),como eu vou do parque das bandeiras gleba ii para santos?
SAO VICENTE (PARQUE DAS BANDEIRAS GLEBA II),SANTOS (PAQUETA),como eu chego do parque das bandeiras gleba ii em santos?
SAO VICENTE (HUMAITA),SANTOS (PAQUETA),como eu vou de sao vicente para santos?
SAO VICENTE (HUMAITA),SANTOS (PAQUETA),como eu faco pra ir de sao vicente pra santos?
SAO VICENTE (HUMAITA),SANTOS (PAQUETA),como eu faco pra ir de sao vicente pra santos?
SAO VICENTE (PARQUE CONTINENTAL),SANTOS (PAQUETA),como eu chego do sao vicente ao santos?
SAO VICENTE (PARQUE CONTINENTAL),SANTOS (PAQUETA),to no parque continental e quero saber como ir de sao vicente para santos.
SAO VICENTE (PARQUE CONTINENTAL),SANTOS (PAQUETA),como eu faco para ir do sao vicente ate o santos?
SAO VICENTE (HUMAITA),SANTOS (PAQUETA),como eu vou de sao vicente pra santos?
SAO VICENTE (HUMAITA),SANTOS (PAQUETA),como eu faco para ir de sao vicente para santos?
SAO VICENTE (HUMAITA),SANTOS (PAQUETA),como eu faco pra ir do sao vicente pra santos?
PRAIA GRANDE (TERMINAL RODOVIARIO E URBANO TATICO FRANCISCO GOMES DA SILVA),SANTOS (PAQUETA),como eu vou de praia grande para santos?
PRAIA GRANDE (TERMINAL RODOVIARIO E URBANO TATICO FRANCISCO GOMES DA SILVA),SANTOS (PAQUETA),como eu faco para ir do terminal rodoviario e urbano tatonio para santos?
PRAIA GRANDE (TERMINAL RODOVIARIO E URBANO TATICO FRANCISCO GOMES DA SILVA),SANTOS (PAQUETA),como eu vou do terminal rodoviario e urbano tatico francisco gomes da silva para santos?
PRAIA GRANDE (TERMINAL RODOVIARIO E URBANO TATICO FRANCISCO GOMES DA SILVA),SANTOS (PAQUETA),como eu vou do terminal rodoviario e urbano tatonico francisco gomes da silva para santos?
PRAIA GRANDE (TERMINAL RODOVIARIO E URBANO TATICO FRANCISCO GOMES DA SILVA),SANTOS (PAQUETA),como eu faco pra ir de praia grande ate santos?
PRAIA GRANDE (TERMINAL RODOVIARIO E URBANO TATICO FRANCISCO GOMES DA SILVA),SANTOS (PAQUETA),como eu faco para ir do terminal rodoviario e urbano tatonio para santos?
CUBATAO (COTA 200),SANTOS (PONTA DA PRAIA),como eu faco para ir de cubatao (cota 200) para santos?
CUBATAO (COTA 200),SANTOS (PONTA DA PRAIA),to em cubatao (cota 200) e quero saber como ir pra santos.
CUBATAO (COTA 200),SANTOS (PONTA DA PRAIA),to em cubatao (cota 200) e quero saber como ir pra santos.
PRAIA GRANDE (TERM ROD. URB. TATICO FRANCISCO GOMES DA SILVA),SAO VICENTE (SAMARITA),como eu chego da praia grande ate o sao vicente?
PRAIA GRANDE (TERM ROD. URB. TATICO FRANCISCO GOMES DA SILVA),SAO VICENTE (SAMARITA),como eu vou da praia grande para o sao vicente?
PRAIA GRANDE (TERM ROD. URB. TATICO FRANCISCO GOMES DA SILVA),SAO VICENTE (SAMARITA),como eu faco pra ir da praia grande ate o sao vicente?
CUBATAO (VILA ESPERANCA),SAO VICENTE (ITARARE),como eu vou de cubatao (vila esperanca) para sao vicente (itarare)?
CUBATAO (VILA ESPERANCA),SAO VICENTE (ITARARE),como eu chego do cubatao (vila esperanca) ate o sao vicente (itarare)?
CUBATAO (VILA ESPERANCA),SAO VICENTE (ITARARE),to em cubatao (vila esperanca) e quero saber como chegar em sao vicente.
SAO VICENTE (PARQUE CONTINENTAL),SANTOS (PAQUETA),como eu chego do parque continental de sao vicente ate o santos?
SAO VICENTE (PARQUE CONTINENTAL),SANTOS (PAQUETA),como eu chego do parque continental de sao vicente ate o santos?
SAO VICENTE (PARQUE CONTINENTAL),SANTOS (PAQUETA),como eu faco pra ir do parque continental em sao vicente pra santos?
SAO VICENTE (HUMAITA),SANTOS (PONTA DA PRAIA),to em sao vicente e quero saber como ir para santos.
SAO VICENTE (HUMAITA),SANTOS (PONTA DA PRAIA),to em sao vicente e preciso ir para santos.
SAO VICENTE (HUMAITA),SANTOS (PONTA DA PRAIA),como eu faco pra ir de sao vicente pra santos?
PRAIA GRANDE (JARDIM MELVI),SANTOS (CONJUNTO ATHIE JORGE CURY),como eu vou do praia grande para os santos?
PRAIA GRANDE (JARDIM MELVI),SANTOS (CONJUNTO ATHIE JORGE CURY),como eu vou da praia grande para os santos?
PRAIA GRANDE (JARDIM MELVI),SANTOS (CONJUNTO ATHIE JORGE CURY),como eu chego do praia grande para os conjuntos de athie jorge cury?
SAO VICENTE (HUMAITA),SANTOS (PONTA DA PRAIA),como eu chego de sao vicente para santos?
SAO VICENTE (HUMAITA),SANTOS (PONTA DA PRAIA),como eu chego do sao vicente a santos?
SAO VICENTE (HUMAITA),SANTOS (PONTA DA PRAIA),como eu vou de sao vicente para santos?
SAO VICENTE (RIO BRANCO),SANTOS (PONTA DA PRAIA),to em sao vicente e quero saber como ir para santos.
SAO VICENTE (RIO BRANCO),SANTOS (PONTA DA PRAIA),como eu vou do sao vicente para o santos?
SAO VICENTE (RIO BRANCO),SANTOS (PONTA DA PRAIA),como eu faco para ir do sao vicente para o santos?
SAO VICENTE (PARQUE DAS BANDEIRAS GLEBA II),SANTOS (PONTA DA PRAIA),como eu vou do parque das bandeiras gleba ii para santos?
SAO VICENTE (PARQUE DAS BANDEIRAS GLEBA II),SANTOS (PONTA DA PRAIA),como eu vou do parque das bandeiras gleba ii para santos?
SAO VICENTE (PARQUE DAS BANDEIRAS GLEBA II),SANTOS (PONTA DA PRAIA),como eu vou do parque das bandeiras gleba ii para santos?
SANTOS (JARDIM RADIO CLUBE),SANTOS (BOQUEIRAO),como eu vou do jardim radio clube para santos?
SANTOS (JARDIM RADIO CLUBE),SANTOS (BOQUEIRAO),como eu vou do jardim radio clube para o boqueirao?
SANTOS (JARDIM RADIO CLUBE),SANTOS (BOQUEIRAO),como eu vou do jardim radio clube para o boqueirao?
SAO VICENTE (PARQUE DAS BANDEIRAS),CUBATAO (USIMINAS),como eu chego do parque das bandeiras em sao vicente ate cubatao?
SAO VICENTE (PARQUE DAS BANDEIRAS),CUBATAO (USIMINAS),como eu chego do parque das bandeiras em sao vicente ate cubatao?
SAO VICENTE (PARQUE DAS BANDEIRAS),CUBATAO (USIMINAS),como eu vou do parque das bandeiras para cubatao?
SAO VICENTE (HUMAITA),SANTOS (PONTA DA PRAIA),como eu vou de sao vicente para santos?
SAO VICENTE (HUMAITA),SANTOS (PONTA DA PRAIA),to em sao vicente e preciso ir para santos.
SAO VICENTE (HUMAITA),SANTOS (PONTA DA PRAIA),como eu vou de sao vicente para santos?
SAO VICENTE (RIO BRANCO),SANTOS (PONTA DA PRAIA),como eu faco para ir do sao vicente ate o santos?
SAO VICENTE (RIO BRANCO),SANTOS (PONTA DA PRAIA),como eu faco pra ir do sao vicente ate o santos?
SAO VICENTE (RIO BRANCO),SANTOS (PONTA DA PRAIA),como eu chego de sao vicente para santos?
SAO VICENTE (PARQUE DAS BANDEIRAS GLEBA II),SANTOS (PONTA DA PRAIA),como eu vou do parque das bandeiras gleba ii para santos?
SAO VICENTE (PARQUE DAS BANDEIRAS GLEBA II),SANTOS (PONTA DA PRAIA),como eu faco pra ir do parque das bandeiras gleba ii para santos?
SAO VICENTE (PARQUE DAS BANDEIRAS GLEBA II),SANTOS (PONTA DA PRAIA),como eu vou do parque das bandeiras gleba ii para santos?
GUARUJA (FERRY BOAT),SANTOS (CARUARA),como eu vou do ferryboat guaruja para santos?
GUARUJA (FERRY BOAT),SANTOS (CARUARA),como eu vou do ferry boat guaruja para santos?
GUARUJA (FERRY BOAT),SANTOS (CARUARA),como eu vou do ferry boat guaruja para santos?
GUARUJA (FERRY BOAT),SANTOS (CARUARA),como eu vou do ferry boat guaruja para santos?
GUARUJA (FERRY BOAT),SANTOS (CARUARA),como eu vou do ferry boat guaruja para santos?
GUARUJA (FERRY BOAT),SANTOS (CARUARA),como eu faco para ir do guaru para santos?
SAO VICENTE (PARQUE DAS BANDEIRAS GLEBA II),CUBATAO (CENTRO),como eu vou do parque das bandeiras gleba ii para cubatao?
SAO VICENTE (PARQUE DAS BANDEIRAS GLEBA II),CUBATAO (CENTRO),como eu faco pra ir do parque das bandeiras gleba ii para cuateiro?
SAO VICENTE (PARQUE DAS BANDEIRAS GLEBA II),CUBATAO (CENTRO),como eu chego do parque das bandeiras gleba ii em cubatao?
GUARUJA (CENTRO),SANTOS (MONTE CABRAO),como eu vou do guaruja ao santos?
GUARUJA (CENTRO),SANTOS (MONTE CABRAO),como eu faco pra ir do guaruja ao santos?
GUARUJA (CENTRO),SANTOS (MONTE CABRAO),como eu faco pra ir do guaruja ao santos?
SAO VICENTE (NAUTICA III),SANTOS (PONTA DA PRAIA),como eu faco para ir do sao vicente (nautica iii) para os santos (ponta da praia)?
SAO VICENTE (NAUTICA III),SANTOS (PONTA DA PRAIA),como eu chego de sao vicente (nautica iii) para santos?
SAO VICENTE (NAUTICA III),SANTOS (PONTA DA PRAIA),to em sao vicente e quero saber como ir pra santos.
SAO VICENTE (TERMINAL BARREIROS),SANTOS (TERMINAL PORTO),como eu faco para ir do terminal barreiros para o terminal porto em santos?
SAO VICENTE (TERMINAL BARREIROS),SANTOS (TERMINAL PORTO),como eu faco pra ir do terminal barreiros para o terminal porto?
SAO VICENTE (TERMINAL BARREIROS),SANTOS (TERMINAL PORTO),como eu vou do terminal barreiros para o terminal porto?
CUBATAO (RESIDENCIAL VALE VERDE),SANTOS (PAQUETA),como eu vou do cubatao (residencial vale verde) para os santos?
CUBATAO (RESIDENCIAL VALE VERDE),SANTOS (PAQUETA),como eu faco pra ir do cubatao (residencial vale verde) para santos?
CUBATAO (RESIDENCIAL VALE VERDE),SANTOS (PAQUETA),como eu chego do cubatao (residencial vale verde) para santos?
PERUIBE (TERMINAL RODOVIARIO DE PERUIBE),PRAIA GRANDE (TERMINAL RODOVIARIO E URBANO TATICO FRANCISCO GOMES DA SILVA),como eu faco pra ir do terminal rodoviario de perube para a praia grande?
PERUIBE (TERMINAL RODOVIARIO DE PERUIBE),PRAIA GRANDE (TERMINAL RODOVIARIO E URBANO TATICO FRANCISCO GOMES DA SILVA),como eu vou da peruibe pra praia grande?
PERUIBE (TERMINAL RODOVIARIO DE PERUIBE),PRAIA GRANDE (TERMINAL RODOVIARIO E URBANO TATICO FRANCISCO GOMES DA SILVA),como eu faco pra ir do terminal rodoviario de perubipe pra praia grande?
SANTOS (CARUARA),BERTIOGA (RIVIERA DE SAO LOURENCO),como eu chego de caruaru para bertigo?
SANTOS (CARUARA),BERTIOGA (RIVIERA DE SAO LOURENCO),como eu vou de caruaru para bertigo?
SANTOS (CARUARA),BERTIOGA (RIVIERA DE SAO LOURENCO),como eu chego de caruaru para bertigo?
